{
  "nodes": [
    {
      "index": 0,
      "id": "(0, 0, 0)",
      "x": 38.105,
      "y": 159.04
    },
    {
      "index": 1,
      "id": "(0, 0, 1)",
      "x": 128.39,
      "y": 134.48
    },
    {
      "index": 2,
      "id": "(0, 1, 0)",
      "x": 136.27,
      "y": 253.18
    },
    {
      "index": 3,
      "id": "(0, 1, 1)",
      "x": 230.6,
      "y": 192.66
    },
    {
      "index": 4,
      "id": "(1, 0, 0)",
      "x": 68.384,
      "y": 46.382
    },
    {
      "index": 5,
      "id": "(1, 0, 1)",
      "x": 163.02,
      "y": 118.0
    },
    {
      "index": 6,
      "id": "(1, 1, 0)",
      "x": 118.55,
      "y": 88.529
    },
    {
      "index": 7,
      "id": "(1, 1, 1)",
      "x": 162.77,
      "y": 87.25
    }
  ],
  "edges": [
    {
      "source": "(0, 0, 0)",
      "target": "(0, 1, 0)"
    },
    {
      "source": "(0, 0, 0)",
      "target": "(1, 0, 0)"
    },
    {
      "source": "(0, 0, 0)",
      "target": "(0, 0, 1)"
    },
    {
      "source": "(0, 0, 1)",
      "target": "(1, 0, 1)"
    },
    {
      "source": "(0, 0, 1)",
      "target": "(0, 1, 1)"
    },
    {
      "source": "(0, 1, 0)",
      "target": "(1, 1, 0)"
    },
    {
      "source": "(0, 1, 0)",
      "target": "(0, 1, 1)"
    },
    {
      "source": "(0, 1, 1)",
      "target": "(1, 1, 1)"
    },
    {
      "source": "(1, 0, 0)",
      "target": "(1, 1, 0)"
    },
    {
      "source": "(1, 0, 0)",
      "target": "(1, 0, 1)"
    },
    {
      "source": "(1, 0, 1)",
      "target": "(1, 1, 1)"
    },
    {
      "source": "(1, 1, 0)",
      "target": "(1, 1, 1)"
    }
  ],
  "weight": [
    [
      1.0,
      1.0,
      1.0,
      0.25,
      1.0,
      0.25,
      0.25,
      0.1111111119389534
    ],
    [
      1.0,
      1.0,
      0.25,
      1.0,
      0.25,
      1.0,
      0.1111111119389534,
      0.25
    ],
    [
      1.0,
      0.25,
      1.0,
      1.0,
      0.25,
      0.1111111119389534,
      1.0,
      0.25
    ],
    [
      0.25,
      1.0,
      1.0,
      1.0,
      0.1111111119389534,
      0.25,
      0.25,
      1.0
    ],
    [
      1.0,
      0.25,
      0.25,
      0.1111111119389534,
      1.0,
      1.0,
      1.0,
      0.25
    ],
    [
      0.25,
      1.0,
      0.1111111119389534,
      0.25,
      1.0,
      1.0,
      0.25,
      1.0
    ],
    [
      0.25,
      0.1111111119389534,
      1.0,
      0.25,
      1.0,
      0.25,
      1.0,
      1.0
    ],
    [
      0.1111111119389534,
      0.25,
      0.25,
      1.0,
      0.25,
      1.0,
      1.0,
      1.0
    ]
  ],
  "graphDistance": [
    [
      0.0,
      1.0,
      1.0,
      2.0,
      1.0,
      2.0,
      2.0,
      3.0
    ],
    [
      1.0,
      0.0,
      2.0,
      1.0,
      2.0,
      1.0,
      3.0,
      2.0
    ],
    [
      1.0,
      2.0,
      0.0,
      1.0,
      2.0,
      3.0,
      1.0,
      2.0
    ],
    [
      2.0,
      1.0,
      1.0,
      0.0,
      3.0,
      2.0,
      2.0,
      1.0
    ],
    [
      1.0,
      2.0,
      2.0,
      3.0,
      0.0,
      1.0,
      1.0,
      2.0
    ],
    [
      2.0,
      1.0,
      3.0,
      2.0,
      1.0,
      0.0,
      2.0,
      1.0
    ],
    [
      2.0,
      3.0,
      1.0,
      2.0,
      1.0,
      2.0,
      0.0,
      1.0
    ],
    [
      3.0,
      2.0,
      2.0,
      1.0,
      2.0,
      1.0,
      1.0,
      0.0
    ]
  ]
}