{
  "nodes": [
    {
      "index": 0,
      "id": 0,
      "x": 0.04176490753889084,
      "y": 0.4141548275947571
    },
    {
      "index": 1,
      "id": 1,
      "x": 0.7880344986915588,
      "y": 0.5740534663200378
    },
    {
      "index": 2,
      "id": 2,
      "x": 0.30488601326942444,
      "y": 1.0
    },
    {
      "index": 3,
      "id": 3,
      "x": 0.0,
      "y": 0.4659687280654907
    },
    {
      "index": 4,
      "id": 4,
      "x": 0.4943111836910248,
      "y": 0.2885161340236664
    },
    {
      "index": 5,
      "id": 5,
      "x": 0.09800983965396881,
      "y": 0.9163060784339905
    },
    {
      "index": 6,
      "id": 6,
      "x": 0.7167013883590698,
      "y": 0.33521080017089844
    },
    {
      "index": 7,
      "id": 7,
      "x": 0.21184490621089935,
      "y": 0.5833889245986938
    },
    {
      "index": 8,
      "id": 8,
      "x": 0.6647003293037415,
      "y": 0.5064111948013306
    },
    {
      "index": 9,
      "id": 9,
      "x": 0.5902856588363647,
      "y": 0.0
    }
  ],
  "edges": [
    {
      "source": 0,
      "target": 8
    },
    {
      "source": 0,
      "target": 9
    },
    {
      "source": 0,
      "target": 5
    },
    {
      "source": 0,
      "target": 6
    },
    {
      "source": 0,
      "target": 7
    },
    {
      "source": 1,
      "target": 8
    },
    {
      "source": 1,
      "target": 9
    },
    {
      "source": 1,
      "target": 5
    },
    {
      "source": 1,
      "target": 6
    },
    {
      "source": 1,
      "target": 7
    },
    {
      "source": 2,
      "target": 8
    },
    {
      "source": 2,
      "target": 9
    },
    {
      "source": 2,
      "target": 5
    },
    {
      "source": 2,
      "target": 6
    },
    {
      "source": 2,
      "target": 7
    },
    {
      "source": 3,
      "target": 8
    },
    {
      "source": 3,
      "target": 9
    },
    {
      "source": 3,
      "target": 5
    },
    {
      "source": 3,
      "target": 6
    },
    {
      "source": 3,
      "target": 7
    },
    {
      "source": 4,
      "target": 8
    },
    {
      "source": 4,
      "target": 9
    },
    {
      "source": 4,
      "target": 5
    },
    {
      "source": 4,
      "target": 6
    },
    {
      "source": 4,
      "target": 7
    }
  ],
  "weight": [
    [
      1.0,
      0.25,
      0.25,
      0.25,
      0.25,
      1.0,
      1.0,
      1.0,
      1.0,
      1.0
    ],
    [
      0.25,
      1.0,
      0.25,
      0.25,
      0.25,
      1.0,
      1.0,
      1.0,
      1.0,
      1.0
    ],
    [
      0.25,
      0.25,
      1.0,
      0.25,
      0.25,
      1.0,
      1.0,
      1.0,
      1.0,
      1.0
    ],
    [
      0.25,
      0.25,
      0.25,
      1.0,
      0.25,
      1.0,
      1.0,
      1.0,
      1.0,
      1.0
    ],
    [
      0.25,
      0.25,
      0.25,
      0.25,
      1.0,
      1.0,
      1.0,
      1.0,
      1.0,
      1.0
    ],
    [
      1.0,
      1.0,
      1.0,
      1.0,
      1.0,
      1.0,
      0.25,
      0.25,
      0.25,
      0.25
    ],
    [
      1.0,
      1.0,
      1.0,
      1.0,
      1.0,
      0.25,
      1.0,
      0.25,
      0.25,
      0.25
    ],
    [
      1.0,
      1.0,
      1.0,
      1.0,
      1.0,
      0.25,
      0.25,
      1.0,
      0.25,
      0.25
    ],
    [
      1.0,
      1.0,
      1.0,
      1.0,
      1.0,
      0.25,
      0.25,
      0.25,
      1.0,
      0.25
    ],
    [
      1.0,
      1.0,
      1.0,
      1.0,
      1.0,
      0.25,
      0.25,
      0.25,
      0.25,
      1.0
    ]
  ],
  "graphDistance": [
    [
      0.0,
      2.0,
      2.0,
      2.0,
      2.0,
      1.0,
      1.0,
      1.0,
      1.0,
      1.0
    ],
    [
      2.0,
      0.0,
      2.0,
      2.0,
      2.0,
      1.0,
      1.0,
      1.0,
      1.0,
      1.0
    ],
    [
      2.0,
      2.0,
      0.0,
      2.0,
      2.0,
      1.0,
      1.0,
      1.0,
      1.0,
      1.0
    ],
    [
      2.0,
      2.0,
      2.0,
      0.0,
      2.0,
      1.0,
      1.0,
      1.0,
      1.0,
      1.0
    ],
    [
      2.0,
      2.0,
      2.0,
      2.0,
      0.0,
      1.0,
      1.0,
      1.0,
      1.0,
      1.0
    ],
    [
      1.0,
      1.0,
      1.0,
      1.0,
      1.0,
      0.0,
      2.0,
      2.0,
      2.0,
      2.0
    ],
    [
      1.0,
      1.0,
      1.0,
      1.0,
      1.0,
      2.0,
      0.0,
      2.0,
      2.0,
      2.0
    ],
    [
      1.0,
      1.0,
      1.0,
      1.0,
      1.0,
      2.0,
      2.0,
      0.0,
      2.0,
      2.0
    ],
    [
      1.0,
      1.0,
      1.0,
      1.0,
      1.0,
      2.0,
      2.0,
      2.0,
      0.0,
      2.0
    ],
    [
      1.0,
      1.0,
      1.0,
      1.0,
      1.0,
      2.0,
      2.0,
      2.0,
      2.0,
      0.0
    ]
  ],
  "initPosition_neato": [
    [
      89.002,
      -72.031
    ],
    [
      -43.139,
      76.886
    ],
    [
      -101.9,
      60.633
    ],
    [
      10.068,
      -70.917
    ],
    [
      78.072,
      -0.36385
    ],
    [
      -95.106,
      -19.056
    ],
    [
      -77.409,
      -80.652
    ],
    [
      91.255,
      72.614
    ],
    [
      20.336,
      69.305
    ],
    [
      -15.049,
      -0.81244
    ]
  ],
  "initPosition_sfdp": [
    [
      137.01,
      136.42
    ],
    [
      111.37,
      226.0
    ],
    [
      173.37,
      254.79
    ],
    [
      111.02,
      46.997
    ],
    [
      173.13,
      18.0
    ],
    [
      272.35,
      136.38
    ],
    [
      229.85,
      81.299
    ],
    [
      27.0,
      97.821
    ],
    [
      229.87,
      191.49
    ],
    [
      27.461,
      175.53
    ]
  ],
  "initPosition_tsne": [
    [
      0.04176490753889084,
      0.4141548275947571
    ],
    [
      0.7880344986915588,
      0.5740534663200378
    ],
    [
      0.30488601326942444,
      1.0
    ],
    [
      0.0,
      0.4659687280654907
    ],
    [
      0.4943111836910248,
      0.2885161340236664
    ],
    [
      0.09800983965396881,
      0.9163060784339905
    ],
    [
      0.7167013883590698,
      0.33521080017089844
    ],
    [
      0.21184490621089935,
      0.5833889245986938
    ],
    [
      0.6647003293037415,
      0.5064111948013306
    ],
    [
      0.5902856588363647,
      0.0
    ]
  ]
}