{
  "nodes": [
    {
      "index": 0,
      "id": 0,
      "x": 0.7955437898635864,
      "y": 0.4903236925601959
    },
    {
      "index": 1,
      "id": 1,
      "x": 0.1709495484828949,
      "y": 0.3564945161342621
    },
    {
      "index": 2,
      "id": 2,
      "x": 0.5753242373466492,
      "y": 0.0
    },
    {
      "index": 3,
      "id": 3,
      "x": 0.8304987549781799,
      "y": 0.44695785641670227
    },
    {
      "index": 4,
      "id": 4,
      "x": 0.41678425669670105,
      "y": 0.5954770445823669
    },
    {
      "index": 5,
      "id": 5,
      "x": 0.7484680414199829,
      "y": 0.07004661858081818
    },
    {
      "index": 6,
      "id": 6,
      "x": 0.23065343499183655,
      "y": 0.5563957095146179
    },
    {
      "index": 7,
      "id": 7,
      "x": 0.6531942486763,
      "y": 0.3486819565296173
    },
    {
      "index": 8,
      "id": 8,
      "x": 0.27417561411857605,
      "y": 0.413108766078949
    },
    {
      "index": 9,
      "id": 9,
      "x": 0.3364580273628235,
      "y": 0.8369513750076294
    },
    {
      "index": 10,
      "id": 10,
      "x": 0.004842702299356461,
      "y": 1.0
    },
    {
      "index": 11,
      "id": 11,
      "x": 0.5858226418495178,
      "y": 0.8136450052261353
    },
    {
      "index": 12,
      "id": 12,
      "x": 0.5856097936630249,
      "y": 0.46943971514701843
    },
    {
      "index": 13,
      "id": 13,
      "x": 0.28854990005493164,
      "y": 0.3963049352169037
    },
    {
      "index": 14,
      "id": 14,
      "x": 0.24647608399391174,
      "y": 0.8217291831970215
    },
    {
      "index": 15,
      "id": 15,
      "x": 0.12351016700267792,
      "y": 0.5527109503746033
    },
    {
      "index": 16,
      "id": 16,
      "x": 0.12481265515089035,
      "y": 0.42258381843566895
    },
    {
      "index": 17,
      "id": 17,
      "x": 0.12943442165851593,
      "y": 0.664161741733551
    },
    {
      "index": 18,
      "id": 18,
      "x": 0.0,
      "y": 0.735856831073761
    },
    {
      "index": 19,
      "id": 19,
      "x": 0.8058327436447144,
      "y": 0.8831548094749451
    }
  ],
  "edges": [
    {
      "source": 0,
      "target": 1
    },
    {
      "source": 0,
      "target": 2
    },
    {
      "source": 0,
      "target": 3
    },
    {
      "source": 0,
      "target": 4
    },
    {
      "source": 0,
      "target": 5
    },
    {
      "source": 0,
      "target": 6
    },
    {
      "source": 0,
      "target": 7
    },
    {
      "source": 0,
      "target": 8
    },
    {
      "source": 0,
      "target": 9
    },
    {
      "source": 0,
      "target": 10
    },
    {
      "source": 0,
      "target": 11
    },
    {
      "source": 0,
      "target": 12
    },
    {
      "source": 0,
      "target": 13
    },
    {
      "source": 0,
      "target": 14
    },
    {
      "source": 0,
      "target": 15
    },
    {
      "source": 0,
      "target": 16
    },
    {
      "source": 0,
      "target": 17
    },
    {
      "source": 0,
      "target": 18
    },
    {
      "source": 0,
      "target": 19
    },
    {
      "source": 1,
      "target": 2
    },
    {
      "source": 1,
      "target": 3
    },
    {
      "source": 1,
      "target": 4
    },
    {
      "source": 1,
      "target": 5
    },
    {
      "source": 1,
      "target": 6
    },
    {
      "source": 1,
      "target": 7
    },
    {
      "source": 1,
      "target": 8
    },
    {
      "source": 1,
      "target": 9
    },
    {
      "source": 1,
      "target": 10
    },
    {
      "source": 1,
      "target": 11
    },
    {
      "source": 1,
      "target": 12
    },
    {
      "source": 1,
      "target": 13
    },
    {
      "source": 1,
      "target": 14
    },
    {
      "source": 1,
      "target": 15
    },
    {
      "source": 1,
      "target": 16
    },
    {
      "source": 1,
      "target": 17
    },
    {
      "source": 1,
      "target": 18
    },
    {
      "source": 1,
      "target": 19
    },
    {
      "source": 2,
      "target": 3
    },
    {
      "source": 2,
      "target": 4
    },
    {
      "source": 2,
      "target": 5
    },
    {
      "source": 2,
      "target": 6
    },
    {
      "source": 2,
      "target": 7
    },
    {
      "source": 2,
      "target": 8
    },
    {
      "source": 2,
      "target": 9
    },
    {
      "source": 2,
      "target": 10
    },
    {
      "source": 2,
      "target": 11
    },
    {
      "source": 2,
      "target": 12
    },
    {
      "source": 2,
      "target": 13
    },
    {
      "source": 2,
      "target": 14
    },
    {
      "source": 2,
      "target": 15
    },
    {
      "source": 2,
      "target": 16
    },
    {
      "source": 2,
      "target": 17
    },
    {
      "source": 2,
      "target": 18
    },
    {
      "source": 2,
      "target": 19
    },
    {
      "source": 3,
      "target": 4
    },
    {
      "source": 3,
      "target": 5
    },
    {
      "source": 3,
      "target": 6
    },
    {
      "source": 3,
      "target": 7
    },
    {
      "source": 3,
      "target": 8
    },
    {
      "source": 3,
      "target": 9
    },
    {
      "source": 3,
      "target": 10
    },
    {
      "source": 3,
      "target": 11
    },
    {
      "source": 3,
      "target": 12
    },
    {
      "source": 3,
      "target": 13
    },
    {
      "source": 3,
      "target": 14
    },
    {
      "source": 3,
      "target": 15
    },
    {
      "source": 3,
      "target": 16
    },
    {
      "source": 3,
      "target": 17
    },
    {
      "source": 3,
      "target": 18
    },
    {
      "source": 3,
      "target": 19
    },
    {
      "source": 4,
      "target": 5
    },
    {
      "source": 4,
      "target": 6
    },
    {
      "source": 4,
      "target": 7
    },
    {
      "source": 4,
      "target": 8
    },
    {
      "source": 4,
      "target": 9
    },
    {
      "source": 4,
      "target": 10
    },
    {
      "source": 4,
      "target": 11
    },
    {
      "source": 4,
      "target": 12
    },
    {
      "source": 4,
      "target": 13
    },
    {
      "source": 4,
      "target": 14
    },
    {
      "source": 4,
      "target": 15
    },
    {
      "source": 4,
      "target": 16
    },
    {
      "source": 4,
      "target": 17
    },
    {
      "source": 4,
      "target": 18
    },
    {
      "source": 4,
      "target": 19
    },
    {
      "source": 5,
      "target": 6
    },
    {
      "source": 5,
      "target": 7
    },
    {
      "source": 5,
      "target": 8
    },
    {
      "source": 5,
      "target": 9
    },
    {
      "source": 5,
      "target": 10
    },
    {
      "source": 5,
      "target": 11
    },
    {
      "source": 5,
      "target": 12
    },
    {
      "source": 5,
      "target": 13
    },
    {
      "source": 5,
      "target": 14
    },
    {
      "source": 5,
      "target": 15
    },
    {
      "source": 5,
      "target": 16
    },
    {
      "source": 5,
      "target": 17
    },
    {
      "source": 5,
      "target": 18
    },
    {
      "source": 5,
      "target": 19
    },
    {
      "source": 6,
      "target": 7
    },
    {
      "source": 6,
      "target": 8
    },
    {
      "source": 6,
      "target": 9
    },
    {
      "source": 6,
      "target": 10
    },
    {
      "source": 6,
      "target": 11
    },
    {
      "source": 6,
      "target": 12
    },
    {
      "source": 6,
      "target": 13
    },
    {
      "source": 6,
      "target": 14
    },
    {
      "source": 6,
      "target": 15
    },
    {
      "source": 6,
      "target": 16
    },
    {
      "source": 6,
      "target": 17
    },
    {
      "source": 6,
      "target": 18
    },
    {
      "source": 6,
      "target": 19
    },
    {
      "source": 7,
      "target": 8
    },
    {
      "source": 7,
      "target": 9
    },
    {
      "source": 7,
      "target": 10
    },
    {
      "source": 7,
      "target": 11
    },
    {
      "source": 7,
      "target": 12
    },
    {
      "source": 7,
      "target": 13
    },
    {
      "source": 7,
      "target": 14
    },
    {
      "source": 7,
      "target": 15
    },
    {
      "source": 7,
      "target": 16
    },
    {
      "source": 7,
      "target": 17
    },
    {
      "source": 7,
      "target": 18
    },
    {
      "source": 7,
      "target": 19
    },
    {
      "source": 8,
      "target": 9
    },
    {
      "source": 8,
      "target": 10
    },
    {
      "source": 8,
      "target": 11
    },
    {
      "source": 8,
      "target": 12
    },
    {
      "source": 8,
      "target": 13
    },
    {
      "source": 8,
      "target": 14
    },
    {
      "source": 8,
      "target": 15
    },
    {
      "source": 8,
      "target": 16
    },
    {
      "source": 8,
      "target": 17
    },
    {
      "source": 8,
      "target": 18
    },
    {
      "source": 8,
      "target": 19
    },
    {
      "source": 9,
      "target": 10
    },
    {
      "source": 9,
      "target": 11
    },
    {
      "source": 9,
      "target": 12
    },
    {
      "source": 9,
      "target": 13
    },
    {
      "source": 9,
      "target": 14
    },
    {
      "source": 9,
      "target": 15
    },
    {
      "source": 9,
      "target": 16
    },
    {
      "source": 9,
      "target": 17
    },
    {
      "source": 9,
      "target": 18
    },
    {
      "source": 9,
      "target": 19
    },
    {
      "source": 10,
      "target": 11
    },
    {
      "source": 10,
      "target": 12
    },
    {
      "source": 10,
      "target": 13
    },
    {
      "source": 10,
      "target": 14
    },
    {
      "source": 10,
      "target": 15
    },
    {
      "source": 10,
      "target": 16
    },
    {
      "source": 10,
      "target": 17
    },
    {
      "source": 10,
      "target": 18
    },
    {
      "source": 10,
      "target": 19
    },
    {
      "source": 11,
      "target": 12
    },
    {
      "source": 11,
      "target": 13
    },
    {
      "source": 11,
      "target": 14
    },
    {
      "source": 11,
      "target": 15
    },
    {
      "source": 11,
      "target": 16
    },
    {
      "source": 11,
      "target": 17
    },
    {
      "source": 11,
      "target": 18
    },
    {
      "source": 11,
      "target": 19
    },
    {
      "source": 12,
      "target": 13
    },
    {
      "source": 12,
      "target": 14
    },
    {
      "source": 12,
      "target": 15
    },
    {
      "source": 12,
      "target": 16
    },
    {
      "source": 12,
      "target": 17
    },
    {
      "source": 12,
      "target": 18
    },
    {
      "source": 12,
      "target": 19
    },
    {
      "source": 13,
      "target": 14
    },
    {
      "source": 13,
      "target": 15
    },
    {
      "source": 13,
      "target": 16
    },
    {
      "source": 13,
      "target": 17
    },
    {
      "source": 13,
      "target": 18
    },
    {
      "source": 13,
      "target": 19
    },
    {
      "source": 14,
      "target": 15
    },
    {
      "source": 14,
      "target": 16
    },
    {
      "source": 14,
      "target": 17
    },
    {
      "source": 14,
      "target": 18
    },
    {
      "source": 14,
      "target": 19
    },
    {
      "source": 15,
      "target": 16
    },
    {
      "source": 15,
      "target": 17
    },
    {
      "source": 15,
      "target": 18
    },
    {
      "source": 15,
      "target": 19
    },
    {
      "source": 16,
      "target": 17
    },
    {
      "source": 16,
      "target": 18
    },
    {
      "source": 16,
      "target": 19
    },
    {
      "source": 17,
      "target": 18
    },
    {
      "source": 17,
      "target": 19
    },
    {
      "source": 18,
      "target": 19
    }
  ],
  "weight": [
    [
      1.0,
      1.0,
      1.0,
      1.0,
      1.0,
      1.0,
      1.0,
      1.0,
      1.0,
      1.0,
      1.0,
      1.0,
      1.0,
      1.0,
      1.0,
      1.0,
      1.0,
      1.0,
      1.0,
      1.0
    ],
    [
      1.0,
      1.0,
      1.0,
      1.0,
      1.0,
      1.0,
      1.0,
      1.0,
      1.0,
      1.0,
      1.0,
      1.0,
      1.0,
      1.0,
      1.0,
      1.0,
      1.0,
      1.0,
      1.0,
      1.0
    ],
    [
      1.0,
      1.0,
      1.0,
      1.0,
      1.0,
      1.0,
      1.0,
      1.0,
      1.0,
      1.0,
      1.0,
      1.0,
      1.0,
      1.0,
      1.0,
      1.0,
      1.0,
      1.0,
      1.0,
      1.0
    ],
    [
      1.0,
      1.0,
      1.0,
      1.0,
      1.0,
      1.0,
      1.0,
      1.0,
      1.0,
      1.0,
      1.0,
      1.0,
      1.0,
      1.0,
      1.0,
      1.0,
      1.0,
      1.0,
      1.0,
      1.0
    ],
    [
      1.0,
      1.0,
      1.0,
      1.0,
      1.0,
      1.0,
      1.0,
      1.0,
      1.0,
      1.0,
      1.0,
      1.0,
      1.0,
      1.0,
      1.0,
      1.0,
      1.0,
      1.0,
      1.0,
      1.0
    ],
    [
      1.0,
      1.0,
      1.0,
      1.0,
      1.0,
      1.0,
      1.0,
      1.0,
      1.0,
      1.0,
      1.0,
      1.0,
      1.0,
      1.0,
      1.0,
      1.0,
      1.0,
      1.0,
      1.0,
      1.0
    ],
    [
      1.0,
      1.0,
      1.0,
      1.0,
      1.0,
      1.0,
      1.0,
      1.0,
      1.0,
      1.0,
      1.0,
      1.0,
      1.0,
      1.0,
      1.0,
      1.0,
      1.0,
      1.0,
      1.0,
      1.0
    ],
    [
      1.0,
      1.0,
      1.0,
      1.0,
      1.0,
      1.0,
      1.0,
      1.0,
      1.0,
      1.0,
      1.0,
      1.0,
      1.0,
      1.0,
      1.0,
      1.0,
      1.0,
      1.0,
      1.0,
      1.0
    ],
    [
      1.0,
      1.0,
      1.0,
      1.0,
      1.0,
      1.0,
      1.0,
      1.0,
      1.0,
      1.0,
      1.0,
      1.0,
      1.0,
      1.0,
      1.0,
      1.0,
      1.0,
      1.0,
      1.0,
      1.0
    ],
    [
      1.0,
      1.0,
      1.0,
      1.0,
      1.0,
      1.0,
      1.0,
      1.0,
      1.0,
      1.0,
      1.0,
      1.0,
      1.0,
      1.0,
      1.0,
      1.0,
      1.0,
      1.0,
      1.0,
      1.0
    ],
    [
      1.0,
      1.0,
      1.0,
      1.0,
      1.0,
      1.0,
      1.0,
      1.0,
      1.0,
      1.0,
      1.0,
      1.0,
      1.0,
      1.0,
      1.0,
      1.0,
      1.0,
      1.0,
      1.0,
      1.0
    ],
    [
      1.0,
      1.0,
      1.0,
      1.0,
      1.0,
      1.0,
      1.0,
      1.0,
      1.0,
      1.0,
      1.0,
      1.0,
      1.0,
      1.0,
      1.0,
      1.0,
      1.0,
      1.0,
      1.0,
      1.0
    ],
    [
      1.0,
      1.0,
      1.0,
      1.0,
      1.0,
      1.0,
      1.0,
      1.0,
      1.0,
      1.0,
      1.0,
      1.0,
      1.0,
      1.0,
      1.0,
      1.0,
      1.0,
      1.0,
      1.0,
      1.0
    ],
    [
      1.0,
      1.0,
      1.0,
      1.0,
      1.0,
      1.0,
      1.0,
      1.0,
      1.0,
      1.0,
      1.0,
      1.0,
      1.0,
      1.0,
      1.0,
      1.0,
      1.0,
      1.0,
      1.0,
      1.0
    ],
    [
      1.0,
      1.0,
      1.0,
      1.0,
      1.0,
      1.0,
      1.0,
      1.0,
      1.0,
      1.0,
      1.0,
      1.0,
      1.0,
      1.0,
      1.0,
      1.0,
      1.0,
      1.0,
      1.0,
      1.0
    ],
    [
      1.0,
      1.0,
      1.0,
      1.0,
      1.0,
      1.0,
      1.0,
      1.0,
      1.0,
      1.0,
      1.0,
      1.0,
      1.0,
      1.0,
      1.0,
      1.0,
      1.0,
      1.0,
      1.0,
      1.0
    ],
    [
      1.0,
      1.0,
      1.0,
      1.0,
      1.0,
      1.0,
      1.0,
      1.0,
      1.0,
      1.0,
      1.0,
      1.0,
      1.0,
      1.0,
      1.0,
      1.0,
      1.0,
      1.0,
      1.0,
      1.0
    ],
    [
      1.0,
      1.0,
      1.0,
      1.0,
      1.0,
      1.0,
      1.0,
      1.0,
      1.0,
      1.0,
      1.0,
      1.0,
      1.0,
      1.0,
      1.0,
      1.0,
      1.0,
      1.0,
      1.0,
      1.0
    ],
    [
      1.0,
      1.0,
      1.0,
      1.0,
      1.0,
      1.0,
      1.0,
      1.0,
      1.0,
      1.0,
      1.0,
      1.0,
      1.0,
      1.0,
      1.0,
      1.0,
      1.0,
      1.0,
      1.0,
      1.0
    ],
    [
      1.0,
      1.0,
      1.0,
      1.0,
      1.0,
      1.0,
      1.0,
      1.0,
      1.0,
      1.0,
      1.0,
      1.0,
      1.0,
      1.0,
      1.0,
      1.0,
      1.0,
      1.0,
      1.0,
      1.0
    ]
  ],
  "graphDistance": [
    [
      0.0,
      1.0,
      1.0,
      1.0,
      1.0,
      1.0,
      1.0,
      1.0,
      1.0,
      1.0,
      1.0,
      1.0,
      1.0,
      1.0,
      1.0,
      1.0,
      1.0,
      1.0,
      1.0,
      1.0
    ],
    [
      1.0,
      0.0,
      1.0,
      1.0,
      1.0,
      1.0,
      1.0,
      1.0,
      1.0,
      1.0,
      1.0,
      1.0,
      1.0,
      1.0,
      1.0,
      1.0,
      1.0,
      1.0,
      1.0,
      1.0
    ],
    [
      1.0,
      1.0,
      0.0,
      1.0,
      1.0,
      1.0,
      1.0,
      1.0,
      1.0,
      1.0,
      1.0,
      1.0,
      1.0,
      1.0,
      1.0,
      1.0,
      1.0,
      1.0,
      1.0,
      1.0
    ],
    [
      1.0,
      1.0,
      1.0,
      0.0,
      1.0,
      1.0,
      1.0,
      1.0,
      1.0,
      1.0,
      1.0,
      1.0,
      1.0,
      1.0,
      1.0,
      1.0,
      1.0,
      1.0,
      1.0,
      1.0
    ],
    [
      1.0,
      1.0,
      1.0,
      1.0,
      0.0,
      1.0,
      1.0,
      1.0,
      1.0,
      1.0,
      1.0,
      1.0,
      1.0,
      1.0,
      1.0,
      1.0,
      1.0,
      1.0,
      1.0,
      1.0
    ],
    [
      1.0,
      1.0,
      1.0,
      1.0,
      1.0,
      0.0,
      1.0,
      1.0,
      1.0,
      1.0,
      1.0,
      1.0,
      1.0,
      1.0,
      1.0,
      1.0,
      1.0,
      1.0,
      1.0,
      1.0
    ],
    [
      1.0,
      1.0,
      1.0,
      1.0,
      1.0,
      1.0,
      0.0,
      1.0,
      1.0,
      1.0,
      1.0,
      1.0,
      1.0,
      1.0,
      1.0,
      1.0,
      1.0,
      1.0,
      1.0,
      1.0
    ],
    [
      1.0,
      1.0,
      1.0,
      1.0,
      1.0,
      1.0,
      1.0,
      0.0,
      1.0,
      1.0,
      1.0,
      1.0,
      1.0,
      1.0,
      1.0,
      1.0,
      1.0,
      1.0,
      1.0,
      1.0
    ],
    [
      1.0,
      1.0,
      1.0,
      1.0,
      1.0,
      1.0,
      1.0,
      1.0,
      0.0,
      1.0,
      1.0,
      1.0,
      1.0,
      1.0,
      1.0,
      1.0,
      1.0,
      1.0,
      1.0,
      1.0
    ],
    [
      1.0,
      1.0,
      1.0,
      1.0,
      1.0,
      1.0,
      1.0,
      1.0,
      1.0,
      0.0,
      1.0,
      1.0,
      1.0,
      1.0,
      1.0,
      1.0,
      1.0,
      1.0,
      1.0,
      1.0
    ],
    [
      1.0,
      1.0,
      1.0,
      1.0,
      1.0,
      1.0,
      1.0,
      1.0,
      1.0,
      1.0,
      0.0,
      1.0,
      1.0,
      1.0,
      1.0,
      1.0,
      1.0,
      1.0,
      1.0,
      1.0
    ],
    [
      1.0,
      1.0,
      1.0,
      1.0,
      1.0,
      1.0,
      1.0,
      1.0,
      1.0,
      1.0,
      1.0,
      0.0,
      1.0,
      1.0,
      1.0,
      1.0,
      1.0,
      1.0,
      1.0,
      1.0
    ],
    [
      1.0,
      1.0,
      1.0,
      1.0,
      1.0,
      1.0,
      1.0,
      1.0,
      1.0,
      1.0,
      1.0,
      1.0,
      0.0,
      1.0,
      1.0,
      1.0,
      1.0,
      1.0,
      1.0,
      1.0
    ],
    [
      1.0,
      1.0,
      1.0,
      1.0,
      1.0,
      1.0,
      1.0,
      1.0,
      1.0,
      1.0,
      1.0,
      1.0,
      1.0,
      0.0,
      1.0,
      1.0,
      1.0,
      1.0,
      1.0,
      1.0
    ],
    [
      1.0,
      1.0,
      1.0,
      1.0,
      1.0,
      1.0,
      1.0,
      1.0,
      1.0,
      1.0,
      1.0,
      1.0,
      1.0,
      1.0,
      0.0,
      1.0,
      1.0,
      1.0,
      1.0,
      1.0
    ],
    [
      1.0,
      1.0,
      1.0,
      1.0,
      1.0,
      1.0,
      1.0,
      1.0,
      1.0,
      1.0,
      1.0,
      1.0,
      1.0,
      1.0,
      1.0,
      0.0,
      1.0,
      1.0,
      1.0,
      1.0
    ],
    [
      1.0,
      1.0,
      1.0,
      1.0,
      1.0,
      1.0,
      1.0,
      1.0,
      1.0,
      1.0,
      1.0,
      1.0,
      1.0,
      1.0,
      1.0,
      1.0,
      0.0,
      1.0,
      1.0,
      1.0
    ],
    [
      1.0,
      1.0,
      1.0,
      1.0,
      1.0,
      1.0,
      1.0,
      1.0,
      1.0,
      1.0,
      1.0,
      1.0,
      1.0,
      1.0,
      1.0,
      1.0,
      1.0,
      0.0,
      1.0,
      1.0
    ],
    [
      1.0,
      1.0,
      1.0,
      1.0,
      1.0,
      1.0,
      1.0,
      1.0,
      1.0,
      1.0,
      1.0,
      1.0,
      1.0,
      1.0,
      1.0,
      1.0,
      1.0,
      1.0,
      0.0,
      1.0
    ],
    [
      1.0,
      1.0,
      1.0,
      1.0,
      1.0,
      1.0,
      1.0,
      1.0,
      1.0,
      1.0,
      1.0,
      1.0,
      1.0,
      1.0,
      1.0,
      1.0,
      1.0,
      1.0,
      1.0,
      0.0
    ]
  ],
  "initPosition_neato": [
    [
      -35.057,
      -116.87
    ],
    [
      128.3,
      107.33
    ],
    [
      -67.023,
      2.5145
    ],
    [
      -62.041,
      109.4
    ],
    [
      118.3,
      35.646
    ],
    [
      130.1,
      -33.945
    ],
    [
      -125.72,
      109.81
    ],
    [
      2.1215,
      111.43
    ],
    [
      67.597,
      -32.817
    ],
    [
      120.97,
      -107.74
    ],
    [
      3.2634,
      -2.476
    ],
    [
      -127.15,
      -36.711
    ],
    [
      -33.516,
      51.299
    ],
    [
      8.2298,
      -61.572
    ],
    [
      44.483,
      44.963
    ],
    [
      -57.496,
      -56.41
    ],
    [
      64.956,
      110.75
    ],
    [
      -117.94,
      -110.27
    ],
    [
      -122.05,
      39.389
    ],
    [
      46.651,
      -112.87
    ]
  ],
  "initPosition_sfdp": [
    [
      181.86,
      166.78
    ],
    [
      27.0,
      182.09
    ],
    [
      56.537,
      248.08
    ],
    [
      80.873,
      49.301
    ],
    [
      249.11,
      306.51
    ],
    [
      227.58,
      238.3
    ],
    [
      267.63,
      163.18
    ],
    [
      304.07,
      255.3
    ],
    [
      150.3,
      18.0
    ],
    [
      43.134,
      109.54
    ],
    [
      97.316,
      168.79
    ],
    [
      287.65,
      55.824
    ],
    [
      325.67,
      115.49
    ],
    [
      221.52,
      18.232
    ],
    [
      222.26,
      90.977
    ],
    [
      334.46,
      191.34
    ],
    [
      137.09,
      93.306
    ],
    [
      142.4,
      242.17
    ],
    [
      105.37,
      302.46
    ],
    [
      178.1,
      316.58
    ]
  ],
  "initPosition_tsne": [
    [
      0.7955437898635864,
      0.4903236925601959
    ],
    [
      0.1709495484828949,
      0.3564945161342621
    ],
    [
      0.5753242373466492,
      0.0
    ],
    [
      0.8304987549781799,
      0.44695785641670227
    ],
    [
      0.41678425669670105,
      0.5954770445823669
    ],
    [
      0.7484680414199829,
      0.07004661858081818
    ],
    [
      0.23065343499183655,
      0.5563957095146179
    ],
    [
      0.6531942486763,
      0.3486819565296173
    ],
    [
      0.27417561411857605,
      0.413108766078949
    ],
    [
      0.3364580273628235,
      0.8369513750076294
    ],
    [
      0.004842702299356461,
      1.0
    ],
    [
      0.5858226418495178,
      0.8136450052261353
    ],
    [
      0.5856097936630249,
      0.46943971514701843
    ],
    [
      0.28854990005493164,
      0.3963049352169037
    ],
    [
      0.24647608399391174,
      0.8217291831970215
    ],
    [
      0.12351016700267792,
      0.5527109503746033
    ],
    [
      0.12481265515089035,
      0.42258381843566895
    ],
    [
      0.12943442165851593,
      0.664161741733551
    ],
    [
      0.0,
      0.735856831073761
    ],
    [
      0.8058327436447144,
      0.8831548094749451
    ]
  ]
}