{
  "nodes": [
    {
      "index": 0,
      "id": 0,
      "x": 0.04176490753889084,
      "y": 0.4141548275947571
    },
    {
      "index": 1,
      "id": 1,
      "x": 0.7880344986915588,
      "y": 0.5740534663200378
    },
    {
      "index": 2,
      "id": 2,
      "x": 0.30488601326942444,
      "y": 1.0
    },
    {
      "index": 3,
      "id": 3,
      "x": 0.0,
      "y": 0.4659687280654907
    },
    {
      "index": 4,
      "id": 4,
      "x": 0.4943111836910248,
      "y": 0.2885161340236664
    },
    {
      "index": 5,
      "id": 5,
      "x": 0.09800983965396881,
      "y": 0.9163060784339905
    },
    {
      "index": 6,
      "id": 6,
      "x": 0.7167013883590698,
      "y": 0.33521080017089844
    },
    {
      "index": 7,
      "id": 7,
      "x": 0.21184490621089935,
      "y": 0.5833889245986938
    },
    {
      "index": 8,
      "id": 8,
      "x": 0.6647003293037415,
      "y": 0.5064111948013306
    },
    {
      "index": 9,
      "id": 9,
      "x": 0.5902856588363647,
      "y": 0.0
    }
  ],
  "edges": [
    {
      "source": 0,
      "target": 1
    },
    {
      "source": 0,
      "target": 9
    },
    {
      "source": 1,
      "target": 2
    },
    {
      "source": 2,
      "target": 3
    },
    {
      "source": 3,
      "target": 4
    },
    {
      "source": 4,
      "target": 5
    },
    {
      "source": 5,
      "target": 6
    },
    {
      "source": 6,
      "target": 7
    },
    {
      "source": 7,
      "target": 8
    },
    {
      "source": 8,
      "target": 9
    }
  ],
  "weight": [
    [
      1.0,
      1.0,
      0.25,
      0.1111111119389534,
      0.0625,
      0.03999999910593033,
      0.0625,
      0.1111111119389534,
      0.25,
      1.0
    ],
    [
      1.0,
      1.0,
      1.0,
      0.25,
      0.1111111119389534,
      0.0625,
      0.03999999910593033,
      0.0625,
      0.1111111119389534,
      0.25
    ],
    [
      0.25,
      1.0,
      1.0,
      1.0,
      0.25,
      0.1111111119389534,
      0.0625,
      0.03999999910593033,
      0.0625,
      0.1111111119389534
    ],
    [
      0.1111111119389534,
      0.25,
      1.0,
      1.0,
      1.0,
      0.25,
      0.1111111119389534,
      0.0625,
      0.03999999910593033,
      0.0625
    ],
    [
      0.0625,
      0.1111111119389534,
      0.25,
      1.0,
      1.0,
      1.0,
      0.25,
      0.1111111119389534,
      0.0625,
      0.03999999910593033
    ],
    [
      0.03999999910593033,
      0.0625,
      0.1111111119389534,
      0.25,
      1.0,
      1.0,
      1.0,
      0.25,
      0.1111111119389534,
      0.0625
    ],
    [
      0.0625,
      0.03999999910593033,
      0.0625,
      0.1111111119389534,
      0.25,
      1.0,
      1.0,
      1.0,
      0.25,
      0.1111111119389534
    ],
    [
      0.1111111119389534,
      0.0625,
      0.03999999910593033,
      0.0625,
      0.1111111119389534,
      0.25,
      1.0,
      1.0,
      1.0,
      0.25
    ],
    [
      0.25,
      0.1111111119389534,
      0.0625,
      0.03999999910593033,
      0.0625,
      0.1111111119389534,
      0.25,
      1.0,
      1.0,
      1.0
    ],
    [
      1.0,
      0.25,
      0.1111111119389534,
      0.0625,
      0.03999999910593033,
      0.0625,
      0.1111111119389534,
      0.25,
      1.0,
      1.0
    ]
  ],
  "graphDistance": [
    [
      0.0,
      1.0,
      2.0,
      3.0,
      4.0,
      5.0,
      4.0,
      3.0,
      2.0,
      1.0
    ],
    [
      1.0,
      0.0,
      1.0,
      2.0,
      3.0,
      4.0,
      5.0,
      4.0,
      3.0,
      2.0
    ],
    [
      2.0,
      1.0,
      0.0,
      1.0,
      2.0,
      3.0,
      4.0,
      5.0,
      4.0,
      3.0
    ],
    [
      3.0,
      2.0,
      1.0,
      0.0,
      1.0,
      2.0,
      3.0,
      4.0,
      5.0,
      4.0
    ],
    [
      4.0,
      3.0,
      2.0,
      1.0,
      0.0,
      1.0,
      2.0,
      3.0,
      4.0,
      5.0
    ],
    [
      5.0,
      4.0,
      3.0,
      2.0,
      1.0,
      0.0,
      1.0,
      2.0,
      3.0,
      4.0
    ],
    [
      4.0,
      5.0,
      4.0,
      3.0,
      2.0,
      1.0,
      0.0,
      1.0,
      2.0,
      3.0
    ],
    [
      3.0,
      4.0,
      5.0,
      4.0,
      3.0,
      2.0,
      1.0,
      0.0,
      1.0,
      2.0
    ],
    [
      2.0,
      3.0,
      4.0,
      5.0,
      4.0,
      3.0,
      2.0,
      1.0,
      0.0,
      1.0
    ],
    [
      1.0,
      2.0,
      3.0,
      4.0,
      5.0,
      4.0,
      3.0,
      2.0,
      1.0,
      0.0
    ]
  ],
  "initPosition_neato": [
    [
      121.45,
      50.36
    ],
    [
      68.681,
      112.25
    ],
    [
      -10.396,
      131.26
    ],
    [
      -85.528,
      100.13
    ],
    [
      -127.93,
      30.727
    ],
    [
      -121.48,
      -50.345
    ],
    [
      -68.656,
      -112.18
    ],
    [
      10.428,
      -131.12
    ],
    [
      85.729,
      -100.37
    ],
    [
      127.71,
      -30.712
    ]
  ],
  "initPosition_sfdp": [
    [
      189.54,
      244.3
    ],
    [
      246.59,
      197.65
    ],
    [
      265.31,
      126.4
    ],
    [
      238.53,
      57.784
    ],
    [
      176.48,
      18.0
    ],
    [
      102.89,
      22.229
    ],
    [
      45.779,
      68.862
    ],
    [
      27.0,
      140.05
    ],
    [
      53.872,
      208.77
    ],
    [
      115.88,
      248.53
    ]
  ],
  "initPosition_tsne": [
    [
      0.04176490753889084,
      0.4141548275947571
    ],
    [
      0.7880344986915588,
      0.5740534663200378
    ],
    [
      0.30488601326942444,
      1.0
    ],
    [
      0.0,
      0.4659687280654907
    ],
    [
      0.4943111836910248,
      0.2885161340236664
    ],
    [
      0.09800983965396881,
      0.9163060784339905
    ],
    [
      0.7167013883590698,
      0.33521080017089844
    ],
    [
      0.21184490621089935,
      0.5833889245986938
    ],
    [
      0.6647003293037415,
      0.5064111948013306
    ],
    [
      0.5902856588363647,
      0.0
    ]
  ]
}