{
  "nodes": [
    {
      "index": 0,
      "id": 0,
      "x": 0.7955437898635864,
      "y": 0.4903236925601959
    },
    {
      "index": 1,
      "id": 1,
      "x": 0.1709495484828949,
      "y": 0.3564945161342621
    },
    {
      "index": 2,
      "id": 2,
      "x": 0.5753242373466492,
      "y": 0.0
    },
    {
      "index": 3,
      "id": 3,
      "x": 0.8304987549781799,
      "y": 0.44695785641670227
    },
    {
      "index": 4,
      "id": 4,
      "x": 0.41678425669670105,
      "y": 0.5954770445823669
    },
    {
      "index": 5,
      "id": 5,
      "x": 0.7484680414199829,
      "y": 0.07004661858081818
    },
    {
      "index": 6,
      "id": 6,
      "x": 0.23065343499183655,
      "y": 0.5563957095146179
    },
    {
      "index": 7,
      "id": 7,
      "x": 0.6531942486763,
      "y": 0.3486819565296173
    },
    {
      "index": 8,
      "id": 8,
      "x": 0.27417561411857605,
      "y": 0.413108766078949
    },
    {
      "index": 9,
      "id": 9,
      "x": 0.3364580273628235,
      "y": 0.8369513750076294
    },
    {
      "index": 10,
      "id": 10,
      "x": 0.004842702299356461,
      "y": 1.0
    },
    {
      "index": 11,
      "id": 11,
      "x": 0.5858226418495178,
      "y": 0.8136450052261353
    },
    {
      "index": 12,
      "id": 12,
      "x": 0.5856097936630249,
      "y": 0.46943971514701843
    },
    {
      "index": 13,
      "id": 13,
      "x": 0.28854990005493164,
      "y": 0.3963049352169037
    },
    {
      "index": 14,
      "id": 14,
      "x": 0.24647608399391174,
      "y": 0.8217291831970215
    },
    {
      "index": 15,
      "id": 15,
      "x": 0.12351016700267792,
      "y": 0.5527109503746033
    },
    {
      "index": 16,
      "id": 16,
      "x": 0.12481265515089035,
      "y": 0.42258381843566895
    },
    {
      "index": 17,
      "id": 17,
      "x": 0.12943442165851593,
      "y": 0.664161741733551
    },
    {
      "index": 18,
      "id": 18,
      "x": 0.0,
      "y": 0.735856831073761
    },
    {
      "index": 19,
      "id": 19,
      "x": 0.8058327436447144,
      "y": 0.8831548094749451
    }
  ],
  "edges": [
    {
      "source": 0,
      "target": 1
    },
    {
      "source": 0,
      "target": 10
    },
    {
      "source": 0,
      "target": 19
    },
    {
      "source": 1,
      "target": 8
    },
    {
      "source": 1,
      "target": 2
    },
    {
      "source": 2,
      "target": 3
    },
    {
      "source": 2,
      "target": 6
    },
    {
      "source": 3,
      "target": 19
    },
    {
      "source": 3,
      "target": 4
    },
    {
      "source": 4,
      "target": 17
    },
    {
      "source": 4,
      "target": 5
    },
    {
      "source": 5,
      "target": 6
    },
    {
      "source": 5,
      "target": 15
    },
    {
      "source": 6,
      "target": 7
    },
    {
      "source": 7,
      "target": 8
    },
    {
      "source": 7,
      "target": 14
    },
    {
      "source": 8,
      "target": 9
    },
    {
      "source": 9,
      "target": 10
    },
    {
      "source": 9,
      "target": 13
    },
    {
      "source": 10,
      "target": 11
    },
    {
      "source": 11,
      "target": 12
    },
    {
      "source": 11,
      "target": 18
    },
    {
      "source": 12,
      "target": 16
    },
    {
      "source": 12,
      "target": 13
    },
    {
      "source": 13,
      "target": 14
    },
    {
      "source": 14,
      "target": 15
    },
    {
      "source": 15,
      "target": 16
    },
    {
      "source": 16,
      "target": 17
    },
    {
      "source": 17,
      "target": 18
    },
    {
      "source": 18,
      "target": 19
    }
  ],
  "weight": [
    [
      1.0,
      1.0,
      0.25,
      0.25,
      0.1111111119389534,
      0.0625,
      0.1111111119389534,
      0.1111111119389534,
      0.25,
      0.25,
      1.0,
      0.25,
      0.1111111119389534,
      0.1111111119389534,
      0.0625,
      0.03999999910593033,
      0.0625,
      0.1111111119389534,
      0.25,
      1.0
    ],
    [
      1.0,
      1.0,
      1.0,
      0.25,
      0.1111111119389534,
      0.1111111119389534,
      0.25,
      0.25,
      1.0,
      0.25,
      0.25,
      0.1111111119389534,
      0.0625,
      0.1111111119389534,
      0.1111111119389534,
      0.0625,
      0.03999999910593033,
      0.0625,
      0.1111111119389534,
      0.25
    ],
    [
      0.25,
      1.0,
      1.0,
      1.0,
      0.25,
      0.25,
      1.0,
      0.25,
      0.25,
      0.1111111119389534,
      0.1111111119389534,
      0.0625,
      0.03999999910593033,
      0.0625,
      0.1111111119389534,
      0.1111111119389534,
      0.0625,
      0.1111111119389534,
      0.1111111119389534,
      0.25
    ],
    [
      0.25,
      0.25,
      1.0,
      1.0,
      1.0,
      0.25,
      0.25,
      0.1111111119389534,
      0.1111111119389534,
      0.0625,
      0.1111111119389534,
      0.1111111119389534,
      0.0625,
      0.03999999910593033,
      0.0625,
      0.1111111119389534,
      0.1111111119389534,
      0.25,
      0.25,
      1.0
    ],
    [
      0.1111111119389534,
      0.1111111119389534,
      0.25,
      1.0,
      1.0,
      1.0,
      0.25,
      0.1111111119389534,
      0.0625,
      0.03999999910593033,
      0.0625,
      0.1111111119389534,
      0.1111111119389534,
      0.0625,
      0.1111111119389534,
      0.25,
      0.25,
      1.0,
      0.25,
      0.25
    ],
    [
      0.0625,
      0.1111111119389534,
      0.25,
      0.25,
      1.0,
      1.0,
      1.0,
      0.25,
      0.1111111119389534,
      0.0625,
      0.03999999910593033,
      0.0625,
      0.1111111119389534,
      0.1111111119389534,
      0.25,
      1.0,
      0.25,
      0.25,
      0.1111111119389534,
      0.1111111119389534
    ],
    [
      0.1111111119389534,
      0.25,
      1.0,
      0.25,
      0.25,
      1.0,
      1.0,
      1.0,
      0.25,
      0.1111111119389534,
      0.0625,
      0.03999999910593033,
      0.0625,
      0.1111111119389534,
      0.25,
      0.25,
      0.1111111119389534,
      0.1111111119389534,
      0.0625,
      0.1111111119389534
    ],
    [
      0.1111111119389534,
      0.25,
      0.25,
      0.1111111119389534,
      0.1111111119389534,
      0.25,
      1.0,
      1.0,
      1.0,
      0.25,
      0.1111111119389534,
      0.0625,
      0.1111111119389534,
      0.25,
      1.0,
      0.25,
      0.1111111119389534,
      0.0625,
      0.03999999910593033,
      0.0625
    ],
    [
      0.25,
      1.0,
      0.25,
      0.1111111119389534,
      0.0625,
      0.1111111119389534,
      0.25,
      1.0,
      1.0,
      1.0,
      0.25,
      0.1111111119389534,
      0.1111111119389534,
      0.25,
      0.25,
      0.1111111119389534,
      0.0625,
      0.03999999910593033,
      0.0625,
      0.1111111119389534
    ],
    [
      0.25,
      0.25,
      0.1111111119389534,
      0.0625,
      0.03999999910593033,
      0.0625,
      0.1111111119389534,
      0.25,
      1.0,
      1.0,
      1.0,
      0.25,
      0.25,
      1.0,
      0.25,
      0.1111111119389534,
      0.1111111119389534,
      0.0625,
      0.1111111119389534,
      0.1111111119389534
    ],
    [
      1.0,
      0.25,
      0.1111111119389534,
      0.1111111119389534,
      0.0625,
      0.03999999910593033,
      0.0625,
      0.1111111119389534,
      0.25,
      1.0,
      1.0,
      1.0,
      0.25,
      0.25,
      0.1111111119389534,
      0.0625,
      0.1111111119389534,
      0.1111111119389534,
      0.25,
      0.25
    ],
    [
      0.25,
      0.1111111119389534,
      0.0625,
      0.1111111119389534,
      0.1111111119389534,
      0.0625,
      0.03999999910593033,
      0.0625,
      0.1111111119389534,
      0.25,
      1.0,
      1.0,
      1.0,
      0.25,
      0.1111111119389534,
      0.1111111119389534,
      0.25,
      0.25,
      1.0,
      0.25
    ],
    [
      0.1111111119389534,
      0.0625,
      0.03999999910593033,
      0.0625,
      0.1111111119389534,
      0.1111111119389534,
      0.0625,
      0.1111111119389534,
      0.1111111119389534,
      0.25,
      0.25,
      1.0,
      1.0,
      1.0,
      0.25,
      0.25,
      1.0,
      0.25,
      0.25,
      0.1111111119389534
    ],
    [
      0.1111111119389534,
      0.1111111119389534,
      0.0625,
      0.03999999910593033,
      0.0625,
      0.1111111119389534,
      0.1111111119389534,
      0.25,
      0.25,
      1.0,
      0.25,
      0.25,
      1.0,
      1.0,
      1.0,
      0.25,
      0.25,
      0.1111111119389534,
      0.1111111119389534,
      0.0625
    ],
    [
      0.0625,
      0.1111111119389534,
      0.1111111119389534,
      0.0625,
      0.1111111119389534,
      0.25,
      0.25,
      1.0,
      0.25,
      0.25,
      0.1111111119389534,
      0.1111111119389534,
      0.25,
      1.0,
      1.0,
      1.0,
      0.25,
      0.1111111119389534,
      0.0625,
      0.03999999910593033
    ],
    [
      0.03999999910593033,
      0.0625,
      0.1111111119389534,
      0.1111111119389534,
      0.25,
      1.0,
      0.25,
      0.25,
      0.1111111119389534,
      0.1111111119389534,
      0.0625,
      0.1111111119389534,
      0.25,
      0.25,
      1.0,
      1.0,
      1.0,
      0.25,
      0.1111111119389534,
      0.0625
    ],
    [
      0.0625,
      0.03999999910593033,
      0.0625,
      0.1111111119389534,
      0.25,
      0.25,
      0.1111111119389534,
      0.1111111119389534,
      0.0625,
      0.1111111119389534,
      0.1111111119389534,
      0.25,
      1.0,
      0.25,
      0.25,
      1.0,
      1.0,
      1.0,
      0.25,
      0.1111111119389534
    ],
    [
      0.1111111119389534,
      0.0625,
      0.1111111119389534,
      0.25,
      1.0,
      0.25,
      0.1111111119389534,
      0.0625,
      0.03999999910593033,
      0.0625,
      0.1111111119389534,
      0.25,
      0.25,
      0.1111111119389534,
      0.1111111119389534,
      0.25,
      1.0,
      1.0,
      1.0,
      0.25
    ],
    [
      0.25,
      0.1111111119389534,
      0.1111111119389534,
      0.25,
      0.25,
      0.1111111119389534,
      0.0625,
      0.03999999910593033,
      0.0625,
      0.1111111119389534,
      0.25,
      1.0,
      0.25,
      0.1111111119389534,
      0.0625,
      0.1111111119389534,
      0.25,
      1.0,
      1.0,
      1.0
    ],
    [
      1.0,
      0.25,
      0.25,
      1.0,
      0.25,
      0.1111111119389534,
      0.1111111119389534,
      0.0625,
      0.1111111119389534,
      0.1111111119389534,
      0.25,
      0.25,
      0.1111111119389534,
      0.0625,
      0.03999999910593033,
      0.0625,
      0.1111111119389534,
      0.25,
      1.0,
      1.0
    ]
  ],
  "graphDistance": [
    [
      0.0,
      1.0,
      2.0,
      2.0,
      3.0,
      4.0,
      3.0,
      3.0,
      2.0,
      2.0,
      1.0,
      2.0,
      3.0,
      3.0,
      4.0,
      5.0,
      4.0,
      3.0,
      2.0,
      1.0
    ],
    [
      1.0,
      0.0,
      1.0,
      2.0,
      3.0,
      3.0,
      2.0,
      2.0,
      1.0,
      2.0,
      2.0,
      3.0,
      4.0,
      3.0,
      3.0,
      4.0,
      5.0,
      4.0,
      3.0,
      2.0
    ],
    [
      2.0,
      1.0,
      0.0,
      1.0,
      2.0,
      2.0,
      1.0,
      2.0,
      2.0,
      3.0,
      3.0,
      4.0,
      5.0,
      4.0,
      3.0,
      3.0,
      4.0,
      3.0,
      3.0,
      2.0
    ],
    [
      2.0,
      2.0,
      1.0,
      0.0,
      1.0,
      2.0,
      2.0,
      3.0,
      3.0,
      4.0,
      3.0,
      3.0,
      4.0,
      5.0,
      4.0,
      3.0,
      3.0,
      2.0,
      2.0,
      1.0
    ],
    [
      3.0,
      3.0,
      2.0,
      1.0,
      0.0,
      1.0,
      2.0,
      3.0,
      4.0,
      5.0,
      4.0,
      3.0,
      3.0,
      4.0,
      3.0,
      2.0,
      2.0,
      1.0,
      2.0,
      2.0
    ],
    [
      4.0,
      3.0,
      2.0,
      2.0,
      1.0,
      0.0,
      1.0,
      2.0,
      3.0,
      4.0,
      5.0,
      4.0,
      3.0,
      3.0,
      2.0,
      1.0,
      2.0,
      2.0,
      3.0,
      3.0
    ],
    [
      3.0,
      2.0,
      1.0,
      2.0,
      2.0,
      1.0,
      0.0,
      1.0,
      2.0,
      3.0,
      4.0,
      5.0,
      4.0,
      3.0,
      2.0,
      2.0,
      3.0,
      3.0,
      4.0,
      3.0
    ],
    [
      3.0,
      2.0,
      2.0,
      3.0,
      3.0,
      2.0,
      1.0,
      0.0,
      1.0,
      2.0,
      3.0,
      4.0,
      3.0,
      2.0,
      1.0,
      2.0,
      3.0,
      4.0,
      5.0,
      4.0
    ],
    [
      2.0,
      1.0,
      2.0,
      3.0,
      4.0,
      3.0,
      2.0,
      1.0,
      0.0,
      1.0,
      2.0,
      3.0,
      3.0,
      2.0,
      2.0,
      3.0,
      4.0,
      5.0,
      4.0,
      3.0
    ],
    [
      2.0,
      2.0,
      3.0,
      4.0,
      5.0,
      4.0,
      3.0,
      2.0,
      1.0,
      0.0,
      1.0,
      2.0,
      2.0,
      1.0,
      2.0,
      3.0,
      3.0,
      4.0,
      3.0,
      3.0
    ],
    [
      1.0,
      2.0,
      3.0,
      3.0,
      4.0,
      5.0,
      4.0,
      3.0,
      2.0,
      1.0,
      0.0,
      1.0,
      2.0,
      2.0,
      3.0,
      4.0,
      3.0,
      3.0,
      2.0,
      2.0
    ],
    [
      2.0,
      3.0,
      4.0,
      3.0,
      3.0,
      4.0,
      5.0,
      4.0,
      3.0,
      2.0,
      1.0,
      0.0,
      1.0,
      2.0,
      3.0,
      3.0,
      2.0,
      2.0,
      1.0,
      2.0
    ],
    [
      3.0,
      4.0,
      5.0,
      4.0,
      3.0,
      3.0,
      4.0,
      3.0,
      3.0,
      2.0,
      2.0,
      1.0,
      0.0,
      1.0,
      2.0,
      2.0,
      1.0,
      2.0,
      2.0,
      3.0
    ],
    [
      3.0,
      3.0,
      4.0,
      5.0,
      4.0,
      3.0,
      3.0,
      2.0,
      2.0,
      1.0,
      2.0,
      2.0,
      1.0,
      0.0,
      1.0,
      2.0,
      2.0,
      3.0,
      3.0,
      4.0
    ],
    [
      4.0,
      3.0,
      3.0,
      4.0,
      3.0,
      2.0,
      2.0,
      1.0,
      2.0,
      2.0,
      3.0,
      3.0,
      2.0,
      1.0,
      0.0,
      1.0,
      2.0,
      3.0,
      4.0,
      5.0
    ],
    [
      5.0,
      4.0,
      3.0,
      3.0,
      2.0,
      1.0,
      2.0,
      2.0,
      3.0,
      3.0,
      4.0,
      3.0,
      2.0,
      2.0,
      1.0,
      0.0,
      1.0,
      2.0,
      3.0,
      4.0
    ],
    [
      4.0,
      5.0,
      4.0,
      3.0,
      2.0,
      2.0,
      3.0,
      3.0,
      4.0,
      3.0,
      3.0,
      2.0,
      1.0,
      2.0,
      2.0,
      1.0,
      0.0,
      1.0,
      2.0,
      3.0
    ],
    [
      3.0,
      4.0,
      3.0,
      2.0,
      1.0,
      2.0,
      3.0,
      4.0,
      5.0,
      4.0,
      3.0,
      2.0,
      2.0,
      3.0,
      3.0,
      2.0,
      1.0,
      0.0,
      1.0,
      2.0
    ],
    [
      2.0,
      3.0,
      3.0,
      2.0,
      2.0,
      3.0,
      4.0,
      5.0,
      4.0,
      3.0,
      2.0,
      1.0,
      2.0,
      3.0,
      4.0,
      3.0,
      2.0,
      1.0,
      0.0,
      1.0
    ],
    [
      1.0,
      2.0,
      2.0,
      1.0,
      2.0,
      3.0,
      3.0,
      4.0,
      3.0,
      3.0,
      2.0,
      2.0,
      3.0,
      4.0,
      5.0,
      4.0,
      3.0,
      2.0,
      1.0,
      0.0
    ]
  ],
  "initPosition_neato": [
    [
      179.9,
      -53.851
    ],
    [
      150.1,
      -169.34
    ],
    [
      65.131,
      -86.263
    ],
    [
      88.76,
      29.475
    ],
    [
      -1.8157,
      51.342
    ],
    [
      -71.787,
      20.39
    ],
    [
      -54.532,
      -88.368
    ],
    [
      -138.24,
      -175.07
    ],
    [
      7.1273,
      -176.07
    ],
    [
      1.8676,
      -50.874
    ],
    [
      72.225,
      -20.473
    ],
    [
      54.625,
      88.221
    ],
    [
      -65.18,
      86.209
    ],
    [
      -88.896,
      -29.514
    ],
    [
      -181.75,
      -73.988
    ],
    [
      -179.81,
      53.755
    ],
    [
      -150.18,
      169.29
    ],
    [
      -7.2783,
      176.1
    ],
    [
      138.1,
      175.12
    ],
    [
      181.77,
      74.103
    ]
  ],
  "initPosition_sfdp": [
    [
      273.42,
      18.0
    ],
    [
      419.15,
      83.105
    ],
    [
      525.89,
      193.74
    ],
    [
      415.46,
      195.02
    ],
    [
      355.31,
      343.63
    ],
    [
      425.12,
      467.58
    ],
    [
      528.05,
      354.03
    ],
    [
      417.31,
      356.87
    ],
    [
      352.84,
      208.5
    ],
    [
      200.72,
      208.97
    ],
    [
      130.0,
      86.991
    ],
    [
      27.0,
      201.14
    ],
    [
      29.476,
      361.11
    ],
    [
      139.92,
      357.65
    ],
    [
      279.61,
      442.98
    ],
    [
      281.68,
      537.27
    ],
    [
      135.96,
      472.26
    ],
    [
      203.2,
      348.02
    ],
    [
      137.49,
      201.81
    ],
    [
      274.89,
      112.71
    ]
  ],
  "initPosition_tsne": [
    [
      0.7955437898635864,
      0.4903236925601959
    ],
    [
      0.1709495484828949,
      0.3564945161342621
    ],
    [
      0.5753242373466492,
      0.0
    ],
    [
      0.8304987549781799,
      0.44695785641670227
    ],
    [
      0.41678425669670105,
      0.5954770445823669
    ],
    [
      0.7484680414199829,
      0.07004661858081818
    ],
    [
      0.23065343499183655,
      0.5563957095146179
    ],
    [
      0.6531942486763,
      0.3486819565296173
    ],
    [
      0.27417561411857605,
      0.413108766078949
    ],
    [
      0.3364580273628235,
      0.8369513750076294
    ],
    [
      0.004842702299356461,
      1.0
    ],
    [
      0.5858226418495178,
      0.8136450052261353
    ],
    [
      0.5856097936630249,
      0.46943971514701843
    ],
    [
      0.28854990005493164,
      0.3963049352169037
    ],
    [
      0.24647608399391174,
      0.8217291831970215
    ],
    [
      0.12351016700267792,
      0.5527109503746033
    ],
    [
      0.12481265515089035,
      0.42258381843566895
    ],
    [
      0.12943442165851593,
      0.664161741733551
    ],
    [
      0.0,
      0.735856831073761
    ],
    [
      0.8058327436447144,
      0.8831548094749451
    ]
  ]
}