{
  "nodes": [
    {
      "index": 0,
      "id": "0"
    },
    {
      "index": 1,
      "id": "1"
    },
    {
      "index": 2,
      "id": "2"
    },
    {
      "index": 3,
      "id": "3"
    },
    {
      "index": 4,
      "id": "4"
    }
  ],
  "edges": [
    {
      "source": "0",
      "target": "1"
    },
    {
      "source": "1",
      "target": "2"
    },
    {
      "source": "2",
      "target": "3"
    },
    {
      "source": "3",
      "target": "4"
    }
  ],
  "weight": [
    [
      1.0,
      1.0,
      0.25,
      0.1111111119389534,
      0.0625
    ],
    [
      1.0,
      1.0,
      1.0,
      0.25,
      0.1111111119389534
    ],
    [
      0.25,
      1.0,
      1.0,
      1.0,
      0.25
    ],
    [
      0.1111111119389534,
      0.25,
      1.0,
      1.0,
      1.0
    ],
    [
      0.0625,
      0.1111111119389534,
      0.25,
      1.0,
      1.0
    ]
  ],
  "graphDistance": [
    [
      0.0,
      1.0,
      2.0,
      3.0,
      4.0
    ],
    [
      1.0,
      0.0,
      1.0,
      2.0,
      3.0
    ],
    [
      2.0,
      1.0,
      0.0,
      1.0,
      2.0
    ],
    [
      3.0,
      2.0,
      1.0,
      0.0,
      1.0
    ],
    [
      4.0,
      3.0,
      2.0,
      1.0,
      0.0
    ]
  ],
  "initPositions": null
}