{
  "nodes": [
    {
      "index": 0,
      "id": "0",
      "x": -1.0078849792480469,
      "y": 0.7402304410934448
    },
    {
      "index": 1,
      "id": "1",
      "x": -0.07640963792800903,
      "y": -0.9137840867042542
    },
    {
      "index": 2,
      "id": "2",
      "x": -0.016037771478295326,
      "y": -0.3768378794193268
    },
    {
      "index": 3,
      "id": "3",
      "x": 0.6048219799995422,
      "y": -0.2448062300682068
    },
    {
      "index": 4,
      "id": "4",
      "x": 0.4608255624771118,
      "y": 0.3108881413936615
    },
    {
      "index": 5,
      "id": "5",
      "x": 0.8961355090141296,
      "y": -0.2975093424320221
    },
    {
      "index": 6,
      "id": "6",
      "x": -0.9588590860366821,
      "y": -0.8742906451225281
    },
    {
      "index": 7,
      "id": "7",
      "x": -0.8701366782188416,
      "y": 0.07490155845880508
    },
    {
      "index": 8,
      "id": "8",
      "x": 0.6270487904548645,
      "y": -0.7792831063270569
    },
    {
      "index": 9,
      "id": "9",
      "x": 0.2154119461774826,
      "y": 0.7717801928520203
    },
    {
      "index": 10,
      "id": "10",
      "x": 0.18697138130664825,
      "y": 0.9956632256507874
    },
    {
      "index": 11,
      "id": "11",
      "x": 0.6601925492286682,
      "y": -0.40409132838249207
    },
    {
      "index": 12,
      "id": "12",
      "x": -0.9485366940498352,
      "y": -0.4239896833896637
    },
    {
      "index": 13,
      "id": "13",
      "x": 0.001629417180083692,
      "y": 0.7798407673835754
    },
    {
      "index": 14,
      "id": "14",
      "x": -0.15796494483947754,
      "y": -0.8625319600105286
    },
    {
      "index": 15,
      "id": "15",
      "x": 0.3971434533596039,
      "y": -0.6763713359832764
    },
    {
      "index": 16,
      "id": "16",
      "x": -0.3819604814052582,
      "y": -0.27012863755226135
    },
    {
      "index": 17,
      "id": "17",
      "x": 0.46998345851898193,
      "y": -0.44796761870384216
    },
    {
      "index": 18,
      "id": "18",
      "x": -0.36733686923980713,
      "y": 0.6994135975837708
    },
    {
      "index": 19,
      "id": "19",
      "x": 0.7126269340515137,
      "y": 0.8774617910385132
    }
  ],
  "edges": [
    {
      "source": "0",
      "target": "1"
    },
    {
      "source": "0",
      "target": "2"
    },
    {
      "source": "0",
      "target": "3"
    },
    {
      "source": "0",
      "target": "4"
    },
    {
      "source": "0",
      "target": "5"
    },
    {
      "source": "0",
      "target": "6"
    },
    {
      "source": "0",
      "target": "7"
    },
    {
      "source": "0",
      "target": "8"
    },
    {
      "source": "0",
      "target": "9"
    },
    {
      "source": "0",
      "target": "10"
    },
    {
      "source": "0",
      "target": "11"
    },
    {
      "source": "0",
      "target": "12"
    },
    {
      "source": "0",
      "target": "13"
    },
    {
      "source": "0",
      "target": "14"
    },
    {
      "source": "0",
      "target": "15"
    },
    {
      "source": "0",
      "target": "16"
    },
    {
      "source": "0",
      "target": "17"
    },
    {
      "source": "0",
      "target": "18"
    },
    {
      "source": "0",
      "target": "19"
    },
    {
      "source": "1",
      "target": "2"
    },
    {
      "source": "1",
      "target": "3"
    },
    {
      "source": "1",
      "target": "4"
    },
    {
      "source": "1",
      "target": "5"
    },
    {
      "source": "1",
      "target": "6"
    },
    {
      "source": "1",
      "target": "7"
    },
    {
      "source": "1",
      "target": "8"
    },
    {
      "source": "1",
      "target": "9"
    },
    {
      "source": "1",
      "target": "10"
    },
    {
      "source": "1",
      "target": "11"
    },
    {
      "source": "1",
      "target": "12"
    },
    {
      "source": "1",
      "target": "13"
    },
    {
      "source": "1",
      "target": "14"
    },
    {
      "source": "1",
      "target": "15"
    },
    {
      "source": "1",
      "target": "16"
    },
    {
      "source": "1",
      "target": "17"
    },
    {
      "source": "1",
      "target": "18"
    },
    {
      "source": "1",
      "target": "19"
    },
    {
      "source": "2",
      "target": "3"
    },
    {
      "source": "2",
      "target": "4"
    },
    {
      "source": "2",
      "target": "5"
    },
    {
      "source": "2",
      "target": "6"
    },
    {
      "source": "2",
      "target": "7"
    },
    {
      "source": "2",
      "target": "8"
    },
    {
      "source": "2",
      "target": "9"
    },
    {
      "source": "2",
      "target": "10"
    },
    {
      "source": "2",
      "target": "11"
    },
    {
      "source": "2",
      "target": "12"
    },
    {
      "source": "2",
      "target": "13"
    },
    {
      "source": "2",
      "target": "14"
    },
    {
      "source": "2",
      "target": "15"
    },
    {
      "source": "2",
      "target": "16"
    },
    {
      "source": "2",
      "target": "17"
    },
    {
      "source": "2",
      "target": "18"
    },
    {
      "source": "2",
      "target": "19"
    },
    {
      "source": "3",
      "target": "4"
    },
    {
      "source": "3",
      "target": "5"
    },
    {
      "source": "3",
      "target": "6"
    },
    {
      "source": "3",
      "target": "7"
    },
    {
      "source": "3",
      "target": "8"
    },
    {
      "source": "3",
      "target": "9"
    },
    {
      "source": "3",
      "target": "10"
    },
    {
      "source": "3",
      "target": "11"
    },
    {
      "source": "3",
      "target": "12"
    },
    {
      "source": "3",
      "target": "13"
    },
    {
      "source": "3",
      "target": "14"
    },
    {
      "source": "3",
      "target": "15"
    },
    {
      "source": "3",
      "target": "16"
    },
    {
      "source": "3",
      "target": "17"
    },
    {
      "source": "3",
      "target": "18"
    },
    {
      "source": "3",
      "target": "19"
    },
    {
      "source": "4",
      "target": "5"
    },
    {
      "source": "4",
      "target": "6"
    },
    {
      "source": "4",
      "target": "7"
    },
    {
      "source": "4",
      "target": "8"
    },
    {
      "source": "4",
      "target": "9"
    },
    {
      "source": "4",
      "target": "10"
    },
    {
      "source": "4",
      "target": "11"
    },
    {
      "source": "4",
      "target": "12"
    },
    {
      "source": "4",
      "target": "13"
    },
    {
      "source": "4",
      "target": "14"
    },
    {
      "source": "4",
      "target": "15"
    },
    {
      "source": "4",
      "target": "16"
    },
    {
      "source": "4",
      "target": "17"
    },
    {
      "source": "4",
      "target": "18"
    },
    {
      "source": "4",
      "target": "19"
    },
    {
      "source": "5",
      "target": "6"
    },
    {
      "source": "5",
      "target": "7"
    },
    {
      "source": "5",
      "target": "8"
    },
    {
      "source": "5",
      "target": "9"
    },
    {
      "source": "5",
      "target": "10"
    },
    {
      "source": "5",
      "target": "11"
    },
    {
      "source": "5",
      "target": "12"
    },
    {
      "source": "5",
      "target": "13"
    },
    {
      "source": "5",
      "target": "14"
    },
    {
      "source": "5",
      "target": "15"
    },
    {
      "source": "5",
      "target": "16"
    },
    {
      "source": "5",
      "target": "17"
    },
    {
      "source": "5",
      "target": "18"
    },
    {
      "source": "5",
      "target": "19"
    },
    {
      "source": "6",
      "target": "7"
    },
    {
      "source": "6",
      "target": "8"
    },
    {
      "source": "6",
      "target": "9"
    },
    {
      "source": "6",
      "target": "10"
    },
    {
      "source": "6",
      "target": "11"
    },
    {
      "source": "6",
      "target": "12"
    },
    {
      "source": "6",
      "target": "13"
    },
    {
      "source": "6",
      "target": "14"
    },
    {
      "source": "6",
      "target": "15"
    },
    {
      "source": "6",
      "target": "16"
    },
    {
      "source": "6",
      "target": "17"
    },
    {
      "source": "6",
      "target": "18"
    },
    {
      "source": "6",
      "target": "19"
    },
    {
      "source": "7",
      "target": "8"
    },
    {
      "source": "7",
      "target": "9"
    },
    {
      "source": "7",
      "target": "10"
    },
    {
      "source": "7",
      "target": "11"
    },
    {
      "source": "7",
      "target": "12"
    },
    {
      "source": "7",
      "target": "13"
    },
    {
      "source": "7",
      "target": "14"
    },
    {
      "source": "7",
      "target": "15"
    },
    {
      "source": "7",
      "target": "16"
    },
    {
      "source": "7",
      "target": "17"
    },
    {
      "source": "7",
      "target": "18"
    },
    {
      "source": "7",
      "target": "19"
    },
    {
      "source": "8",
      "target": "9"
    },
    {
      "source": "8",
      "target": "10"
    },
    {
      "source": "8",
      "target": "11"
    },
    {
      "source": "8",
      "target": "12"
    },
    {
      "source": "8",
      "target": "13"
    },
    {
      "source": "8",
      "target": "14"
    },
    {
      "source": "8",
      "target": "15"
    },
    {
      "source": "8",
      "target": "16"
    },
    {
      "source": "8",
      "target": "17"
    },
    {
      "source": "8",
      "target": "18"
    },
    {
      "source": "8",
      "target": "19"
    },
    {
      "source": "9",
      "target": "10"
    },
    {
      "source": "9",
      "target": "11"
    },
    {
      "source": "9",
      "target": "12"
    },
    {
      "source": "9",
      "target": "13"
    },
    {
      "source": "9",
      "target": "14"
    },
    {
      "source": "9",
      "target": "15"
    },
    {
      "source": "9",
      "target": "16"
    },
    {
      "source": "9",
      "target": "17"
    },
    {
      "source": "9",
      "target": "18"
    },
    {
      "source": "9",
      "target": "19"
    },
    {
      "source": "10",
      "target": "11"
    },
    {
      "source": "10",
      "target": "12"
    },
    {
      "source": "10",
      "target": "13"
    },
    {
      "source": "10",
      "target": "14"
    },
    {
      "source": "10",
      "target": "15"
    },
    {
      "source": "10",
      "target": "16"
    },
    {
      "source": "10",
      "target": "17"
    },
    {
      "source": "10",
      "target": "18"
    },
    {
      "source": "10",
      "target": "19"
    },
    {
      "source": "11",
      "target": "12"
    },
    {
      "source": "11",
      "target": "13"
    },
    {
      "source": "11",
      "target": "14"
    },
    {
      "source": "11",
      "target": "15"
    },
    {
      "source": "11",
      "target": "16"
    },
    {
      "source": "11",
      "target": "17"
    },
    {
      "source": "11",
      "target": "18"
    },
    {
      "source": "11",
      "target": "19"
    },
    {
      "source": "12",
      "target": "13"
    },
    {
      "source": "12",
      "target": "14"
    },
    {
      "source": "12",
      "target": "15"
    },
    {
      "source": "12",
      "target": "16"
    },
    {
      "source": "12",
      "target": "17"
    },
    {
      "source": "12",
      "target": "18"
    },
    {
      "source": "12",
      "target": "19"
    },
    {
      "source": "13",
      "target": "14"
    },
    {
      "source": "13",
      "target": "15"
    },
    {
      "source": "13",
      "target": "16"
    },
    {
      "source": "13",
      "target": "17"
    },
    {
      "source": "13",
      "target": "18"
    },
    {
      "source": "13",
      "target": "19"
    },
    {
      "source": "14",
      "target": "15"
    },
    {
      "source": "14",
      "target": "16"
    },
    {
      "source": "14",
      "target": "17"
    },
    {
      "source": "14",
      "target": "18"
    },
    {
      "source": "14",
      "target": "19"
    },
    {
      "source": "15",
      "target": "16"
    },
    {
      "source": "15",
      "target": "17"
    },
    {
      "source": "15",
      "target": "18"
    },
    {
      "source": "15",
      "target": "19"
    },
    {
      "source": "16",
      "target": "17"
    },
    {
      "source": "16",
      "target": "18"
    },
    {
      "source": "16",
      "target": "19"
    },
    {
      "source": "17",
      "target": "18"
    },
    {
      "source": "17",
      "target": "19"
    },
    {
      "source": "18",
      "target": "19"
    }
  ],
  "coef": {
    "stress": 0,
    "crossing_angle": 0,
    "neighbor": 0,
    "edge_uniformity": 0,
    "crossing_number": 0,
    "angular_resolution": 0,
    "vertex_resolution": 0,
    "gabriel": 0,
    "aspect_ratio": 0
  },
  "optimizer": {
    "lr": 0.414947759737611,
    "momentum": 0.5
  },
  "graphDistance": [
    [
      0,
      1,
      1,
      1,
      1,
      1,
      1,
      1,
      1,
      1,
      1,
      1,
      1,
      1,
      1,
      1,
      1,
      1,
      1,
      1
    ],
    [
      1,
      0,
      1,
      1,
      1,
      1,
      1,
      1,
      1,
      1,
      1,
      1,
      1,
      1,
      1,
      1,
      1,
      1,
      1,
      1
    ],
    [
      1,
      1,
      0,
      1,
      1,
      1,
      1,
      1,
      1,
      1,
      1,
      1,
      1,
      1,
      1,
      1,
      1,
      1,
      1,
      1
    ],
    [
      1,
      1,
      1,
      0,
      1,
      1,
      1,
      1,
      1,
      1,
      1,
      1,
      1,
      1,
      1,
      1,
      1,
      1,
      1,
      1
    ],
    [
      1,
      1,
      1,
      1,
      0,
      1,
      1,
      1,
      1,
      1,
      1,
      1,
      1,
      1,
      1,
      1,
      1,
      1,
      1,
      1
    ],
    [
      1,
      1,
      1,
      1,
      1,
      0,
      1,
      1,
      1,
      1,
      1,
      1,
      1,
      1,
      1,
      1,
      1,
      1,
      1,
      1
    ],
    [
      1,
      1,
      1,
      1,
      1,
      1,
      0,
      1,
      1,
      1,
      1,
      1,
      1,
      1,
      1,
      1,
      1,
      1,
      1,
      1
    ],
    [
      1,
      1,
      1,
      1,
      1,
      1,
      1,
      0,
      1,
      1,
      1,
      1,
      1,
      1,
      1,
      1,
      1,
      1,
      1,
      1
    ],
    [
      1,
      1,
      1,
      1,
      1,
      1,
      1,
      1,
      0,
      1,
      1,
      1,
      1,
      1,
      1,
      1,
      1,
      1,
      1,
      1
    ],
    [
      1,
      1,
      1,
      1,
      1,
      1,
      1,
      1,
      1,
      0,
      1,
      1,
      1,
      1,
      1,
      1,
      1,
      1,
      1,
      1
    ],
    [
      1,
      1,
      1,
      1,
      1,
      1,
      1,
      1,
      1,
      1,
      0,
      1,
      1,
      1,
      1,
      1,
      1,
      1,
      1,
      1
    ],
    [
      1,
      1,
      1,
      1,
      1,
      1,
      1,
      1,
      1,
      1,
      1,
      0,
      1,
      1,
      1,
      1,
      1,
      1,
      1,
      1
    ],
    [
      1,
      1,
      1,
      1,
      1,
      1,
      1,
      1,
      1,
      1,
      1,
      1,
      0,
      1,
      1,
      1,
      1,
      1,
      1,
      1
    ],
    [
      1,
      1,
      1,
      1,
      1,
      1,
      1,
      1,
      1,
      1,
      1,
      1,
      1,
      0,
      1,
      1,
      1,
      1,
      1,
      1
    ],
    [
      1,
      1,
      1,
      1,
      1,
      1,
      1,
      1,
      1,
      1,
      1,
      1,
      1,
      1,
      0,
      1,
      1,
      1,
      1,
      1
    ],
    [
      1,
      1,
      1,
      1,
      1,
      1,
      1,
      1,
      1,
      1,
      1,
      1,
      1,
      1,
      1,
      0,
      1,
      1,
      1,
      1
    ],
    [
      1,
      1,
      1,
      1,
      1,
      1,
      1,
      1,
      1,
      1,
      1,
      1,
      1,
      1,
      1,
      1,
      0,
      1,
      1,
      1
    ],
    [
      1,
      1,
      1,
      1,
      1,
      1,
      1,
      1,
      1,
      1,
      1,
      1,
      1,
      1,
      1,
      1,
      1,
      0,
      1,
      1
    ],
    [
      1,
      1,
      1,
      1,
      1,
      1,
      1,
      1,
      1,
      1,
      1,
      1,
      1,
      1,
      1,
      1,
      1,
      1,
      0,
      1
    ],
    [
      1,
      1,
      1,
      1,
      1,
      1,
      1,
      1,
      1,
      1,
      1,
      1,
      1,
      1,
      1,
      1,
      1,
      1,
      1,
      0
    ]
  ],
  "weight": [
    [
      1,
      1,
      1,
      1,
      1,
      1,
      1,
      1,
      1,
      1,
      1,
      1,
      1,
      1,
      1,
      1,
      1,
      1,
      1,
      1
    ],
    [
      1,
      1,
      1,
      1,
      1,
      1,
      1,
      1,
      1,
      1,
      1,
      1,
      1,
      1,
      1,
      1,
      1,
      1,
      1,
      1
    ],
    [
      1,
      1,
      1,
      1,
      1,
      1,
      1,
      1,
      1,
      1,
      1,
      1,
      1,
      1,
      1,
      1,
      1,
      1,
      1,
      1
    ],
    [
      1,
      1,
      1,
      1,
      1,
      1,
      1,
      1,
      1,
      1,
      1,
      1,
      1,
      1,
      1,
      1,
      1,
      1,
      1,
      1
    ],
    [
      1,
      1,
      1,
      1,
      1,
      1,
      1,
      1,
      1,
      1,
      1,
      1,
      1,
      1,
      1,
      1,
      1,
      1,
      1,
      1
    ],
    [
      1,
      1,
      1,
      1,
      1,
      1,
      1,
      1,
      1,
      1,
      1,
      1,
      1,
      1,
      1,
      1,
      1,
      1,
      1,
      1
    ],
    [
      1,
      1,
      1,
      1,
      1,
      1,
      1,
      1,
      1,
      1,
      1,
      1,
      1,
      1,
      1,
      1,
      1,
      1,
      1,
      1
    ],
    [
      1,
      1,
      1,
      1,
      1,
      1,
      1,
      1,
      1,
      1,
      1,
      1,
      1,
      1,
      1,
      1,
      1,
      1,
      1,
      1
    ],
    [
      1,
      1,
      1,
      1,
      1,
      1,
      1,
      1,
      1,
      1,
      1,
      1,
      1,
      1,
      1,
      1,
      1,
      1,
      1,
      1
    ],
    [
      1,
      1,
      1,
      1,
      1,
      1,
      1,
      1,
      1,
      1,
      1,
      1,
      1,
      1,
      1,
      1,
      1,
      1,
      1,
      1
    ],
    [
      1,
      1,
      1,
      1,
      1,
      1,
      1,
      1,
      1,
      1,
      1,
      1,
      1,
      1,
      1,
      1,
      1,
      1,
      1,
      1
    ],
    [
      1,
      1,
      1,
      1,
      1,
      1,
      1,
      1,
      1,
      1,
      1,
      1,
      1,
      1,
      1,
      1,
      1,
      1,
      1,
      1
    ],
    [
      1,
      1,
      1,
      1,
      1,
      1,
      1,
      1,
      1,
      1,
      1,
      1,
      1,
      1,
      1,
      1,
      1,
      1,
      1,
      1
    ],
    [
      1,
      1,
      1,
      1,
      1,
      1,
      1,
      1,
      1,
      1,
      1,
      1,
      1,
      1,
      1,
      1,
      1,
      1,
      1,
      1
    ],
    [
      1,
      1,
      1,
      1,
      1,
      1,
      1,
      1,
      1,
      1,
      1,
      1,
      1,
      1,
      1,
      1,
      1,
      1,
      1,
      1
    ],
    [
      1,
      1,
      1,
      1,
      1,
      1,
      1,
      1,
      1,
      1,
      1,
      1,
      1,
      1,
      1,
      1,
      1,
      1,
      1,
      1
    ],
    [
      1,
      1,
      1,
      1,
      1,
      1,
      1,
      1,
      1,
      1,
      1,
      1,
      1,
      1,
      1,
      1,
      1,
      1,
      1,
      1
    ],
    [
      1,
      1,
      1,
      1,
      1,
      1,
      1,
      1,
      1,
      1,
      1,
      1,
      1,
      1,
      1,
      1,
      1,
      1,
      1,
      1
    ],
    [
      1,
      1,
      1,
      1,
      1,
      1,
      1,
      1,
      1,
      1,
      1,
      1,
      1,
      1,
      1,
      1,
      1,
      1,
      1,
      1
    ],
    [
      1,
      1,
      1,
      1,
      1,
      1,
      1,
      1,
      1,
      1,
      1,
      1,
      1,
      1,
      1,
      1,
      1,
      1,
      1,
      1
    ]
  ]
}