{
  "nodes": [
    {
      "index": 0,
      "id": "0",
      "x": -1.0115718841552734,
      "y": 0.6686365008354187
    },
    {
      "index": 1,
      "id": "1",
      "x": -0.5994110703468323,
      "y": 0.13750970363616943
    },
    {
      "index": 2,
      "id": "2",
      "x": 0.14424964785575867,
      "y": -0.14767251908779144
    },
    {
      "index": 3,
      "id": "3",
      "x": 0.668235182762146,
      "y": -0.2291834056377411
    },
    {
      "index": 4,
      "id": "4",
      "x": 0.39288315176963806,
      "y": 0.18534457683563232
    },
    {
      "index": 5,
      "id": "5",
      "x": -0.9181081652641296,
      "y": -0.5497697591781616
    },
    {
      "index": 6,
      "id": "6",
      "x": -0.03811963275074959,
      "y": 0.5976822972297668
    },
    {
      "index": 7,
      "id": "7",
      "x": 0.1494983434677124,
      "y": -0.9292365908622742
    },
    {
      "index": 8,
      "id": "8",
      "x": -0.3802081346511841,
      "y": 0.15527376532554626
    },
    {
      "index": 9,
      "id": "9",
      "x": 0.46527355909347534,
      "y": -0.441192626953125
    },
    {
      "index": 10,
      "id": "10",
      "x": 0.6647778749465942,
      "y": 0.06128982827067375
    },
    {
      "index": 11,
      "id": "11",
      "x": 0.3339219391345978,
      "y": 0.7521576285362244
    },
    {
      "index": 12,
      "id": "12",
      "x": 0.23418095707893372,
      "y": -0.1389949470758438
    },
    {
      "index": 13,
      "id": "13",
      "x": 0.16078603267669678,
      "y": -0.2851303517818451
    },
    {
      "index": 14,
      "id": "14",
      "x": 0.7438945770263672,
      "y": -0.06534966826438904
    },
    {
      "index": 15,
      "id": "15",
      "x": 0.2691066563129425,
      "y": 0.3338029980659485
    },
    {
      "index": 16,
      "id": "16",
      "x": 0.13309240341186523,
      "y": -0.2977924942970276
    },
    {
      "index": 17,
      "id": "17",
      "x": -0.5803662538528442,
      "y": 0.8257689476013184
    },
    {
      "index": 18,
      "id": "18",
      "x": -0.4000009596347809,
      "y": 0.7551854252815247
    },
    {
      "index": 19,
      "id": "19",
      "x": 0.45152878761291504,
      "y": 0.11403220146894455
    }
  ],
  "edges": [
    {
      "source": "0",
      "target": "1"
    },
    {
      "source": "0",
      "target": "19"
    },
    {
      "source": "0",
      "target": "10"
    },
    {
      "source": "1",
      "target": "2"
    },
    {
      "source": "1",
      "target": "8"
    },
    {
      "source": "2",
      "target": "3"
    },
    {
      "source": "2",
      "target": "6"
    },
    {
      "source": "3",
      "target": "4"
    },
    {
      "source": "3",
      "target": "19"
    },
    {
      "source": "4",
      "target": "5"
    },
    {
      "source": "4",
      "target": "17"
    },
    {
      "source": "5",
      "target": "6"
    },
    {
      "source": "5",
      "target": "15"
    },
    {
      "source": "6",
      "target": "7"
    },
    {
      "source": "7",
      "target": "8"
    },
    {
      "source": "7",
      "target": "14"
    },
    {
      "source": "8",
      "target": "9"
    },
    {
      "source": "9",
      "target": "10"
    },
    {
      "source": "9",
      "target": "13"
    },
    {
      "source": "10",
      "target": "11"
    },
    {
      "source": "11",
      "target": "12"
    },
    {
      "source": "11",
      "target": "18"
    },
    {
      "source": "12",
      "target": "13"
    },
    {
      "source": "12",
      "target": "16"
    },
    {
      "source": "13",
      "target": "14"
    },
    {
      "source": "14",
      "target": "15"
    },
    {
      "source": "15",
      "target": "16"
    },
    {
      "source": "16",
      "target": "17"
    },
    {
      "source": "17",
      "target": "18"
    },
    {
      "source": "18",
      "target": "19"
    }
  ],
  "coef": {
    "stress": 0,
    "crossing_angle": 0,
    "neighbor": 0,
    "edge_uniformity": 0,
    "crossing_number": 0,
    "angular_resolution": 0,
    "vertex_resolution": 0,
    "gabriel": 0,
    "aspect_ratio": 0
  },
  "optimizer": {
    "lr": 0.3870292672675483,
    "momentum": 0.5
  },
  "graphDistance": [
    [
      0,
      1,
      2,
      2,
      3,
      4,
      3,
      3,
      2,
      2,
      1,
      2,
      3,
      3,
      4,
      5,
      4,
      3,
      2,
      1
    ],
    [
      1,
      0,
      1,
      2,
      3,
      3,
      2,
      2,
      1,
      2,
      2,
      3,
      4,
      3,
      3,
      4,
      5,
      4,
      3,
      2
    ],
    [
      2,
      1,
      0,
      1,
      2,
      2,
      1,
      2,
      2,
      3,
      3,
      4,
      5,
      4,
      3,
      3,
      4,
      3,
      3,
      2
    ],
    [
      2,
      2,
      1,
      0,
      1,
      2,
      2,
      3,
      3,
      4,
      3,
      3,
      4,
      5,
      4,
      3,
      3,
      2,
      2,
      1
    ],
    [
      3,
      3,
      2,
      1,
      0,
      1,
      2,
      3,
      4,
      5,
      4,
      3,
      3,
      4,
      3,
      2,
      2,
      1,
      2,
      2
    ],
    [
      4,
      3,
      2,
      2,
      1,
      0,
      1,
      2,
      3,
      4,
      5,
      4,
      3,
      3,
      2,
      1,
      2,
      2,
      3,
      3
    ],
    [
      3,
      2,
      1,
      2,
      2,
      1,
      0,
      1,
      2,
      3,
      4,
      5,
      4,
      3,
      2,
      2,
      3,
      3,
      4,
      3
    ],
    [
      3,
      2,
      2,
      3,
      3,
      2,
      1,
      0,
      1,
      2,
      3,
      4,
      3,
      2,
      1,
      2,
      3,
      4,
      5,
      4
    ],
    [
      2,
      1,
      2,
      3,
      4,
      3,
      2,
      1,
      0,
      1,
      2,
      3,
      3,
      2,
      2,
      3,
      4,
      5,
      4,
      3
    ],
    [
      2,
      2,
      3,
      4,
      5,
      4,
      3,
      2,
      1,
      0,
      1,
      2,
      2,
      1,
      2,
      3,
      3,
      4,
      3,
      3
    ],
    [
      1,
      2,
      3,
      3,
      4,
      5,
      4,
      3,
      2,
      1,
      0,
      1,
      2,
      2,
      3,
      4,
      3,
      3,
      2,
      2
    ],
    [
      2,
      3,
      4,
      3,
      3,
      4,
      5,
      4,
      3,
      2,
      1,
      0,
      1,
      2,
      3,
      3,
      2,
      2,
      1,
      2
    ],
    [
      3,
      4,
      5,
      4,
      3,
      3,
      4,
      3,
      3,
      2,
      2,
      1,
      0,
      1,
      2,
      2,
      1,
      2,
      2,
      3
    ],
    [
      3,
      3,
      4,
      5,
      4,
      3,
      3,
      2,
      2,
      1,
      2,
      2,
      1,
      0,
      1,
      2,
      2,
      3,
      3,
      4
    ],
    [
      4,
      3,
      3,
      4,
      3,
      2,
      2,
      1,
      2,
      2,
      3,
      3,
      2,
      1,
      0,
      1,
      2,
      3,
      4,
      5
    ],
    [
      5,
      4,
      3,
      3,
      2,
      1,
      2,
      2,
      3,
      3,
      4,
      3,
      2,
      2,
      1,
      0,
      1,
      2,
      3,
      4
    ],
    [
      4,
      5,
      4,
      3,
      2,
      2,
      3,
      3,
      4,
      3,
      3,
      2,
      1,
      2,
      2,
      1,
      0,
      1,
      2,
      3
    ],
    [
      3,
      4,
      3,
      2,
      1,
      2,
      3,
      4,
      5,
      4,
      3,
      2,
      2,
      3,
      3,
      2,
      1,
      0,
      1,
      2
    ],
    [
      2,
      3,
      3,
      2,
      2,
      3,
      4,
      5,
      4,
      3,
      2,
      1,
      2,
      3,
      4,
      3,
      2,
      1,
      0,
      1
    ],
    [
      1,
      2,
      2,
      1,
      2,
      3,
      3,
      4,
      3,
      3,
      2,
      2,
      3,
      4,
      5,
      4,
      3,
      2,
      1,
      0
    ]
  ],
  "weight": [
    [
      1,
      1,
      0.25,
      0.25,
      0.1111111119389534,
      0.0625,
      0.1111111119389534,
      0.1111111119389534,
      0.25,
      0.25,
      1,
      0.25,
      0.1111111119389534,
      0.1111111119389534,
      0.0625,
      0.03999999910593033,
      0.0625,
      0.1111111119389534,
      0.25,
      1
    ],
    [
      1,
      1,
      1,
      0.25,
      0.1111111119389534,
      0.1111111119389534,
      0.25,
      0.25,
      1,
      0.25,
      0.25,
      0.1111111119389534,
      0.0625,
      0.1111111119389534,
      0.1111111119389534,
      0.0625,
      0.03999999910593033,
      0.0625,
      0.1111111119389534,
      0.25
    ],
    [
      0.25,
      1,
      1,
      1,
      0.25,
      0.25,
      1,
      0.25,
      0.25,
      0.1111111119389534,
      0.1111111119389534,
      0.0625,
      0.03999999910593033,
      0.0625,
      0.1111111119389534,
      0.1111111119389534,
      0.0625,
      0.1111111119389534,
      0.1111111119389534,
      0.25
    ],
    [
      0.25,
      0.25,
      1,
      1,
      1,
      0.25,
      0.25,
      0.1111111119389534,
      0.1111111119389534,
      0.0625,
      0.1111111119389534,
      0.1111111119389534,
      0.0625,
      0.03999999910593033,
      0.0625,
      0.1111111119389534,
      0.1111111119389534,
      0.25,
      0.25,
      1
    ],
    [
      0.1111111119389534,
      0.1111111119389534,
      0.25,
      1,
      1,
      1,
      0.25,
      0.1111111119389534,
      0.0625,
      0.03999999910593033,
      0.0625,
      0.1111111119389534,
      0.1111111119389534,
      0.0625,
      0.1111111119389534,
      0.25,
      0.25,
      1,
      0.25,
      0.25
    ],
    [
      0.0625,
      0.1111111119389534,
      0.25,
      0.25,
      1,
      1,
      1,
      0.25,
      0.1111111119389534,
      0.0625,
      0.03999999910593033,
      0.0625,
      0.1111111119389534,
      0.1111111119389534,
      0.25,
      1,
      0.25,
      0.25,
      0.1111111119389534,
      0.1111111119389534
    ],
    [
      0.1111111119389534,
      0.25,
      1,
      0.25,
      0.25,
      1,
      1,
      1,
      0.25,
      0.1111111119389534,
      0.0625,
      0.03999999910593033,
      0.0625,
      0.1111111119389534,
      0.25,
      0.25,
      0.1111111119389534,
      0.1111111119389534,
      0.0625,
      0.1111111119389534
    ],
    [
      0.1111111119389534,
      0.25,
      0.25,
      0.1111111119389534,
      0.1111111119389534,
      0.25,
      1,
      1,
      1,
      0.25,
      0.1111111119389534,
      0.0625,
      0.1111111119389534,
      0.25,
      1,
      0.25,
      0.1111111119389534,
      0.0625,
      0.03999999910593033,
      0.0625
    ],
    [
      0.25,
      1,
      0.25,
      0.1111111119389534,
      0.0625,
      0.1111111119389534,
      0.25,
      1,
      1,
      1,
      0.25,
      0.1111111119389534,
      0.1111111119389534,
      0.25,
      0.25,
      0.1111111119389534,
      0.0625,
      0.03999999910593033,
      0.0625,
      0.1111111119389534
    ],
    [
      0.25,
      0.25,
      0.1111111119389534,
      0.0625,
      0.03999999910593033,
      0.0625,
      0.1111111119389534,
      0.25,
      1,
      1,
      1,
      0.25,
      0.25,
      1,
      0.25,
      0.1111111119389534,
      0.1111111119389534,
      0.0625,
      0.1111111119389534,
      0.1111111119389534
    ],
    [
      1,
      0.25,
      0.1111111119389534,
      0.1111111119389534,
      0.0625,
      0.03999999910593033,
      0.0625,
      0.1111111119389534,
      0.25,
      1,
      1,
      1,
      0.25,
      0.25,
      0.1111111119389534,
      0.0625,
      0.1111111119389534,
      0.1111111119389534,
      0.25,
      0.25
    ],
    [
      0.25,
      0.1111111119389534,
      0.0625,
      0.1111111119389534,
      0.1111111119389534,
      0.0625,
      0.03999999910593033,
      0.0625,
      0.1111111119389534,
      0.25,
      1,
      1,
      1,
      0.25,
      0.1111111119389534,
      0.1111111119389534,
      0.25,
      0.25,
      1,
      0.25
    ],
    [
      0.1111111119389534,
      0.0625,
      0.03999999910593033,
      0.0625,
      0.1111111119389534,
      0.1111111119389534,
      0.0625,
      0.1111111119389534,
      0.1111111119389534,
      0.25,
      0.25,
      1,
      1,
      1,
      0.25,
      0.25,
      1,
      0.25,
      0.25,
      0.1111111119389534
    ],
    [
      0.1111111119389534,
      0.1111111119389534,
      0.0625,
      0.03999999910593033,
      0.0625,
      0.1111111119389534,
      0.1111111119389534,
      0.25,
      0.25,
      1,
      0.25,
      0.25,
      1,
      1,
      1,
      0.25,
      0.25,
      0.1111111119389534,
      0.1111111119389534,
      0.0625
    ],
    [
      0.0625,
      0.1111111119389534,
      0.1111111119389534,
      0.0625,
      0.1111111119389534,
      0.25,
      0.25,
      1,
      0.25,
      0.25,
      0.1111111119389534,
      0.1111111119389534,
      0.25,
      1,
      1,
      1,
      0.25,
      0.1111111119389534,
      0.0625,
      0.03999999910593033
    ],
    [
      0.03999999910593033,
      0.0625,
      0.1111111119389534,
      0.1111111119389534,
      0.25,
      1,
      0.25,
      0.25,
      0.1111111119389534,
      0.1111111119389534,
      0.0625,
      0.1111111119389534,
      0.25,
      0.25,
      1,
      1,
      1,
      0.25,
      0.1111111119389534,
      0.0625
    ],
    [
      0.0625,
      0.03999999910593033,
      0.0625,
      0.1111111119389534,
      0.25,
      0.25,
      0.1111111119389534,
      0.1111111119389534,
      0.0625,
      0.1111111119389534,
      0.1111111119389534,
      0.25,
      1,
      0.25,
      0.25,
      1,
      1,
      1,
      0.25,
      0.1111111119389534
    ],
    [
      0.1111111119389534,
      0.0625,
      0.1111111119389534,
      0.25,
      1,
      0.25,
      0.1111111119389534,
      0.0625,
      0.03999999910593033,
      0.0625,
      0.1111111119389534,
      0.25,
      0.25,
      0.1111111119389534,
      0.1111111119389534,
      0.25,
      1,
      1,
      1,
      0.25
    ],
    [
      0.25,
      0.1111111119389534,
      0.1111111119389534,
      0.25,
      0.25,
      0.1111111119389534,
      0.0625,
      0.03999999910593033,
      0.0625,
      0.1111111119389534,
      0.25,
      1,
      0.25,
      0.1111111119389534,
      0.0625,
      0.1111111119389534,
      0.25,
      1,
      1,
      1
    ],
    [
      1,
      0.25,
      0.25,
      1,
      0.25,
      0.1111111119389534,
      0.1111111119389534,
      0.0625,
      0.1111111119389534,
      0.1111111119389534,
      0.25,
      0.25,
      0.1111111119389534,
      0.0625,
      0.03999999910593033,
      0.0625,
      0.1111111119389534,
      0.25,
      1,
      1
    ]
  ]
}