{
  "nodes": [
    {
      "index": 0,
      "id": "0",
      "x": -0.739943265914917,
      "y": -0.3126993179321289
    },
    {
      "index": 1,
      "id": "1",
      "x": -0.8327717185020447,
      "y": -0.48597821593284607
    },
    {
      "index": 2,
      "id": "10",
      "x": 0.36970382928848267,
      "y": -0.106313556432724
    },
    {
      "index": 3,
      "id": "11",
      "x": -0.5069268941879272,
      "y": 0.44429004192352295
    },
    {
      "index": 4,
      "id": "12",
      "x": 0.8371332287788391,
      "y": -0.40463730692863464
    },
    {
      "index": 5,
      "id": "13",
      "x": 0.8326063752174377,
      "y": 0.10386323928833008
    },
    {
      "index": 6,
      "id": "14",
      "x": -0.7265307903289795,
      "y": -0.3874107897281647
    },
    {
      "index": 7,
      "id": "15",
      "x": 0.817261815071106,
      "y": -0.5230592489242554
    },
    {
      "index": 8,
      "id": "16",
      "x": 0.9698001742362976,
      "y": 0.38475343585014343
    },
    {
      "index": 9,
      "id": "17",
      "x": -0.8064676523208618,
      "y": -0.50636225938797
    },
    {
      "index": 10,
      "id": "18",
      "x": -0.22756724059581757,
      "y": 0.4628274142742157
    },
    {
      "index": 11,
      "id": "19",
      "x": -0.769773542881012,
      "y": 0.9936003684997559
    },
    {
      "index": 12,
      "id": "2",
      "x": 0.3548765778541565,
      "y": -0.7009158730506897
    },
    {
      "index": 13,
      "id": "3",
      "x": -0.3539855182170868,
      "y": -0.8191701769828796
    },
    {
      "index": 14,
      "id": "4",
      "x": -0.6181902289390564,
      "y": -0.4783555567264557
    },
    {
      "index": 15,
      "id": "5",
      "x": 0.08107812702655792,
      "y": 0.8910779356956482
    },
    {
      "index": 16,
      "id": "6",
      "x": -0.6662565469741821,
      "y": -0.26472800970077515
    },
    {
      "index": 17,
      "id": "7",
      "x": -0.2879830598831177,
      "y": -0.5197757482528687
    },
    {
      "index": 18,
      "id": "8",
      "x": 1.0552153587341309,
      "y": 0.897217869758606
    },
    {
      "index": 19,
      "id": "9",
      "x": -0.8242074847221375,
      "y": 0.9890202879905701
    }
  ],
  "edges": [
    {
      "source": "0",
      "target": "16"
    },
    {
      "source": "0",
      "target": "12"
    },
    {
      "source": "1",
      "target": "5"
    },
    {
      "source": "1",
      "target": "8"
    },
    {
      "source": "1",
      "target": "2"
    },
    {
      "source": "10",
      "target": "6"
    },
    {
      "source": "10",
      "target": "2"
    },
    {
      "source": "11",
      "target": "15"
    },
    {
      "source": "11",
      "target": "18"
    },
    {
      "source": "11",
      "target": "12"
    },
    {
      "source": "12",
      "target": "19"
    },
    {
      "source": "13",
      "target": "14"
    },
    {
      "source": "14",
      "target": "19"
    },
    {
      "source": "14",
      "target": "7"
    },
    {
      "source": "15",
      "target": "5"
    },
    {
      "source": "17",
      "target": "18"
    },
    {
      "source": "17",
      "target": "4"
    },
    {
      "source": "2",
      "target": "9"
    },
    {
      "source": "3",
      "target": "4"
    },
    {
      "source": "4",
      "target": "9"
    },
    {
      "source": "7",
      "target": "8"
    }
  ],
  "coef": {
    "stress": 0,
    "crossing_angle": 0,
    "neighbor": 0,
    "edge_uniformity": 0,
    "crossing_number": 0,
    "angular_resolution": 0,
    "vertex_resolution": 0,
    "gabriel": 0,
    "aspect_ratio": 0
  },
  "optimizer": {
    "lr": 0.40677164958103224,
    "momentum": 0.5
  },
  "graphDistance": [
    [
      0,
      5,
      7,
      2,
      1,
      4,
      3,
      3,
      1,
      4,
      3,
      2,
      6,
      6,
      5,
      4,
      8,
      4,
      5,
      6
    ],
    [
      5,
      0,
      2,
      3,
      4,
      4,
      3,
      2,
      6,
      4,
      4,
      4,
      1,
      4,
      3,
      1,
      3,
      2,
      1,
      2
    ],
    [
      7,
      2,
      0,
      5,
      6,
      6,
      5,
      4,
      8,
      4,
      5,
      6,
      1,
      4,
      3,
      3,
      1,
      4,
      3,
      2
    ],
    [
      2,
      3,
      5,
      0,
      1,
      4,
      3,
      1,
      3,
      2,
      1,
      2,
      4,
      4,
      3,
      2,
      6,
      4,
      4,
      4
    ],
    [
      1,
      4,
      6,
      1,
      0,
      3,
      2,
      2,
      2,
      3,
      2,
      1,
      5,
      5,
      4,
      3,
      7,
      3,
      4,
      5
    ],
    [
      4,
      4,
      6,
      4,
      3,
      0,
      1,
      5,
      5,
      6,
      5,
      2,
      5,
      8,
      7,
      5,
      7,
      2,
      3,
      6
    ],
    [
      3,
      3,
      5,
      3,
      2,
      1,
      0,
      4,
      4,
      5,
      4,
      1,
      4,
      7,
      6,
      4,
      6,
      1,
      2,
      5
    ],
    [
      3,
      2,
      4,
      1,
      2,
      5,
      4,
      0,
      4,
      3,
      2,
      3,
      3,
      5,
      4,
      1,
      5,
      4,
      3,
      4
    ],
    [
      1,
      6,
      8,
      3,
      2,
      5,
      4,
      4,
      0,
      5,
      4,
      3,
      7,
      7,
      6,
      5,
      9,
      5,
      6,
      7
    ],
    [
      4,
      4,
      4,
      2,
      3,
      6,
      5,
      3,
      5,
      0,
      1,
      4,
      3,
      2,
      1,
      4,
      5,
      6,
      5,
      2
    ],
    [
      3,
      4,
      5,
      1,
      2,
      5,
      4,
      2,
      4,
      1,
      0,
      3,
      4,
      3,
      2,
      3,
      6,
      5,
      5,
      3
    ],
    [
      2,
      4,
      6,
      2,
      1,
      2,
      1,
      3,
      3,
      4,
      3,
      0,
      5,
      6,
      5,
      4,
      7,
      2,
      3,
      6
    ],
    [
      6,
      1,
      1,
      4,
      5,
      5,
      4,
      3,
      7,
      3,
      4,
      5,
      0,
      3,
      2,
      2,
      2,
      3,
      2,
      1
    ],
    [
      6,
      4,
      4,
      4,
      5,
      8,
      7,
      5,
      7,
      2,
      3,
      6,
      3,
      0,
      1,
      5,
      5,
      6,
      5,
      2
    ],
    [
      5,
      3,
      3,
      3,
      4,
      7,
      6,
      4,
      6,
      1,
      2,
      5,
      2,
      1,
      0,
      4,
      4,
      5,
      4,
      1
    ],
    [
      4,
      1,
      3,
      2,
      3,
      5,
      4,
      1,
      5,
      4,
      3,
      4,
      2,
      5,
      4,
      0,
      4,
      3,
      2,
      3
    ],
    [
      8,
      3,
      1,
      6,
      7,
      7,
      6,
      5,
      9,
      5,
      6,
      7,
      2,
      5,
      4,
      4,
      0,
      5,
      4,
      3
    ],
    [
      4,
      2,
      4,
      4,
      3,
      2,
      1,
      4,
      5,
      6,
      5,
      2,
      3,
      6,
      5,
      3,
      5,
      0,
      1,
      4
    ],
    [
      5,
      1,
      3,
      4,
      4,
      3,
      2,
      3,
      6,
      5,
      5,
      3,
      2,
      5,
      4,
      2,
      4,
      1,
      0,
      3
    ],
    [
      6,
      2,
      2,
      4,
      5,
      6,
      5,
      4,
      7,
      2,
      3,
      6,
      1,
      2,
      1,
      3,
      3,
      4,
      3,
      0
    ]
  ],
  "weight": [
    [
      1,
      0.03999999910593033,
      0.020408162847161293,
      0.25,
      1,
      0.0625,
      0.1111111119389534,
      0.1111111119389534,
      1,
      0.0625,
      0.1111111119389534,
      0.25,
      0.02777777798473835,
      0.02777777798473835,
      0.03999999910593033,
      0.0625,
      0.015625,
      0.0625,
      0.03999999910593033,
      0.02777777798473835
    ],
    [
      0.03999999910593033,
      1,
      0.25,
      0.1111111119389534,
      0.0625,
      0.0625,
      0.1111111119389534,
      0.25,
      0.02777777798473835,
      0.0625,
      0.0625,
      0.0625,
      1,
      0.0625,
      0.1111111119389534,
      1,
      0.1111111119389534,
      0.25,
      1,
      0.25
    ],
    [
      0.020408162847161293,
      0.25,
      1,
      0.03999999910593033,
      0.02777777798473835,
      0.02777777798473835,
      0.03999999910593033,
      0.0625,
      0.015625,
      0.0625,
      0.03999999910593033,
      0.02777777798473835,
      1,
      0.0625,
      0.1111111119389534,
      0.1111111119389534,
      1,
      0.0625,
      0.1111111119389534,
      0.25
    ],
    [
      0.25,
      0.1111111119389534,
      0.03999999910593033,
      1,
      1,
      0.0625,
      0.1111111119389534,
      1,
      0.1111111119389534,
      0.25,
      1,
      0.25,
      0.0625,
      0.0625,
      0.1111111119389534,
      0.25,
      0.02777777798473835,
      0.0625,
      0.0625,
      0.0625
    ],
    [
      1,
      0.0625,
      0.02777777798473835,
      1,
      1,
      0.1111111119389534,
      0.25,
      0.25,
      0.25,
      0.1111111119389534,
      0.25,
      1,
      0.03999999910593033,
      0.03999999910593033,
      0.0625,
      0.1111111119389534,
      0.020408162847161293,
      0.1111111119389534,
      0.0625,
      0.03999999910593033
    ],
    [
      0.0625,
      0.0625,
      0.02777777798473835,
      0.0625,
      0.1111111119389534,
      1,
      1,
      0.03999999910593033,
      0.03999999910593033,
      0.02777777798473835,
      0.03999999910593033,
      0.25,
      0.03999999910593033,
      0.015625,
      0.020408162847161293,
      0.03999999910593033,
      0.020408162847161293,
      0.25,
      0.1111111119389534,
      0.02777777798473835
    ],
    [
      0.1111111119389534,
      0.1111111119389534,
      0.03999999910593033,
      0.1111111119389534,
      0.25,
      1,
      1,
      0.0625,
      0.0625,
      0.03999999910593033,
      0.0625,
      1,
      0.0625,
      0.020408162847161293,
      0.02777777798473835,
      0.0625,
      0.02777777798473835,
      1,
      0.25,
      0.03999999910593033
    ],
    [
      0.1111111119389534,
      0.25,
      0.0625,
      1,
      0.25,
      0.03999999910593033,
      0.0625,
      1,
      0.0625,
      0.1111111119389534,
      0.25,
      0.1111111119389534,
      0.1111111119389534,
      0.03999999910593033,
      0.0625,
      1,
      0.03999999910593033,
      0.0625,
      0.1111111119389534,
      0.0625
    ],
    [
      1,
      0.02777777798473835,
      0.015625,
      0.1111111119389534,
      0.25,
      0.03999999910593033,
      0.0625,
      0.0625,
      1,
      0.03999999910593033,
      0.0625,
      0.1111111119389534,
      0.020408162847161293,
      0.020408162847161293,
      0.02777777798473835,
      0.03999999910593033,
      0.012345679104328156,
      0.03999999910593033,
      0.02777777798473835,
      0.020408162847161293
    ],
    [
      0.0625,
      0.0625,
      0.0625,
      0.25,
      0.1111111119389534,
      0.02777777798473835,
      0.03999999910593033,
      0.1111111119389534,
      0.03999999910593033,
      1,
      1,
      0.0625,
      0.1111111119389534,
      0.25,
      1,
      0.0625,
      0.03999999910593033,
      0.02777777798473835,
      0.03999999910593033,
      0.25
    ],
    [
      0.1111111119389534,
      0.0625,
      0.03999999910593033,
      1,
      0.25,
      0.03999999910593033,
      0.0625,
      0.25,
      0.0625,
      1,
      1,
      0.1111111119389534,
      0.0625,
      0.1111111119389534,
      0.25,
      0.1111111119389534,
      0.02777777798473835,
      0.03999999910593033,
      0.03999999910593033,
      0.1111111119389534
    ],
    [
      0.25,
      0.0625,
      0.02777777798473835,
      0.25,
      1,
      0.25,
      1,
      0.1111111119389534,
      0.1111111119389534,
      0.0625,
      0.1111111119389534,
      1,
      0.03999999910593033,
      0.02777777798473835,
      0.03999999910593033,
      0.0625,
      0.020408162847161293,
      0.25,
      0.1111111119389534,
      0.02777777798473835
    ],
    [
      0.02777777798473835,
      1,
      1,
      0.0625,
      0.03999999910593033,
      0.03999999910593033,
      0.0625,
      0.1111111119389534,
      0.020408162847161293,
      0.1111111119389534,
      0.0625,
      0.03999999910593033,
      1,
      0.1111111119389534,
      0.25,
      0.25,
      0.25,
      0.1111111119389534,
      0.25,
      1
    ],
    [
      0.02777777798473835,
      0.0625,
      0.0625,
      0.0625,
      0.03999999910593033,
      0.015625,
      0.020408162847161293,
      0.03999999910593033,
      0.020408162847161293,
      0.25,
      0.1111111119389534,
      0.02777777798473835,
      0.1111111119389534,
      1,
      1,
      0.03999999910593033,
      0.03999999910593033,
      0.02777777798473835,
      0.03999999910593033,
      0.25
    ],
    [
      0.03999999910593033,
      0.1111111119389534,
      0.1111111119389534,
      0.1111111119389534,
      0.0625,
      0.020408162847161293,
      0.02777777798473835,
      0.0625,
      0.02777777798473835,
      1,
      0.25,
      0.03999999910593033,
      0.25,
      1,
      1,
      0.0625,
      0.0625,
      0.03999999910593033,
      0.0625,
      1
    ],
    [
      0.0625,
      1,
      0.1111111119389534,
      0.25,
      0.1111111119389534,
      0.03999999910593033,
      0.0625,
      1,
      0.03999999910593033,
      0.0625,
      0.1111111119389534,
      0.0625,
      0.25,
      0.03999999910593033,
      0.0625,
      1,
      0.0625,
      0.1111111119389534,
      0.25,
      0.1111111119389534
    ],
    [
      0.015625,
      0.1111111119389534,
      1,
      0.02777777798473835,
      0.020408162847161293,
      0.020408162847161293,
      0.02777777798473835,
      0.03999999910593033,
      0.012345679104328156,
      0.03999999910593033,
      0.02777777798473835,
      0.020408162847161293,
      0.25,
      0.03999999910593033,
      0.0625,
      0.0625,
      1,
      0.03999999910593033,
      0.0625,
      0.1111111119389534
    ],
    [
      0.0625,
      0.25,
      0.0625,
      0.0625,
      0.1111111119389534,
      0.25,
      1,
      0.0625,
      0.03999999910593033,
      0.02777777798473835,
      0.03999999910593033,
      0.25,
      0.1111111119389534,
      0.02777777798473835,
      0.03999999910593033,
      0.1111111119389534,
      0.03999999910593033,
      1,
      1,
      0.0625
    ],
    [
      0.03999999910593033,
      1,
      0.1111111119389534,
      0.0625,
      0.0625,
      0.1111111119389534,
      0.25,
      0.1111111119389534,
      0.02777777798473835,
      0.03999999910593033,
      0.03999999910593033,
      0.1111111119389534,
      0.25,
      0.03999999910593033,
      0.0625,
      0.25,
      0.0625,
      1,
      1,
      0.1111111119389534
    ],
    [
      0.02777777798473835,
      0.25,
      0.25,
      0.0625,
      0.03999999910593033,
      0.02777777798473835,
      0.03999999910593033,
      0.0625,
      0.020408162847161293,
      0.25,
      0.1111111119389534,
      0.02777777798473835,
      1,
      0.25,
      1,
      0.1111111119389534,
      0.1111111119389534,
      0.0625,
      0.1111111119389534,
      1
    ]
  ]
}