{
  "nodes": [
    {
      "index": 0,
      "id": 0
    },
    {
      "index": 1,
      "id": 1
    },
    {
      "index": 2,
      "id": 2
    },
    {
      "index": 3,
      "id": 3
    },
    {
      "index": 4,
      "id": 4
    },
    {
      "index": 5,
      "id": 5
    },
    {
      "index": 6,
      "id": 6
    },
    {
      "index": 7,
      "id": 7
    },
    {
      "index": 8,
      "id": 8
    },
    {
      "index": 9,
      "id": 9
    },
    {
      "index": 10,
      "id": 10
    },
    {
      "index": 11,
      "id": 11
    },
    {
      "index": 12,
      "id": 12
    },
    {
      "index": 13,
      "id": 13
    },
    {
      "index": 14,
      "id": 14
    },
    {
      "index": 15,
      "id": 15
    },
    {
      "index": 16,
      "id": 16
    },
    {
      "index": 17,
      "id": 17
    },
    {
      "index": 18,
      "id": 18
    },
    {
      "index": 19,
      "id": 19
    },
    {
      "index": 20,
      "id": 20
    },
    {
      "index": 21,
      "id": 21
    },
    {
      "index": 22,
      "id": 22
    },
    {
      "index": 23,
      "id": 23
    },
    {
      "index": 24,
      "id": 24
    },
    {
      "index": 25,
      "id": 25
    },
    {
      "index": 26,
      "id": 26
    },
    {
      "index": 27,
      "id": 27
    },
    {
      "index": 28,
      "id": 28
    },
    {
      "index": 29,
      "id": 29
    },
    {
      "index": 30,
      "id": 30
    }
  ],
  "edges": [
    {
      "source": 0,
      "target": 1
    },
    {
      "source": 0,
      "target": 2
    },
    {
      "source": 1,
      "target": 3
    },
    {
      "source": 1,
      "target": 4
    },
    {
      "source": 2,
      "target": 5
    },
    {
      "source": 2,
      "target": 6
    },
    {
      "source": 3,
      "target": 7
    },
    {
      "source": 3,
      "target": 8
    },
    {
      "source": 4,
      "target": 9
    },
    {
      "source": 4,
      "target": 10
    },
    {
      "source": 5,
      "target": 11
    },
    {
      "source": 5,
      "target": 12
    },
    {
      "source": 6,
      "target": 13
    },
    {
      "source": 6,
      "target": 14
    },
    {
      "source": 7,
      "target": 15
    },
    {
      "source": 7,
      "target": 16
    },
    {
      "source": 8,
      "target": 17
    },
    {
      "source": 8,
      "target": 18
    },
    {
      "source": 9,
      "target": 19
    },
    {
      "source": 9,
      "target": 20
    },
    {
      "source": 10,
      "target": 21
    },
    {
      "source": 10,
      "target": 22
    },
    {
      "source": 11,
      "target": 23
    },
    {
      "source": 11,
      "target": 24
    },
    {
      "source": 12,
      "target": 25
    },
    {
      "source": 12,
      "target": 26
    },
    {
      "source": 13,
      "target": 27
    },
    {
      "source": 13,
      "target": 28
    },
    {
      "source": 14,
      "target": 29
    },
    {
      "source": 14,
      "target": 30
    }
  ],
  "weight": [
    [
      1.0,
      0.5,
      0.5,
      0.20000000298023224,
      0.20000000298023224,
      0.20000000298023224,
      0.20000000298023224,
      0.10000000149011612,
      0.10000000149011612,
      0.10000000149011612,
      0.10000000149011612,
      0.10000000149011612,
      0.10000000149011612,
      0.10000000149011612,
      0.10000000149011612,
      0.05882352963089943,
      0.05882352963089943,
      0.05882352963089943,
      0.05882352963089943,
      0.05882352963089943,
      0.05882352963089943,
      0.05882352963089943,
      0.05882352963089943,
      0.05882352963089943,
      0.05882352963089943,
      0.05882352963089943,
      0.05882352963089943,
      0.05882352963089943,
      0.05882352963089943,
      0.05882352963089943,
      0.05882352963089943
    ],
    [
      0.5,
      1.0,
      0.20000000298023224,
      0.5,
      0.5,
      0.10000000149011612,
      0.10000000149011612,
      0.20000000298023224,
      0.20000000298023224,
      0.20000000298023224,
      0.20000000298023224,
      0.05882352963089943,
      0.05882352963089943,
      0.05882352963089943,
      0.05882352963089943,
      0.10000000149011612,
      0.10000000149011612,
      0.10000000149011612,
      0.10000000149011612,
      0.10000000149011612,
      0.10000000149011612,
      0.10000000149011612,
      0.10000000149011612,
      0.03846153989434242,
      0.03846153989434242,
      0.03846153989434242,
      0.03846153989434242,
      0.03846153989434242,
      0.03846153989434242,
      0.03846153989434242,
      0.03846153989434242
    ],
    [
      0.5,
      0.20000000298023224,
      1.0,
      0.10000000149011612,
      0.10000000149011612,
      0.5,
      0.5,
      0.05882352963089943,
      0.05882352963089943,
      0.05882352963089943,
      0.05882352963089943,
      0.20000000298023224,
      0.20000000298023224,
      0.20000000298023224,
      0.20000000298023224,
      0.03846153989434242,
      0.03846153989434242,
      0.03846153989434242,
      0.03846153989434242,
      0.03846153989434242,
      0.03846153989434242,
      0.03846153989434242,
      0.03846153989434242,
      0.10000000149011612,
      0.10000000149011612,
      0.10000000149011612,
      0.10000000149011612,
      0.10000000149011612,
      0.10000000149011612,
      0.10000000149011612,
      0.10000000149011612
    ],
    [
      0.20000000298023224,
      0.5,
      0.10000000149011612,
      1.0,
      0.20000000298023224,
      0.05882352963089943,
      0.05882352963089943,
      0.5,
      0.5,
      0.10000000149011612,
      0.10000000149011612,
      0.03846153989434242,
      0.03846153989434242,
      0.03846153989434242,
      0.03846153989434242,
      0.20000000298023224,
      0.20000000298023224,
      0.20000000298023224,
      0.20000000298023224,
      0.05882352963089943,
      0.05882352963089943,
      0.05882352963089943,
      0.05882352963089943,
      0.027027027681469917,
      0.027027027681469917,
      0.027027027681469917,
      0.027027027681469917,
      0.027027027681469917,
      0.027027027681469917,
      0.027027027681469917,
      0.027027027681469917
    ],
    [
      0.20000000298023224,
      0.5,
      0.10000000149011612,
      0.20000000298023224,
      1.0,
      0.05882352963089943,
      0.05882352963089943,
      0.10000000149011612,
      0.10000000149011612,
      0.5,
      0.5,
      0.03846153989434242,
      0.03846153989434242,
      0.03846153989434242,
      0.03846153989434242,
      0.05882352963089943,
      0.05882352963089943,
      0.05882352963089943,
      0.05882352963089943,
      0.20000000298023224,
      0.20000000298023224,
      0.20000000298023224,
      0.20000000298023224,
      0.027027027681469917,
      0.027027027681469917,
      0.027027027681469917,
      0.027027027681469917,
      0.027027027681469917,
      0.027027027681469917,
      0.027027027681469917,
      0.027027027681469917
    ],
    [
      0.20000000298023224,
      0.10000000149011612,
      0.5,
      0.05882352963089943,
      0.05882352963089943,
      1.0,
      0.20000000298023224,
      0.03846153989434242,
      0.03846153989434242,
      0.03846153989434242,
      0.03846153989434242,
      0.5,
      0.5,
      0.10000000149011612,
      0.10000000149011612,
      0.027027027681469917,
      0.027027027681469917,
      0.027027027681469917,
      0.027027027681469917,
      0.027027027681469917,
      0.027027027681469917,
      0.027027027681469917,
      0.027027027681469917,
      0.20000000298023224,
      0.20000000298023224,
      0.20000000298023224,
      0.20000000298023224,
      0.05882352963089943,
      0.05882352963089943,
      0.05882352963089943,
      0.05882352963089943
    ],
    [
      0.20000000298023224,
      0.10000000149011612,
      0.5,
      0.05882352963089943,
      0.05882352963089943,
      0.20000000298023224,
      1.0,
      0.03846153989434242,
      0.03846153989434242,
      0.03846153989434242,
      0.03846153989434242,
      0.10000000149011612,
      0.10000000149011612,
      0.5,
      0.5,
      0.027027027681469917,
      0.027027027681469917,
      0.027027027681469917,
      0.027027027681469917,
      0.027027027681469917,
      0.027027027681469917,
      0.027027027681469917,
      0.027027027681469917,
      0.05882352963089943,
      0.05882352963089943,
      0.05882352963089943,
      0.05882352963089943,
      0.20000000298023224,
      0.20000000298023224,
      0.20000000298023224,
      0.20000000298023224
    ],
    [
      0.10000000149011612,
      0.20000000298023224,
      0.05882352963089943,
      0.5,
      0.10000000149011612,
      0.03846153989434242,
      0.03846153989434242,
      1.0,
      0.20000000298023224,
      0.05882352963089943,
      0.05882352963089943,
      0.027027027681469917,
      0.027027027681469917,
      0.027027027681469917,
      0.027027027681469917,
      0.5,
      0.5,
      0.10000000149011612,
      0.10000000149011612,
      0.03846153989434242,
      0.03846153989434242,
      0.03846153989434242,
      0.03846153989434242,
      0.019999999552965164,
      0.019999999552965164,
      0.019999999552965164,
      0.019999999552965164,
      0.019999999552965164,
      0.019999999552965164,
      0.019999999552965164,
      0.019999999552965164
    ],
    [
      0.10000000149011612,
      0.20000000298023224,
      0.05882352963089943,
      0.5,
      0.10000000149011612,
      0.03846153989434242,
      0.03846153989434242,
      0.20000000298023224,
      1.0,
      0.05882352963089943,
      0.05882352963089943,
      0.027027027681469917,
      0.027027027681469917,
      0.027027027681469917,
      0.027027027681469917,
      0.10000000149011612,
      0.10000000149011612,
      0.5,
      0.5,
      0.03846153989434242,
      0.03846153989434242,
      0.03846153989434242,
      0.03846153989434242,
      0.019999999552965164,
      0.019999999552965164,
      0.019999999552965164,
      0.019999999552965164,
      0.019999999552965164,
      0.019999999552965164,
      0.019999999552965164,
      0.019999999552965164
    ],
    [
      0.10000000149011612,
      0.20000000298023224,
      0.05882352963089943,
      0.10000000149011612,
      0.5,
      0.03846153989434242,
      0.03846153989434242,
      0.05882352963089943,
      0.05882352963089943,
      1.0,
      0.20000000298023224,
      0.027027027681469917,
      0.027027027681469917,
      0.027027027681469917,
      0.027027027681469917,
      0.03846153989434242,
      0.03846153989434242,
      0.03846153989434242,
      0.03846153989434242,
      0.5,
      0.5,
      0.10000000149011612,
      0.10000000149011612,
      0.019999999552965164,
      0.019999999552965164,
      0.019999999552965164,
      0.019999999552965164,
      0.019999999552965164,
      0.019999999552965164,
      0.019999999552965164,
      0.019999999552965164
    ],
    [
      0.10000000149011612,
      0.20000000298023224,
      0.05882352963089943,
      0.10000000149011612,
      0.5,
      0.03846153989434242,
      0.03846153989434242,
      0.05882352963089943,
      0.05882352963089943,
      0.20000000298023224,
      1.0,
      0.027027027681469917,
      0.027027027681469917,
      0.027027027681469917,
      0.027027027681469917,
      0.03846153989434242,
      0.03846153989434242,
      0.03846153989434242,
      0.03846153989434242,
      0.10000000149011612,
      0.10000000149011612,
      0.5,
      0.5,
      0.019999999552965164,
      0.019999999552965164,
      0.019999999552965164,
      0.019999999552965164,
      0.019999999552965164,
      0.019999999552965164,
      0.019999999552965164,
      0.019999999552965164
    ],
    [
      0.10000000149011612,
      0.05882352963089943,
      0.20000000298023224,
      0.03846153989434242,
      0.03846153989434242,
      0.5,
      0.10000000149011612,
      0.027027027681469917,
      0.027027027681469917,
      0.027027027681469917,
      0.027027027681469917,
      1.0,
      0.20000000298023224,
      0.05882352963089943,
      0.05882352963089943,
      0.019999999552965164,
      0.019999999552965164,
      0.019999999552965164,
      0.019999999552965164,
      0.019999999552965164,
      0.019999999552965164,
      0.019999999552965164,
      0.019999999552965164,
      0.5,
      0.5,
      0.10000000149011612,
      0.10000000149011612,
      0.03846153989434242,
      0.03846153989434242,
      0.03846153989434242,
      0.03846153989434242
    ],
    [
      0.10000000149011612,
      0.05882352963089943,
      0.20000000298023224,
      0.03846153989434242,
      0.03846153989434242,
      0.5,
      0.10000000149011612,
      0.027027027681469917,
      0.027027027681469917,
      0.027027027681469917,
      0.027027027681469917,
      0.20000000298023224,
      1.0,
      0.05882352963089943,
      0.05882352963089943,
      0.019999999552965164,
      0.019999999552965164,
      0.019999999552965164,
      0.019999999552965164,
      0.019999999552965164,
      0.019999999552965164,
      0.019999999552965164,
      0.019999999552965164,
      0.10000000149011612,
      0.10000000149011612,
      0.5,
      0.5,
      0.03846153989434242,
      0.03846153989434242,
      0.03846153989434242,
      0.03846153989434242
    ],
    [
      0.10000000149011612,
      0.05882352963089943,
      0.20000000298023224,
      0.03846153989434242,
      0.03846153989434242,
      0.10000000149011612,
      0.5,
      0.027027027681469917,
      0.027027027681469917,
      0.027027027681469917,
      0.027027027681469917,
      0.05882352963089943,
      0.05882352963089943,
      1.0,
      0.20000000298023224,
      0.019999999552965164,
      0.019999999552965164,
      0.019999999552965164,
      0.019999999552965164,
      0.019999999552965164,
      0.019999999552965164,
      0.019999999552965164,
      0.019999999552965164,
      0.03846153989434242,
      0.03846153989434242,
      0.03846153989434242,
      0.03846153989434242,
      0.5,
      0.5,
      0.10000000149011612,
      0.10000000149011612
    ],
    [
      0.10000000149011612,
      0.05882352963089943,
      0.20000000298023224,
      0.03846153989434242,
      0.03846153989434242,
      0.10000000149011612,
      0.5,
      0.027027027681469917,
      0.027027027681469917,
      0.027027027681469917,
      0.027027027681469917,
      0.05882352963089943,
      0.05882352963089943,
      0.20000000298023224,
      1.0,
      0.019999999552965164,
      0.019999999552965164,
      0.019999999552965164,
      0.019999999552965164,
      0.019999999552965164,
      0.019999999552965164,
      0.019999999552965164,
      0.019999999552965164,
      0.03846153989434242,
      0.03846153989434242,
      0.03846153989434242,
      0.03846153989434242,
      0.10000000149011612,
      0.10000000149011612,
      0.5,
      0.5
    ],
    [
      0.05882352963089943,
      0.10000000149011612,
      0.03846153989434242,
      0.20000000298023224,
      0.05882352963089943,
      0.027027027681469917,
      0.027027027681469917,
      0.5,
      0.10000000149011612,
      0.03846153989434242,
      0.03846153989434242,
      0.019999999552965164,
      0.019999999552965164,
      0.019999999552965164,
      0.019999999552965164,
      1.0,
      0.20000000298023224,
      0.05882352963089943,
      0.05882352963089943,
      0.027027027681469917,
      0.027027027681469917,
      0.027027027681469917,
      0.027027027681469917,
      0.015384615398943424,
      0.015384615398943424,
      0.015384615398943424,
      0.015384615398943424,
      0.015384615398943424,
      0.015384615398943424,
      0.015384615398943424,
      0.015384615398943424
    ],
    [
      0.05882352963089943,
      0.10000000149011612,
      0.03846153989434242,
      0.20000000298023224,
      0.05882352963089943,
      0.027027027681469917,
      0.027027027681469917,
      0.5,
      0.10000000149011612,
      0.03846153989434242,
      0.03846153989434242,
      0.019999999552965164,
      0.019999999552965164,
      0.019999999552965164,
      0.019999999552965164,
      0.20000000298023224,
      1.0,
      0.05882352963089943,
      0.05882352963089943,
      0.027027027681469917,
      0.027027027681469917,
      0.027027027681469917,
      0.027027027681469917,
      0.015384615398943424,
      0.015384615398943424,
      0.015384615398943424,
      0.015384615398943424,
      0.015384615398943424,
      0.015384615398943424,
      0.015384615398943424,
      0.015384615398943424
    ],
    [
      0.05882352963089943,
      0.10000000149011612,
      0.03846153989434242,
      0.20000000298023224,
      0.05882352963089943,
      0.027027027681469917,
      0.027027027681469917,
      0.10000000149011612,
      0.5,
      0.03846153989434242,
      0.03846153989434242,
      0.019999999552965164,
      0.019999999552965164,
      0.019999999552965164,
      0.019999999552965164,
      0.05882352963089943,
      0.05882352963089943,
      1.0,
      0.20000000298023224,
      0.027027027681469917,
      0.027027027681469917,
      0.027027027681469917,
      0.027027027681469917,
      0.015384615398943424,
      0.015384615398943424,
      0.015384615398943424,
      0.015384615398943424,
      0.015384615398943424,
      0.015384615398943424,
      0.015384615398943424,
      0.015384615398943424
    ],
    [
      0.05882352963089943,
      0.10000000149011612,
      0.03846153989434242,
      0.20000000298023224,
      0.05882352963089943,
      0.027027027681469917,
      0.027027027681469917,
      0.10000000149011612,
      0.5,
      0.03846153989434242,
      0.03846153989434242,
      0.019999999552965164,
      0.019999999552965164,
      0.019999999552965164,
      0.019999999552965164,
      0.05882352963089943,
      0.05882352963089943,
      0.20000000298023224,
      1.0,
      0.027027027681469917,
      0.027027027681469917,
      0.027027027681469917,
      0.027027027681469917,
      0.015384615398943424,
      0.015384615398943424,
      0.015384615398943424,
      0.015384615398943424,
      0.015384615398943424,
      0.015384615398943424,
      0.015384615398943424,
      0.015384615398943424
    ],
    [
      0.05882352963089943,
      0.10000000149011612,
      0.03846153989434242,
      0.05882352963089943,
      0.20000000298023224,
      0.027027027681469917,
      0.027027027681469917,
      0.03846153989434242,
      0.03846153989434242,
      0.5,
      0.10000000149011612,
      0.019999999552965164,
      0.019999999552965164,
      0.019999999552965164,
      0.019999999552965164,
      0.027027027681469917,
      0.027027027681469917,
      0.027027027681469917,
      0.027027027681469917,
      1.0,
      0.20000000298023224,
      0.05882352963089943,
      0.05882352963089943,
      0.015384615398943424,
      0.015384615398943424,
      0.015384615398943424,
      0.015384615398943424,
      0.015384615398943424,
      0.015384615398943424,
      0.015384615398943424,
      0.015384615398943424
    ],
    [
      0.05882352963089943,
      0.10000000149011612,
      0.03846153989434242,
      0.05882352963089943,
      0.20000000298023224,
      0.027027027681469917,
      0.027027027681469917,
      0.03846153989434242,
      0.03846153989434242,
      0.5,
      0.10000000149011612,
      0.019999999552965164,
      0.019999999552965164,
      0.019999999552965164,
      0.019999999552965164,
      0.027027027681469917,
      0.027027027681469917,
      0.027027027681469917,
      0.027027027681469917,
      0.20000000298023224,
      1.0,
      0.05882352963089943,
      0.05882352963089943,
      0.015384615398943424,
      0.015384615398943424,
      0.015384615398943424,
      0.015384615398943424,
      0.015384615398943424,
      0.015384615398943424,
      0.015384615398943424,
      0.015384615398943424
    ],
    [
      0.05882352963089943,
      0.10000000149011612,
      0.03846153989434242,
      0.05882352963089943,
      0.20000000298023224,
      0.027027027681469917,
      0.027027027681469917,
      0.03846153989434242,
      0.03846153989434242,
      0.10000000149011612,
      0.5,
      0.019999999552965164,
      0.019999999552965164,
      0.019999999552965164,
      0.019999999552965164,
      0.027027027681469917,
      0.027027027681469917,
      0.027027027681469917,
      0.027027027681469917,
      0.05882352963089943,
      0.05882352963089943,
      1.0,
      0.20000000298023224,
      0.015384615398943424,
      0.015384615398943424,
      0.015384615398943424,
      0.015384615398943424,
      0.015384615398943424,
      0.015384615398943424,
      0.015384615398943424,
      0.015384615398943424
    ],
    [
      0.05882352963089943,
      0.10000000149011612,
      0.03846153989434242,
      0.05882352963089943,
      0.20000000298023224,
      0.027027027681469917,
      0.027027027681469917,
      0.03846153989434242,
      0.03846153989434242,
      0.10000000149011612,
      0.5,
      0.019999999552965164,
      0.019999999552965164,
      0.019999999552965164,
      0.019999999552965164,
      0.027027027681469917,
      0.027027027681469917,
      0.027027027681469917,
      0.027027027681469917,
      0.05882352963089943,
      0.05882352963089943,
      0.20000000298023224,
      1.0,
      0.015384615398943424,
      0.015384615398943424,
      0.015384615398943424,
      0.015384615398943424,
      0.015384615398943424,
      0.015384615398943424,
      0.015384615398943424,
      0.015384615398943424
    ],
    [
      0.05882352963089943,
      0.03846153989434242,
      0.10000000149011612,
      0.027027027681469917,
      0.027027027681469917,
      0.20000000298023224,
      0.05882352963089943,
      0.019999999552965164,
      0.019999999552965164,
      0.019999999552965164,
      0.019999999552965164,
      0.5,
      0.10000000149011612,
      0.03846153989434242,
      0.03846153989434242,
      0.015384615398943424,
      0.015384615398943424,
      0.015384615398943424,
      0.015384615398943424,
      0.015384615398943424,
      0.015384615398943424,
      0.015384615398943424,
      0.015384615398943424,
      1.0,
      0.20000000298023224,
      0.05882352963089943,
      0.05882352963089943,
      0.027027027681469917,
      0.027027027681469917,
      0.027027027681469917,
      0.027027027681469917
    ],
    [
      0.05882352963089943,
      0.03846153989434242,
      0.10000000149011612,
      0.027027027681469917,
      0.027027027681469917,
      0.20000000298023224,
      0.05882352963089943,
      0.019999999552965164,
      0.019999999552965164,
      0.019999999552965164,
      0.019999999552965164,
      0.5,
      0.10000000149011612,
      0.03846153989434242,
      0.03846153989434242,
      0.015384615398943424,
      0.015384615398943424,
      0.015384615398943424,
      0.015384615398943424,
      0.015384615398943424,
      0.015384615398943424,
      0.015384615398943424,
      0.015384615398943424,
      0.20000000298023224,
      1.0,
      0.05882352963089943,
      0.05882352963089943,
      0.027027027681469917,
      0.027027027681469917,
      0.027027027681469917,
      0.027027027681469917
    ],
    [
      0.05882352963089943,
      0.03846153989434242,
      0.10000000149011612,
      0.027027027681469917,
      0.027027027681469917,
      0.20000000298023224,
      0.05882352963089943,
      0.019999999552965164,
      0.019999999552965164,
      0.019999999552965164,
      0.019999999552965164,
      0.10000000149011612,
      0.5,
      0.03846153989434242,
      0.03846153989434242,
      0.015384615398943424,
      0.015384615398943424,
      0.015384615398943424,
      0.015384615398943424,
      0.015384615398943424,
      0.015384615398943424,
      0.015384615398943424,
      0.015384615398943424,
      0.05882352963089943,
      0.05882352963089943,
      1.0,
      0.20000000298023224,
      0.027027027681469917,
      0.027027027681469917,
      0.027027027681469917,
      0.027027027681469917
    ],
    [
      0.05882352963089943,
      0.03846153989434242,
      0.10000000149011612,
      0.027027027681469917,
      0.027027027681469917,
      0.20000000298023224,
      0.05882352963089943,
      0.019999999552965164,
      0.019999999552965164,
      0.019999999552965164,
      0.019999999552965164,
      0.10000000149011612,
      0.5,
      0.03846153989434242,
      0.03846153989434242,
      0.015384615398943424,
      0.015384615398943424,
      0.015384615398943424,
      0.015384615398943424,
      0.015384615398943424,
      0.015384615398943424,
      0.015384615398943424,
      0.015384615398943424,
      0.05882352963089943,
      0.05882352963089943,
      0.20000000298023224,
      1.0,
      0.027027027681469917,
      0.027027027681469917,
      0.027027027681469917,
      0.027027027681469917
    ],
    [
      0.05882352963089943,
      0.03846153989434242,
      0.10000000149011612,
      0.027027027681469917,
      0.027027027681469917,
      0.05882352963089943,
      0.20000000298023224,
      0.019999999552965164,
      0.019999999552965164,
      0.019999999552965164,
      0.019999999552965164,
      0.03846153989434242,
      0.03846153989434242,
      0.5,
      0.10000000149011612,
      0.015384615398943424,
      0.015384615398943424,
      0.015384615398943424,
      0.015384615398943424,
      0.015384615398943424,
      0.015384615398943424,
      0.015384615398943424,
      0.015384615398943424,
      0.027027027681469917,
      0.027027027681469917,
      0.027027027681469917,
      0.027027027681469917,
      1.0,
      0.20000000298023224,
      0.05882352963089943,
      0.05882352963089943
    ],
    [
      0.05882352963089943,
      0.03846153989434242,
      0.10000000149011612,
      0.027027027681469917,
      0.027027027681469917,
      0.05882352963089943,
      0.20000000298023224,
      0.019999999552965164,
      0.019999999552965164,
      0.019999999552965164,
      0.019999999552965164,
      0.03846153989434242,
      0.03846153989434242,
      0.5,
      0.10000000149011612,
      0.015384615398943424,
      0.015384615398943424,
      0.015384615398943424,
      0.015384615398943424,
      0.015384615398943424,
      0.015384615398943424,
      0.015384615398943424,
      0.015384615398943424,
      0.027027027681469917,
      0.027027027681469917,
      0.027027027681469917,
      0.027027027681469917,
      0.20000000298023224,
      1.0,
      0.05882352963089943,
      0.05882352963089943
    ],
    [
      0.05882352963089943,
      0.03846153989434242,
      0.10000000149011612,
      0.027027027681469917,
      0.027027027681469917,
      0.05882352963089943,
      0.20000000298023224,
      0.019999999552965164,
      0.019999999552965164,
      0.019999999552965164,
      0.019999999552965164,
      0.03846153989434242,
      0.03846153989434242,
      0.10000000149011612,
      0.5,
      0.015384615398943424,
      0.015384615398943424,
      0.015384615398943424,
      0.015384615398943424,
      0.015384615398943424,
      0.015384615398943424,
      0.015384615398943424,
      0.015384615398943424,
      0.027027027681469917,
      0.027027027681469917,
      0.027027027681469917,
      0.027027027681469917,
      0.05882352963089943,
      0.05882352963089943,
      1.0,
      0.20000000298023224
    ],
    [
      0.05882352963089943,
      0.03846153989434242,
      0.10000000149011612,
      0.027027027681469917,
      0.027027027681469917,
      0.05882352963089943,
      0.20000000298023224,
      0.019999999552965164,
      0.019999999552965164,
      0.019999999552965164,
      0.019999999552965164,
      0.03846153989434242,
      0.03846153989434242,
      0.10000000149011612,
      0.5,
      0.015384615398943424,
      0.015384615398943424,
      0.015384615398943424,
      0.015384615398943424,
      0.015384615398943424,
      0.015384615398943424,
      0.015384615398943424,
      0.015384615398943424,
      0.027027027681469917,
      0.027027027681469917,
      0.027027027681469917,
      0.027027027681469917,
      0.05882352963089943,
      0.05882352963089943,
      0.20000000298023224,
      1.0
    ]
  ],
  "graph_distance": [
    [
      0.0,
      1.0,
      1.0,
      2.0,
      2.0,
      2.0,
      2.0,
      3.0,
      3.0,
      3.0,
      3.0,
      3.0,
      3.0,
      3.0,
      3.0,
      4.0,
      4.0,
      4.0,
      4.0,
      4.0,
      4.0,
      4.0,
      4.0,
      4.0,
      4.0,
      4.0,
      4.0,
      4.0,
      4.0,
      4.0,
      4.0
    ],
    [
      1.0,
      0.0,
      2.0,
      1.0,
      1.0,
      3.0,
      3.0,
      2.0,
      2.0,
      2.0,
      2.0,
      4.0,
      4.0,
      4.0,
      4.0,
      3.0,
      3.0,
      3.0,
      3.0,
      3.0,
      3.0,
      3.0,
      3.0,
      5.0,
      5.0,
      5.0,
      5.0,
      5.0,
      5.0,
      5.0,
      5.0
    ],
    [
      1.0,
      2.0,
      0.0,
      3.0,
      3.0,
      1.0,
      1.0,
      4.0,
      4.0,
      4.0,
      4.0,
      2.0,
      2.0,
      2.0,
      2.0,
      5.0,
      5.0,
      5.0,
      5.0,
      5.0,
      5.0,
      5.0,
      5.0,
      3.0,
      3.0,
      3.0,
      3.0,
      3.0,
      3.0,
      3.0,
      3.0
    ],
    [
      2.0,
      1.0,
      3.0,
      0.0,
      2.0,
      4.0,
      4.0,
      1.0,
      1.0,
      3.0,
      3.0,
      5.0,
      5.0,
      5.0,
      5.0,
      2.0,
      2.0,
      2.0,
      2.0,
      4.0,
      4.0,
      4.0,
      4.0,
      6.0,
      6.0,
      6.0,
      6.0,
      6.0,
      6.0,
      6.0,
      6.0
    ],
    [
      2.0,
      1.0,
      3.0,
      2.0,
      0.0,
      4.0,
      4.0,
      3.0,
      3.0,
      1.0,
      1.0,
      5.0,
      5.0,
      5.0,
      5.0,
      4.0,
      4.0,
      4.0,
      4.0,
      2.0,
      2.0,
      2.0,
      2.0,
      6.0,
      6.0,
      6.0,
      6.0,
      6.0,
      6.0,
      6.0,
      6.0
    ],
    [
      2.0,
      3.0,
      1.0,
      4.0,
      4.0,
      0.0,
      2.0,
      5.0,
      5.0,
      5.0,
      5.0,
      1.0,
      1.0,
      3.0,
      3.0,
      6.0,
      6.0,
      6.0,
      6.0,
      6.0,
      6.0,
      6.0,
      6.0,
      2.0,
      2.0,
      2.0,
      2.0,
      4.0,
      4.0,
      4.0,
      4.0
    ],
    [
      2.0,
      3.0,
      1.0,
      4.0,
      4.0,
      2.0,
      0.0,
      5.0,
      5.0,
      5.0,
      5.0,
      3.0,
      3.0,
      1.0,
      1.0,
      6.0,
      6.0,
      6.0,
      6.0,
      6.0,
      6.0,
      6.0,
      6.0,
      4.0,
      4.0,
      4.0,
      4.0,
      2.0,
      2.0,
      2.0,
      2.0
    ],
    [
      3.0,
      2.0,
      4.0,
      1.0,
      3.0,
      5.0,
      5.0,
      0.0,
      2.0,
      4.0,
      4.0,
      6.0,
      6.0,
      6.0,
      6.0,
      1.0,
      1.0,
      3.0,
      3.0,
      5.0,
      5.0,
      5.0,
      5.0,
      7.0,
      7.0,
      7.0,
      7.0,
      7.0,
      7.0,
      7.0,
      7.0
    ],
    [
      3.0,
      2.0,
      4.0,
      1.0,
      3.0,
      5.0,
      5.0,
      2.0,
      0.0,
      4.0,
      4.0,
      6.0,
      6.0,
      6.0,
      6.0,
      3.0,
      3.0,
      1.0,
      1.0,
      5.0,
      5.0,
      5.0,
      5.0,
      7.0,
      7.0,
      7.0,
      7.0,
      7.0,
      7.0,
      7.0,
      7.0
    ],
    [
      3.0,
      2.0,
      4.0,
      3.0,
      1.0,
      5.0,
      5.0,
      4.0,
      4.0,
      0.0,
      2.0,
      6.0,
      6.0,
      6.0,
      6.0,
      5.0,
      5.0,
      5.0,
      5.0,
      1.0,
      1.0,
      3.0,
      3.0,
      7.0,
      7.0,
      7.0,
      7.0,
      7.0,
      7.0,
      7.0,
      7.0
    ],
    [
      3.0,
      2.0,
      4.0,
      3.0,
      1.0,
      5.0,
      5.0,
      4.0,
      4.0,
      2.0,
      0.0,
      6.0,
      6.0,
      6.0,
      6.0,
      5.0,
      5.0,
      5.0,
      5.0,
      3.0,
      3.0,
      1.0,
      1.0,
      7.0,
      7.0,
      7.0,
      7.0,
      7.0,
      7.0,
      7.0,
      7.0
    ],
    [
      3.0,
      4.0,
      2.0,
      5.0,
      5.0,
      1.0,
      3.0,
      6.0,
      6.0,
      6.0,
      6.0,
      0.0,
      2.0,
      4.0,
      4.0,
      7.0,
      7.0,
      7.0,
      7.0,
      7.0,
      7.0,
      7.0,
      7.0,
      1.0,
      1.0,
      3.0,
      3.0,
      5.0,
      5.0,
      5.0,
      5.0
    ],
    [
      3.0,
      4.0,
      2.0,
      5.0,
      5.0,
      1.0,
      3.0,
      6.0,
      6.0,
      6.0,
      6.0,
      2.0,
      0.0,
      4.0,
      4.0,
      7.0,
      7.0,
      7.0,
      7.0,
      7.0,
      7.0,
      7.0,
      7.0,
      3.0,
      3.0,
      1.0,
      1.0,
      5.0,
      5.0,
      5.0,
      5.0
    ],
    [
      3.0,
      4.0,
      2.0,
      5.0,
      5.0,
      3.0,
      1.0,
      6.0,
      6.0,
      6.0,
      6.0,
      4.0,
      4.0,
      0.0,
      2.0,
      7.0,
      7.0,
      7.0,
      7.0,
      7.0,
      7.0,
      7.0,
      7.0,
      5.0,
      5.0,
      5.0,
      5.0,
      1.0,
      1.0,
      3.0,
      3.0
    ],
    [
      3.0,
      4.0,
      2.0,
      5.0,
      5.0,
      3.0,
      1.0,
      6.0,
      6.0,
      6.0,
      6.0,
      4.0,
      4.0,
      2.0,
      0.0,
      7.0,
      7.0,
      7.0,
      7.0,
      7.0,
      7.0,
      7.0,
      7.0,
      5.0,
      5.0,
      5.0,
      5.0,
      3.0,
      3.0,
      1.0,
      1.0
    ],
    [
      4.0,
      3.0,
      5.0,
      2.0,
      4.0,
      6.0,
      6.0,
      1.0,
      3.0,
      5.0,
      5.0,
      7.0,
      7.0,
      7.0,
      7.0,
      0.0,
      2.0,
      4.0,
      4.0,
      6.0,
      6.0,
      6.0,
      6.0,
      8.0,
      8.0,
      8.0,
      8.0,
      8.0,
      8.0,
      8.0,
      8.0
    ],
    [
      4.0,
      3.0,
      5.0,
      2.0,
      4.0,
      6.0,
      6.0,
      1.0,
      3.0,
      5.0,
      5.0,
      7.0,
      7.0,
      7.0,
      7.0,
      2.0,
      0.0,
      4.0,
      4.0,
      6.0,
      6.0,
      6.0,
      6.0,
      8.0,
      8.0,
      8.0,
      8.0,
      8.0,
      8.0,
      8.0,
      8.0
    ],
    [
      4.0,
      3.0,
      5.0,
      2.0,
      4.0,
      6.0,
      6.0,
      3.0,
      1.0,
      5.0,
      5.0,
      7.0,
      7.0,
      7.0,
      7.0,
      4.0,
      4.0,
      0.0,
      2.0,
      6.0,
      6.0,
      6.0,
      6.0,
      8.0,
      8.0,
      8.0,
      8.0,
      8.0,
      8.0,
      8.0,
      8.0
    ],
    [
      4.0,
      3.0,
      5.0,
      2.0,
      4.0,
      6.0,
      6.0,
      3.0,
      1.0,
      5.0,
      5.0,
      7.0,
      7.0,
      7.0,
      7.0,
      4.0,
      4.0,
      2.0,
      0.0,
      6.0,
      6.0,
      6.0,
      6.0,
      8.0,
      8.0,
      8.0,
      8.0,
      8.0,
      8.0,
      8.0,
      8.0
    ],
    [
      4.0,
      3.0,
      5.0,
      4.0,
      2.0,
      6.0,
      6.0,
      5.0,
      5.0,
      1.0,
      3.0,
      7.0,
      7.0,
      7.0,
      7.0,
      6.0,
      6.0,
      6.0,
      6.0,
      0.0,
      2.0,
      4.0,
      4.0,
      8.0,
      8.0,
      8.0,
      8.0,
      8.0,
      8.0,
      8.0,
      8.0
    ],
    [
      4.0,
      3.0,
      5.0,
      4.0,
      2.0,
      6.0,
      6.0,
      5.0,
      5.0,
      1.0,
      3.0,
      7.0,
      7.0,
      7.0,
      7.0,
      6.0,
      6.0,
      6.0,
      6.0,
      2.0,
      0.0,
      4.0,
      4.0,
      8.0,
      8.0,
      8.0,
      8.0,
      8.0,
      8.0,
      8.0,
      8.0
    ],
    [
      4.0,
      3.0,
      5.0,
      4.0,
      2.0,
      6.0,
      6.0,
      5.0,
      5.0,
      3.0,
      1.0,
      7.0,
      7.0,
      7.0,
      7.0,
      6.0,
      6.0,
      6.0,
      6.0,
      4.0,
      4.0,
      0.0,
      2.0,
      8.0,
      8.0,
      8.0,
      8.0,
      8.0,
      8.0,
      8.0,
      8.0
    ],
    [
      4.0,
      3.0,
      5.0,
      4.0,
      2.0,
      6.0,
      6.0,
      5.0,
      5.0,
      3.0,
      1.0,
      7.0,
      7.0,
      7.0,
      7.0,
      6.0,
      6.0,
      6.0,
      6.0,
      4.0,
      4.0,
      2.0,
      0.0,
      8.0,
      8.0,
      8.0,
      8.0,
      8.0,
      8.0,
      8.0,
      8.0
    ],
    [
      4.0,
      5.0,
      3.0,
      6.0,
      6.0,
      2.0,
      4.0,
      7.0,
      7.0,
      7.0,
      7.0,
      1.0,
      3.0,
      5.0,
      5.0,
      8.0,
      8.0,
      8.0,
      8.0,
      8.0,
      8.0,
      8.0,
      8.0,
      0.0,
      2.0,
      4.0,
      4.0,
      6.0,
      6.0,
      6.0,
      6.0
    ],
    [
      4.0,
      5.0,
      3.0,
      6.0,
      6.0,
      2.0,
      4.0,
      7.0,
      7.0,
      7.0,
      7.0,
      1.0,
      3.0,
      5.0,
      5.0,
      8.0,
      8.0,
      8.0,
      8.0,
      8.0,
      8.0,
      8.0,
      8.0,
      2.0,
      0.0,
      4.0,
      4.0,
      6.0,
      6.0,
      6.0,
      6.0
    ],
    [
      4.0,
      5.0,
      3.0,
      6.0,
      6.0,
      2.0,
      4.0,
      7.0,
      7.0,
      7.0,
      7.0,
      3.0,
      1.0,
      5.0,
      5.0,
      8.0,
      8.0,
      8.0,
      8.0,
      8.0,
      8.0,
      8.0,
      8.0,
      4.0,
      4.0,
      0.0,
      2.0,
      6.0,
      6.0,
      6.0,
      6.0
    ],
    [
      4.0,
      5.0,
      3.0,
      6.0,
      6.0,
      2.0,
      4.0,
      7.0,
      7.0,
      7.0,
      7.0,
      3.0,
      1.0,
      5.0,
      5.0,
      8.0,
      8.0,
      8.0,
      8.0,
      8.0,
      8.0,
      8.0,
      8.0,
      4.0,
      4.0,
      2.0,
      0.0,
      6.0,
      6.0,
      6.0,
      6.0
    ],
    [
      4.0,
      5.0,
      3.0,
      6.0,
      6.0,
      4.0,
      2.0,
      7.0,
      7.0,
      7.0,
      7.0,
      5.0,
      5.0,
      1.0,
      3.0,
      8.0,
      8.0,
      8.0,
      8.0,
      8.0,
      8.0,
      8.0,
      8.0,
      6.0,
      6.0,
      6.0,
      6.0,
      0.0,
      2.0,
      4.0,
      4.0
    ],
    [
      4.0,
      5.0,
      3.0,
      6.0,
      6.0,
      4.0,
      2.0,
      7.0,
      7.0,
      7.0,
      7.0,
      5.0,
      5.0,
      1.0,
      3.0,
      8.0,
      8.0,
      8.0,
      8.0,
      8.0,
      8.0,
      8.0,
      8.0,
      6.0,
      6.0,
      6.0,
      6.0,
      2.0,
      0.0,
      4.0,
      4.0
    ],
    [
      4.0,
      5.0,
      3.0,
      6.0,
      6.0,
      4.0,
      2.0,
      7.0,
      7.0,
      7.0,
      7.0,
      5.0,
      5.0,
      3.0,
      1.0,
      8.0,
      8.0,
      8.0,
      8.0,
      8.0,
      8.0,
      8.0,
      8.0,
      6.0,
      6.0,
      6.0,
      6.0,
      4.0,
      4.0,
      0.0,
      2.0
    ],
    [
      4.0,
      5.0,
      3.0,
      6.0,
      6.0,
      4.0,
      2.0,
      7.0,
      7.0,
      7.0,
      7.0,
      5.0,
      5.0,
      3.0,
      1.0,
      8.0,
      8.0,
      8.0,
      8.0,
      8.0,
      8.0,
      8.0,
      8.0,
      6.0,
      6.0,
      6.0,
      6.0,
      4.0,
      4.0,
      2.0,
      0.0
    ]
  ]
}