{"nodes": [{"id": 0, "index": 0}, {"id": 1, "index": 1}, {"id": 2, "index": 2}, {"id": 3, "index": 3}, {"id": 4, "index": 4}, {"id": 5, "index": 5}, {"id": 6, "index": 6}, {"id": 7, "index": 7}, {"id": 8, "index": 8}, {"id": 9, "index": 9}, {"id": 10, "index": 10}, {"id": 11, "index": 11}, {"id": 12, "index": 12}, {"id": 13, "index": 13}, {"id": 14, "index": 14}, {"id": 15, "index": 15}, {"id": 16, "index": 16}, {"id": 17, "index": 17}, {"id": 18, "index": 18}, {"id": 19, "index": 19}], "initPositions": [{"id": 0, "x": 0.7955437898635864, "y": 0.4903236925601959}, {"id": 1, "x": 0.1709495484828949, "y": 0.3564945161342621}, {"id": 2, "x": 0.5753242373466492, "y": 0.0}, {"id": 3, "x": 0.8304987549781799, "y": 0.44695785641670227}, {"id": 4, "x": 0.41678425669670105, "y": 0.5954770445823669}, {"id": 5, "x": 0.7484680414199829, "y": 0.07004661858081818}, {"id": 6, "x": 0.23065343499183655, "y": 0.5563957095146179}, {"id": 7, "x": 0.6531942486763, "y": 0.3486819565296173}, {"id": 8, "x": 0.27417561411857605, "y": 0.413108766078949}, {"id": 9, "x": 0.3364580273628235, "y": 0.8369513750076294}, {"id": 10, "x": 0.004842702299356461, "y": 1.0}, {"id": 11, "x": 0.5858226418495178, "y": 0.8136450052261353}, {"id": 12, "x": 0.5856097936630249, "y": 0.46943971514701843}, {"id": 13, "x": 0.28854990005493164, "y": 0.3963049352169037}, {"id": 14, "x": 0.24647608399391174, "y": 0.8217291831970215}, {"id": 15, "x": 0.12351016700267792, "y": 0.5527109503746033}, {"id": 16, "x": 0.12481265515089035, "y": 0.42258381843566895}, {"id": 17, "x": 0.12943442165851593, "y": 0.664161741733551}, {"id": 18, "x": 0.0, "y": 0.735856831073761}, {"id": 19, "x": 0.8058327436447144, "y": 0.8831548094749451}], "edges": [{"source": 0, "target": 17}, {"source": 0, "target": 13}, {"source": 1, "target": 11}, {"source": 2, "target": 9}, {"source": 3, "target": 17}, {"source": 3, "target": 18}, {"source": 4, "target": 8}, {"source": 4, "target": 14}, {"source": 5, "target": 8}, {"source": 5, "target": 10}, {"source": 5, "target": 13}, {"source": 6, "target": 19}, {"source": 6, "target": 12}, {"source": 7, "target": 10}, {"source": 7, "target": 19}, {"source": 8, "target": 11}, {"source": 9, "target": 12}, {"source": 12, "target": 17}, {"source": 14, "target": 18}, {"source": 14, "target": 15}, {"source": 16, "target": 19}]}