{
  "nodes": [
    {
      "index": 0,
      "id": "0",
      "x": 0.5622692704200745,
      "y": -0.5209459066390991
    },
    {
      "index": 1,
      "id": "1",
      "x": -0.4977929890155792,
      "y": 0.7967939376831055
    },
    {
      "index": 2,
      "id": "2",
      "x": -0.7665539383888245,
      "y": 0.5930657982826233
    },
    {
      "index": 3,
      "id": "3",
      "x": 0.3447556495666504,
      "y": -0.7380446791648865
    },
    {
      "index": 4,
      "id": "4",
      "x": 0.7086709141731262,
      "y": -0.2901832163333893
    },
    {
      "index": 5,
      "id": "5",
      "x": -0.556662380695343,
      "y": -0.32630443572998047
    },
    {
      "index": 6,
      "id": "6",
      "x": -0.5432992577552795,
      "y": -0.5720498561859131
    },
    {
      "index": 7,
      "id": "7",
      "x": 0.5937533378601074,
      "y": 0.5849197506904602
    },
    {
      "index": 8,
      "id": "8",
      "x": 0.35697612166404724,
      "y": 0.5369590520858765
    },
    {
      "index": 9,
      "id": "9",
      "x": -0.22710204124450684,
      "y": -0.04393256828188896
    }
  ],
  "edges": [
    {
      "source": "0",
      "target": "5"
    },
    {
      "source": "0",
      "target": "7"
    },
    {
      "source": "0",
      "target": "9"
    },
    {
      "source": "0",
      "target": "6"
    },
    {
      "source": "0",
      "target": "8"
    },
    {
      "source": "1",
      "target": "5"
    },
    {
      "source": "1",
      "target": "7"
    },
    {
      "source": "1",
      "target": "9"
    },
    {
      "source": "1",
      "target": "6"
    },
    {
      "source": "1",
      "target": "8"
    },
    {
      "source": "2",
      "target": "5"
    },
    {
      "source": "2",
      "target": "7"
    },
    {
      "source": "2",
      "target": "9"
    },
    {
      "source": "2",
      "target": "6"
    },
    {
      "source": "2",
      "target": "8"
    },
    {
      "source": "3",
      "target": "5"
    },
    {
      "source": "3",
      "target": "7"
    },
    {
      "source": "3",
      "target": "9"
    },
    {
      "source": "3",
      "target": "6"
    },
    {
      "source": "3",
      "target": "8"
    },
    {
      "source": "4",
      "target": "5"
    },
    {
      "source": "4",
      "target": "7"
    },
    {
      "source": "4",
      "target": "9"
    },
    {
      "source": "4",
      "target": "6"
    },
    {
      "source": "4",
      "target": "8"
    }
  ],
  "coef": {
    "stress": 0.2,
    "crossing_angle": 0.08,
    "neighbor": 0,
    "edge_uniformity": 0.29,
    "crossing_number": 0,
    "angular_resolution": 0,
    "vertex_resolution": 0,
    "gabriel": 0,
    "aspect_ratio": 0
  },
  "optimizer": {
    "lr": 0.3987566410950223,
    "momentum": 0.5
  },
  "graphDistance": [
    [
      0,
      2,
      2,
      2,
      2,
      1,
      1,
      1,
      1,
      1
    ],
    [
      2,
      0,
      2,
      2,
      2,
      1,
      1,
      1,
      1,
      1
    ],
    [
      2,
      2,
      0,
      2,
      2,
      1,
      1,
      1,
      1,
      1
    ],
    [
      2,
      2,
      2,
      0,
      2,
      1,
      1,
      1,
      1,
      1
    ],
    [
      2,
      2,
      2,
      2,
      0,
      1,
      1,
      1,
      1,
      1
    ],
    [
      1,
      1,
      1,
      1,
      1,
      0,
      2,
      2,
      2,
      2
    ],
    [
      1,
      1,
      1,
      1,
      1,
      2,
      0,
      2,
      2,
      2
    ],
    [
      1,
      1,
      1,
      1,
      1,
      2,
      2,
      0,
      2,
      2
    ],
    [
      1,
      1,
      1,
      1,
      1,
      2,
      2,
      2,
      0,
      2
    ],
    [
      1,
      1,
      1,
      1,
      1,
      2,
      2,
      2,
      2,
      0
    ]
  ],
  "weight": [
    [
      1,
      0.25,
      0.25,
      0.25,
      0.25,
      1,
      1,
      1,
      1,
      1
    ],
    [
      0.25,
      1,
      0.25,
      0.25,
      0.25,
      1,
      1,
      1,
      1,
      1
    ],
    [
      0.25,
      0.25,
      1,
      0.25,
      0.25,
      1,
      1,
      1,
      1,
      1
    ],
    [
      0.25,
      0.25,
      0.25,
      1,
      0.25,
      1,
      1,
      1,
      1,
      1
    ],
    [
      0.25,
      0.25,
      0.25,
      0.25,
      1,
      1,
      1,
      1,
      1,
      1
    ],
    [
      1,
      1,
      1,
      1,
      1,
      1,
      0.25,
      0.25,
      0.25,
      0.25
    ],
    [
      1,
      1,
      1,
      1,
      1,
      0.25,
      1,
      0.25,
      0.25,
      0.25
    ],
    [
      1,
      1,
      1,
      1,
      1,
      0.25,
      0.25,
      1,
      0.25,
      0.25
    ],
    [
      1,
      1,
      1,
      1,
      1,
      0.25,
      0.25,
      0.25,
      1,
      0.25
    ],
    [
      1,
      1,
      1,
      1,
      1,
      0.25,
      0.25,
      0.25,
      0.25,
      1
    ]
  ]
}