{
  "nodes": [
    {
      "index": 0,
      "id": "0",
      "x": 0.931039035320282,
      "y": -0.33423855900764465
    },
    {
      "index": 1,
      "id": "1",
      "x": 2.1091790199279785,
      "y": -0.41322970390319824
    },
    {
      "index": 2,
      "id": "2",
      "x": 1.6181204319000244,
      "y": -0.04958079010248184
    },
    {
      "index": 3,
      "id": "3",
      "x": 1.8918598890304565,
      "y": -1.02056884765625
    },
    {
      "index": 4,
      "id": "4",
      "x": 1.281556248664856,
      "y": -0.9902903437614441
    },
    {
      "index": 5,
      "id": "5",
      "x": 0.6057617664337158,
      "y": 0.781777024269104
    },
    {
      "index": 6,
      "id": "6",
      "x": 1.0445770025253296,
      "y": 1.8779795169830322
    },
    {
      "index": 7,
      "id": "7",
      "x": 1.338086485862732,
      "y": 0.9126125574111938
    },
    {
      "index": 8,
      "id": "8",
      "x": 1.5551975965499878,
      "y": 1.4838248491287231
    },
    {
      "index": 9,
      "id": "9",
      "x": 0.5471779108047485,
      "y": 1.523097038269043
    },
    {
      "index": 10,
      "id": "10",
      "x": -0.5561193823814392,
      "y": 0.8161726593971252
    },
    {
      "index": 11,
      "id": "11",
      "x": -0.9293928146362305,
      "y": 1.9362634420394897
    },
    {
      "index": 12,
      "id": "12",
      "x": -1.4623738527297974,
      "y": 1.5728787183761597
    },
    {
      "index": 13,
      "id": "13",
      "x": -1.2790724039077759,
      "y": 0.9898998737335205
    },
    {
      "index": 14,
      "id": "14",
      "x": -0.4535934329032898,
      "y": 1.552737832069397
    },
    {
      "index": 15,
      "id": "15",
      "x": -0.9496956467628479,
      "y": -0.27753645181655884
    },
    {
      "index": 16,
      "id": "16",
      "x": -1.6173864603042603,
      "y": 0.049321919679641724
    },
    {
      "index": 17,
      "id": "17",
      "x": -2.13044810295105,
      "y": -0.2824186682701111
    },
    {
      "index": 18,
      "id": "18",
      "x": -1.9517968893051147,
      "y": -0.9022355675697327
    },
    {
      "index": 19,
      "id": "19",
      "x": -1.340748906135559,
      "y": -0.9107276797294617
    },
    {
      "index": 20,
      "id": "20",
      "x": -0.030055582523345947,
      "y": -0.9887115359306335
    },
    {
      "index": 21,
      "id": "21",
      "x": 0.25818923115730286,
      "y": -2.1337077617645264
    },
    {
      "index": 22,
      "id": "22",
      "x": 0.45258504152297974,
      "y": -1.5544320344924927
    },
    {
      "index": 23,
      "id": "23",
      "x": -0.5460823178291321,
      "y": -1.5245002508163452
    },
    {
      "index": 24,
      "id": "24",
      "x": -0.3865659534931183,
      "y": -2.1143882274627686
    }
  ],
  "edges": [
    {
      "source": "0",
      "target": "20"
    },
    {
      "source": "0",
      "target": "4"
    },
    {
      "source": "0",
      "target": "1"
    },
    {
      "source": "0",
      "target": "5"
    },
    {
      "source": "0",
      "target": "2"
    },
    {
      "source": "0",
      "target": "3"
    },
    {
      "source": "1",
      "target": "4"
    },
    {
      "source": "1",
      "target": "3"
    },
    {
      "source": "1",
      "target": "2"
    },
    {
      "source": "2",
      "target": "4"
    },
    {
      "source": "2",
      "target": "3"
    },
    {
      "source": "3",
      "target": "4"
    },
    {
      "source": "5",
      "target": "9"
    },
    {
      "source": "5",
      "target": "8"
    },
    {
      "source": "5",
      "target": "6"
    },
    {
      "source": "5",
      "target": "7"
    },
    {
      "source": "5",
      "target": "10"
    },
    {
      "source": "6",
      "target": "9"
    },
    {
      "source": "6",
      "target": "8"
    },
    {
      "source": "6",
      "target": "7"
    },
    {
      "source": "7",
      "target": "9"
    },
    {
      "source": "7",
      "target": "8"
    },
    {
      "source": "8",
      "target": "9"
    },
    {
      "source": "10",
      "target": "15"
    },
    {
      "source": "10",
      "target": "12"
    },
    {
      "source": "10",
      "target": "11"
    },
    {
      "source": "10",
      "target": "13"
    },
    {
      "source": "10",
      "target": "14"
    },
    {
      "source": "11",
      "target": "12"
    },
    {
      "source": "11",
      "target": "13"
    },
    {
      "source": "11",
      "target": "14"
    },
    {
      "source": "12",
      "target": "13"
    },
    {
      "source": "12",
      "target": "14"
    },
    {
      "source": "13",
      "target": "14"
    },
    {
      "source": "15",
      "target": "18"
    },
    {
      "source": "15",
      "target": "16"
    },
    {
      "source": "15",
      "target": "20"
    },
    {
      "source": "15",
      "target": "19"
    },
    {
      "source": "15",
      "target": "17"
    },
    {
      "source": "16",
      "target": "18"
    },
    {
      "source": "16",
      "target": "19"
    },
    {
      "source": "16",
      "target": "17"
    },
    {
      "source": "17",
      "target": "18"
    },
    {
      "source": "17",
      "target": "19"
    },
    {
      "source": "18",
      "target": "19"
    },
    {
      "source": "20",
      "target": "24"
    },
    {
      "source": "20",
      "target": "23"
    },
    {
      "source": "20",
      "target": "22"
    },
    {
      "source": "20",
      "target": "21"
    },
    {
      "source": "21",
      "target": "24"
    },
    {
      "source": "21",
      "target": "23"
    },
    {
      "source": "21",
      "target": "22"
    },
    {
      "source": "22",
      "target": "24"
    },
    {
      "source": "22",
      "target": "23"
    },
    {
      "source": "23",
      "target": "24"
    }
  ],
  "coef": {
    "stress": 0.03,
    "crossing_angle": 0,
    "neighbor": 0,
    "edge_uniformity": 1,
    "crossing_number": 0,
    "angular_resolution": 0,
    "vertex_resolution": 0,
    "gabriel": 0,
    "aspect_ratio": 0
  },
  "optimizer": {
    "lr": 0.053131600424522835,
    "momentum": 0.5
  },
  "graphDistance": [
    [
      0,
      1,
      1,
      1,
      1,
      1,
      2,
      2,
      2,
      2,
      2,
      3,
      3,
      3,
      3,
      2,
      3,
      3,
      3,
      3,
      1,
      2,
      2,
      2,
      2
    ],
    [
      1,
      0,
      1,
      1,
      1,
      2,
      3,
      3,
      3,
      3,
      3,
      4,
      4,
      4,
      4,
      3,
      4,
      4,
      4,
      4,
      2,
      3,
      3,
      3,
      3
    ],
    [
      1,
      1,
      0,
      1,
      1,
      2,
      3,
      3,
      3,
      3,
      3,
      4,
      4,
      4,
      4,
      3,
      4,
      4,
      4,
      4,
      2,
      3,
      3,
      3,
      3
    ],
    [
      1,
      1,
      1,
      0,
      1,
      2,
      3,
      3,
      3,
      3,
      3,
      4,
      4,
      4,
      4,
      3,
      4,
      4,
      4,
      4,
      2,
      3,
      3,
      3,
      3
    ],
    [
      1,
      1,
      1,
      1,
      0,
      2,
      3,
      3,
      3,
      3,
      3,
      4,
      4,
      4,
      4,
      3,
      4,
      4,
      4,
      4,
      2,
      3,
      3,
      3,
      3
    ],
    [
      1,
      2,
      2,
      2,
      2,
      0,
      1,
      1,
      1,
      1,
      1,
      2,
      2,
      2,
      2,
      2,
      3,
      3,
      3,
      3,
      2,
      3,
      3,
      3,
      3
    ],
    [
      2,
      3,
      3,
      3,
      3,
      1,
      0,
      1,
      1,
      1,
      2,
      3,
      3,
      3,
      3,
      3,
      4,
      4,
      4,
      4,
      3,
      4,
      4,
      4,
      4
    ],
    [
      2,
      3,
      3,
      3,
      3,
      1,
      1,
      0,
      1,
      1,
      2,
      3,
      3,
      3,
      3,
      3,
      4,
      4,
      4,
      4,
      3,
      4,
      4,
      4,
      4
    ],
    [
      2,
      3,
      3,
      3,
      3,
      1,
      1,
      1,
      0,
      1,
      2,
      3,
      3,
      3,
      3,
      3,
      4,
      4,
      4,
      4,
      3,
      4,
      4,
      4,
      4
    ],
    [
      2,
      3,
      3,
      3,
      3,
      1,
      1,
      1,
      1,
      0,
      2,
      3,
      3,
      3,
      3,
      3,
      4,
      4,
      4,
      4,
      3,
      4,
      4,
      4,
      4
    ],
    [
      2,
      3,
      3,
      3,
      3,
      1,
      2,
      2,
      2,
      2,
      0,
      1,
      1,
      1,
      1,
      1,
      2,
      2,
      2,
      2,
      2,
      3,
      3,
      3,
      3
    ],
    [
      3,
      4,
      4,
      4,
      4,
      2,
      3,
      3,
      3,
      3,
      1,
      0,
      1,
      1,
      1,
      2,
      3,
      3,
      3,
      3,
      3,
      4,
      4,
      4,
      4
    ],
    [
      3,
      4,
      4,
      4,
      4,
      2,
      3,
      3,
      3,
      3,
      1,
      1,
      0,
      1,
      1,
      2,
      3,
      3,
      3,
      3,
      3,
      4,
      4,
      4,
      4
    ],
    [
      3,
      4,
      4,
      4,
      4,
      2,
      3,
      3,
      3,
      3,
      1,
      1,
      1,
      0,
      1,
      2,
      3,
      3,
      3,
      3,
      3,
      4,
      4,
      4,
      4
    ],
    [
      3,
      4,
      4,
      4,
      4,
      2,
      3,
      3,
      3,
      3,
      1,
      1,
      1,
      1,
      0,
      2,
      3,
      3,
      3,
      3,
      3,
      4,
      4,
      4,
      4
    ],
    [
      2,
      3,
      3,
      3,
      3,
      2,
      3,
      3,
      3,
      3,
      1,
      2,
      2,
      2,
      2,
      0,
      1,
      1,
      1,
      1,
      1,
      2,
      2,
      2,
      2
    ],
    [
      3,
      4,
      4,
      4,
      4,
      3,
      4,
      4,
      4,
      4,
      2,
      3,
      3,
      3,
      3,
      1,
      0,
      1,
      1,
      1,
      2,
      3,
      3,
      3,
      3
    ],
    [
      3,
      4,
      4,
      4,
      4,
      3,
      4,
      4,
      4,
      4,
      2,
      3,
      3,
      3,
      3,
      1,
      1,
      0,
      1,
      1,
      2,
      3,
      3,
      3,
      3
    ],
    [
      3,
      4,
      4,
      4,
      4,
      3,
      4,
      4,
      4,
      4,
      2,
      3,
      3,
      3,
      3,
      1,
      1,
      1,
      0,
      1,
      2,
      3,
      3,
      3,
      3
    ],
    [
      3,
      4,
      4,
      4,
      4,
      3,
      4,
      4,
      4,
      4,
      2,
      3,
      3,
      3,
      3,
      1,
      1,
      1,
      1,
      0,
      2,
      3,
      3,
      3,
      3
    ],
    [
      1,
      2,
      2,
      2,
      2,
      2,
      3,
      3,
      3,
      3,
      2,
      3,
      3,
      3,
      3,
      1,
      2,
      2,
      2,
      2,
      0,
      1,
      1,
      1,
      1
    ],
    [
      2,
      3,
      3,
      3,
      3,
      3,
      4,
      4,
      4,
      4,
      3,
      4,
      4,
      4,
      4,
      2,
      3,
      3,
      3,
      3,
      1,
      0,
      1,
      1,
      1
    ],
    [
      2,
      3,
      3,
      3,
      3,
      3,
      4,
      4,
      4,
      4,
      3,
      4,
      4,
      4,
      4,
      2,
      3,
      3,
      3,
      3,
      1,
      1,
      0,
      1,
      1
    ],
    [
      2,
      3,
      3,
      3,
      3,
      3,
      4,
      4,
      4,
      4,
      3,
      4,
      4,
      4,
      4,
      2,
      3,
      3,
      3,
      3,
      1,
      1,
      1,
      0,
      1
    ],
    [
      2,
      3,
      3,
      3,
      3,
      3,
      4,
      4,
      4,
      4,
      3,
      4,
      4,
      4,
      4,
      2,
      3,
      3,
      3,
      3,
      1,
      1,
      1,
      1,
      0
    ]
  ],
  "weight": [
    [
      1,
      1,
      1,
      1,
      1,
      1,
      0.25,
      0.25,
      0.25,
      0.25,
      0.25,
      0.1111111119389534,
      0.1111111119389534,
      0.1111111119389534,
      0.1111111119389534,
      0.25,
      0.1111111119389534,
      0.1111111119389534,
      0.1111111119389534,
      0.1111111119389534,
      1,
      0.25,
      0.25,
      0.25,
      0.25
    ],
    [
      1,
      1,
      1,
      1,
      1,
      0.25,
      0.1111111119389534,
      0.1111111119389534,
      0.1111111119389534,
      0.1111111119389534,
      0.1111111119389534,
      0.0625,
      0.0625,
      0.0625,
      0.0625,
      0.1111111119389534,
      0.0625,
      0.0625,
      0.0625,
      0.0625,
      0.25,
      0.1111111119389534,
      0.1111111119389534,
      0.1111111119389534,
      0.1111111119389534
    ],
    [
      1,
      1,
      1,
      1,
      1,
      0.25,
      0.1111111119389534,
      0.1111111119389534,
      0.1111111119389534,
      0.1111111119389534,
      0.1111111119389534,
      0.0625,
      0.0625,
      0.0625,
      0.0625,
      0.1111111119389534,
      0.0625,
      0.0625,
      0.0625,
      0.0625,
      0.25,
      0.1111111119389534,
      0.1111111119389534,
      0.1111111119389534,
      0.1111111119389534
    ],
    [
      1,
      1,
      1,
      1,
      1,
      0.25,
      0.1111111119389534,
      0.1111111119389534,
      0.1111111119389534,
      0.1111111119389534,
      0.1111111119389534,
      0.0625,
      0.0625,
      0.0625,
      0.0625,
      0.1111111119389534,
      0.0625,
      0.0625,
      0.0625,
      0.0625,
      0.25,
      0.1111111119389534,
      0.1111111119389534,
      0.1111111119389534,
      0.1111111119389534
    ],
    [
      1,
      1,
      1,
      1,
      1,
      0.25,
      0.1111111119389534,
      0.1111111119389534,
      0.1111111119389534,
      0.1111111119389534,
      0.1111111119389534,
      0.0625,
      0.0625,
      0.0625,
      0.0625,
      0.1111111119389534,
      0.0625,
      0.0625,
      0.0625,
      0.0625,
      0.25,
      0.1111111119389534,
      0.1111111119389534,
      0.1111111119389534,
      0.1111111119389534
    ],
    [
      1,
      0.25,
      0.25,
      0.25,
      0.25,
      1,
      1,
      1,
      1,
      1,
      1,
      0.25,
      0.25,
      0.25,
      0.25,
      0.25,
      0.1111111119389534,
      0.1111111119389534,
      0.1111111119389534,
      0.1111111119389534,
      0.25,
      0.1111111119389534,
      0.1111111119389534,
      0.1111111119389534,
      0.1111111119389534
    ],
    [
      0.25,
      0.1111111119389534,
      0.1111111119389534,
      0.1111111119389534,
      0.1111111119389534,
      1,
      1,
      1,
      1,
      1,
      0.25,
      0.1111111119389534,
      0.1111111119389534,
      0.1111111119389534,
      0.1111111119389534,
      0.1111111119389534,
      0.0625,
      0.0625,
      0.0625,
      0.0625,
      0.1111111119389534,
      0.0625,
      0.0625,
      0.0625,
      0.0625
    ],
    [
      0.25,
      0.1111111119389534,
      0.1111111119389534,
      0.1111111119389534,
      0.1111111119389534,
      1,
      1,
      1,
      1,
      1,
      0.25,
      0.1111111119389534,
      0.1111111119389534,
      0.1111111119389534,
      0.1111111119389534,
      0.1111111119389534,
      0.0625,
      0.0625,
      0.0625,
      0.0625,
      0.1111111119389534,
      0.0625,
      0.0625,
      0.0625,
      0.0625
    ],
    [
      0.25,
      0.1111111119389534,
      0.1111111119389534,
      0.1111111119389534,
      0.1111111119389534,
      1,
      1,
      1,
      1,
      1,
      0.25,
      0.1111111119389534,
      0.1111111119389534,
      0.1111111119389534,
      0.1111111119389534,
      0.1111111119389534,
      0.0625,
      0.0625,
      0.0625,
      0.0625,
      0.1111111119389534,
      0.0625,
      0.0625,
      0.0625,
      0.0625
    ],
    [
      0.25,
      0.1111111119389534,
      0.1111111119389534,
      0.1111111119389534,
      0.1111111119389534,
      1,
      1,
      1,
      1,
      1,
      0.25,
      0.1111111119389534,
      0.1111111119389534,
      0.1111111119389534,
      0.1111111119389534,
      0.1111111119389534,
      0.0625,
      0.0625,
      0.0625,
      0.0625,
      0.1111111119389534,
      0.0625,
      0.0625,
      0.0625,
      0.0625
    ],
    [
      0.25,
      0.1111111119389534,
      0.1111111119389534,
      0.1111111119389534,
      0.1111111119389534,
      1,
      0.25,
      0.25,
      0.25,
      0.25,
      1,
      1,
      1,
      1,
      1,
      1,
      0.25,
      0.25,
      0.25,
      0.25,
      0.25,
      0.1111111119389534,
      0.1111111119389534,
      0.1111111119389534,
      0.1111111119389534
    ],
    [
      0.1111111119389534,
      0.0625,
      0.0625,
      0.0625,
      0.0625,
      0.25,
      0.1111111119389534,
      0.1111111119389534,
      0.1111111119389534,
      0.1111111119389534,
      1,
      1,
      1,
      1,
      1,
      0.25,
      0.1111111119389534,
      0.1111111119389534,
      0.1111111119389534,
      0.1111111119389534,
      0.1111111119389534,
      0.0625,
      0.0625,
      0.0625,
      0.0625
    ],
    [
      0.1111111119389534,
      0.0625,
      0.0625,
      0.0625,
      0.0625,
      0.25,
      0.1111111119389534,
      0.1111111119389534,
      0.1111111119389534,
      0.1111111119389534,
      1,
      1,
      1,
      1,
      1,
      0.25,
      0.1111111119389534,
      0.1111111119389534,
      0.1111111119389534,
      0.1111111119389534,
      0.1111111119389534,
      0.0625,
      0.0625,
      0.0625,
      0.0625
    ],
    [
      0.1111111119389534,
      0.0625,
      0.0625,
      0.0625,
      0.0625,
      0.25,
      0.1111111119389534,
      0.1111111119389534,
      0.1111111119389534,
      0.1111111119389534,
      1,
      1,
      1,
      1,
      1,
      0.25,
      0.1111111119389534,
      0.1111111119389534,
      0.1111111119389534,
      0.1111111119389534,
      0.1111111119389534,
      0.0625,
      0.0625,
      0.0625,
      0.0625
    ],
    [
      0.1111111119389534,
      0.0625,
      0.0625,
      0.0625,
      0.0625,
      0.25,
      0.1111111119389534,
      0.1111111119389534,
      0.1111111119389534,
      0.1111111119389534,
      1,
      1,
      1,
      1,
      1,
      0.25,
      0.1111111119389534,
      0.1111111119389534,
      0.1111111119389534,
      0.1111111119389534,
      0.1111111119389534,
      0.0625,
      0.0625,
      0.0625,
      0.0625
    ],
    [
      0.25,
      0.1111111119389534,
      0.1111111119389534,
      0.1111111119389534,
      0.1111111119389534,
      0.25,
      0.1111111119389534,
      0.1111111119389534,
      0.1111111119389534,
      0.1111111119389534,
      1,
      0.25,
      0.25,
      0.25,
      0.25,
      1,
      1,
      1,
      1,
      1,
      1,
      0.25,
      0.25,
      0.25,
      0.25
    ],
    [
      0.1111111119389534,
      0.0625,
      0.0625,
      0.0625,
      0.0625,
      0.1111111119389534,
      0.0625,
      0.0625,
      0.0625,
      0.0625,
      0.25,
      0.1111111119389534,
      0.1111111119389534,
      0.1111111119389534,
      0.1111111119389534,
      1,
      1,
      1,
      1,
      1,
      0.25,
      0.1111111119389534,
      0.1111111119389534,
      0.1111111119389534,
      0.1111111119389534
    ],
    [
      0.1111111119389534,
      0.0625,
      0.0625,
      0.0625,
      0.0625,
      0.1111111119389534,
      0.0625,
      0.0625,
      0.0625,
      0.0625,
      0.25,
      0.1111111119389534,
      0.1111111119389534,
      0.1111111119389534,
      0.1111111119389534,
      1,
      1,
      1,
      1,
      1,
      0.25,
      0.1111111119389534,
      0.1111111119389534,
      0.1111111119389534,
      0.1111111119389534
    ],
    [
      0.1111111119389534,
      0.0625,
      0.0625,
      0.0625,
      0.0625,
      0.1111111119389534,
      0.0625,
      0.0625,
      0.0625,
      0.0625,
      0.25,
      0.1111111119389534,
      0.1111111119389534,
      0.1111111119389534,
      0.1111111119389534,
      1,
      1,
      1,
      1,
      1,
      0.25,
      0.1111111119389534,
      0.1111111119389534,
      0.1111111119389534,
      0.1111111119389534
    ],
    [
      0.1111111119389534,
      0.0625,
      0.0625,
      0.0625,
      0.0625,
      0.1111111119389534,
      0.0625,
      0.0625,
      0.0625,
      0.0625,
      0.25,
      0.1111111119389534,
      0.1111111119389534,
      0.1111111119389534,
      0.1111111119389534,
      1,
      1,
      1,
      1,
      1,
      0.25,
      0.1111111119389534,
      0.1111111119389534,
      0.1111111119389534,
      0.1111111119389534
    ],
    [
      1,
      0.25,
      0.25,
      0.25,
      0.25,
      0.25,
      0.1111111119389534,
      0.1111111119389534,
      0.1111111119389534,
      0.1111111119389534,
      0.25,
      0.1111111119389534,
      0.1111111119389534,
      0.1111111119389534,
      0.1111111119389534,
      1,
      0.25,
      0.25,
      0.25,
      0.25,
      1,
      1,
      1,
      1,
      1
    ],
    [
      0.25,
      0.1111111119389534,
      0.1111111119389534,
      0.1111111119389534,
      0.1111111119389534,
      0.1111111119389534,
      0.0625,
      0.0625,
      0.0625,
      0.0625,
      0.1111111119389534,
      0.0625,
      0.0625,
      0.0625,
      0.0625,
      0.25,
      0.1111111119389534,
      0.1111111119389534,
      0.1111111119389534,
      0.1111111119389534,
      1,
      1,
      1,
      1,
      1
    ],
    [
      0.25,
      0.1111111119389534,
      0.1111111119389534,
      0.1111111119389534,
      0.1111111119389534,
      0.1111111119389534,
      0.0625,
      0.0625,
      0.0625,
      0.0625,
      0.1111111119389534,
      0.0625,
      0.0625,
      0.0625,
      0.0625,
      0.25,
      0.1111111119389534,
      0.1111111119389534,
      0.1111111119389534,
      0.1111111119389534,
      1,
      1,
      1,
      1,
      1
    ],
    [
      0.25,
      0.1111111119389534,
      0.1111111119389534,
      0.1111111119389534,
      0.1111111119389534,
      0.1111111119389534,
      0.0625,
      0.0625,
      0.0625,
      0.0625,
      0.1111111119389534,
      0.0625,
      0.0625,
      0.0625,
      0.0625,
      0.25,
      0.1111111119389534,
      0.1111111119389534,
      0.1111111119389534,
      0.1111111119389534,
      1,
      1,
      1,
      1,
      1
    ],
    [
      0.25,
      0.1111111119389534,
      0.1111111119389534,
      0.1111111119389534,
      0.1111111119389534,
      0.1111111119389534,
      0.0625,
      0.0625,
      0.0625,
      0.0625,
      0.1111111119389534,
      0.0625,
      0.0625,
      0.0625,
      0.0625,
      0.25,
      0.1111111119389534,
      0.1111111119389534,
      0.1111111119389534,
      0.1111111119389534,
      1,
      1,
      1,
      1,
      1
    ]
  ]
}