{
  "nodes": [
    {
      "index": 0,
      "id": "0",
      "x": -0.15837974846363068,
      "y": -0.6789416670799255
    },
    {
      "index": 1,
      "id": "1",
      "x": 0.5512202978134155,
      "y": 0.4520520567893982
    },
    {
      "index": 2,
      "id": "2",
      "x": -0.42036381363868713,
      "y": 0.02030123956501484
    },
    {
      "index": 3,
      "id": "3",
      "x": -0.29036563634872437,
      "y": 0.6570526957511902
    },
    {
      "index": 4,
      "id": "4",
      "x": 0.6515403985977173,
      "y": 0.16227352619171143
    },
    {
      "index": 5,
      "id": "5",
      "x": 0.6983978748321533,
      "y": -0.14809252321720123
    },
    {
      "index": 6,
      "id": "6",
      "x": -0.5474275350570679,
      "y": 0.4759606719017029
    },
    {
      "index": 7,
      "id": "7",
      "x": 0.011196281760931015,
      "y": 0.6932264566421509
    },
    {
      "index": 8,
      "id": "8",
      "x": 0.3937792479991913,
      "y": -0.18708622455596924
    },
    {
      "index": 9,
      "id": "9",
      "x": 0.5092422962188721,
      "y": -0.47732123732566833
    },
    {
      "index": 10,
      "id": "10",
      "x": 0.034025728702545166,
      "y": -0.004392635077238083
    },
    {
      "index": 11,
      "id": "11",
      "x": -0.688589870929718,
      "y": -0.17474083602428436
    },
    {
      "index": 12,
      "id": "12",
      "x": -0.18683701753616333,
      "y": 0.3486432731151581
    },
    {
      "index": 13,
      "id": "13",
      "x": 0.050705622881650925,
      "y": -0.41239607334136963
    },
    {
      "index": 14,
      "id": "14",
      "x": 0.28247910737991333,
      "y": 0.291885644197464
    },
    {
      "index": 15,
      "id": "15",
      "x": -0.30999428033828735,
      "y": -0.33505550026893616
    },
    {
      "index": 16,
      "id": "16",
      "x": 0.30405884981155396,
      "y": 0.6437369585037231
    },
    {
      "index": 17,
      "id": "17",
      "x": -0.5143823623657227,
      "y": -0.508806049823761
    },
    {
      "index": 18,
      "id": "18",
      "x": -0.684420645236969,
      "y": 0.1913498342037201
    },
    {
      "index": 19,
      "id": "19",
      "x": 0.22838261723518372,
      "y": -0.6618991494178772
    }
  ],
  "edges": [
    {
      "source": "0",
      "target": "5"
    },
    {
      "source": "0",
      "target": "9"
    },
    {
      "source": "0",
      "target": "6"
    },
    {
      "source": "0",
      "target": "15"
    },
    {
      "source": "0",
      "target": "13"
    },
    {
      "source": "0",
      "target": "1"
    },
    {
      "source": "0",
      "target": "10"
    },
    {
      "source": "0",
      "target": "11"
    },
    {
      "source": "0",
      "target": "19"
    },
    {
      "source": "0",
      "target": "8"
    },
    {
      "source": "0",
      "target": "12"
    },
    {
      "source": "0",
      "target": "18"
    },
    {
      "source": "0",
      "target": "17"
    },
    {
      "source": "0",
      "target": "7"
    },
    {
      "source": "0",
      "target": "2"
    },
    {
      "source": "0",
      "target": "3"
    },
    {
      "source": "0",
      "target": "16"
    },
    {
      "source": "0",
      "target": "4"
    },
    {
      "source": "0",
      "target": "14"
    },
    {
      "source": "1",
      "target": "5"
    },
    {
      "source": "1",
      "target": "9"
    },
    {
      "source": "1",
      "target": "6"
    },
    {
      "source": "1",
      "target": "15"
    },
    {
      "source": "1",
      "target": "13"
    },
    {
      "source": "1",
      "target": "10"
    },
    {
      "source": "1",
      "target": "11"
    },
    {
      "source": "1",
      "target": "19"
    },
    {
      "source": "1",
      "target": "8"
    },
    {
      "source": "1",
      "target": "12"
    },
    {
      "source": "1",
      "target": "18"
    },
    {
      "source": "1",
      "target": "17"
    },
    {
      "source": "1",
      "target": "7"
    },
    {
      "source": "1",
      "target": "2"
    },
    {
      "source": "1",
      "target": "3"
    },
    {
      "source": "1",
      "target": "16"
    },
    {
      "source": "1",
      "target": "4"
    },
    {
      "source": "1",
      "target": "14"
    },
    {
      "source": "2",
      "target": "5"
    },
    {
      "source": "2",
      "target": "9"
    },
    {
      "source": "2",
      "target": "6"
    },
    {
      "source": "2",
      "target": "15"
    },
    {
      "source": "2",
      "target": "13"
    },
    {
      "source": "2",
      "target": "10"
    },
    {
      "source": "2",
      "target": "11"
    },
    {
      "source": "2",
      "target": "19"
    },
    {
      "source": "2",
      "target": "8"
    },
    {
      "source": "2",
      "target": "12"
    },
    {
      "source": "2",
      "target": "18"
    },
    {
      "source": "2",
      "target": "17"
    },
    {
      "source": "2",
      "target": "7"
    },
    {
      "source": "2",
      "target": "3"
    },
    {
      "source": "2",
      "target": "16"
    },
    {
      "source": "2",
      "target": "4"
    },
    {
      "source": "2",
      "target": "14"
    },
    {
      "source": "3",
      "target": "5"
    },
    {
      "source": "3",
      "target": "9"
    },
    {
      "source": "3",
      "target": "6"
    },
    {
      "source": "3",
      "target": "15"
    },
    {
      "source": "3",
      "target": "13"
    },
    {
      "source": "3",
      "target": "10"
    },
    {
      "source": "3",
      "target": "11"
    },
    {
      "source": "3",
      "target": "19"
    },
    {
      "source": "3",
      "target": "8"
    },
    {
      "source": "3",
      "target": "12"
    },
    {
      "source": "3",
      "target": "18"
    },
    {
      "source": "3",
      "target": "17"
    },
    {
      "source": "3",
      "target": "7"
    },
    {
      "source": "3",
      "target": "16"
    },
    {
      "source": "3",
      "target": "4"
    },
    {
      "source": "3",
      "target": "14"
    },
    {
      "source": "4",
      "target": "5"
    },
    {
      "source": "4",
      "target": "9"
    },
    {
      "source": "4",
      "target": "6"
    },
    {
      "source": "4",
      "target": "15"
    },
    {
      "source": "4",
      "target": "13"
    },
    {
      "source": "4",
      "target": "10"
    },
    {
      "source": "4",
      "target": "11"
    },
    {
      "source": "4",
      "target": "19"
    },
    {
      "source": "4",
      "target": "8"
    },
    {
      "source": "4",
      "target": "12"
    },
    {
      "source": "4",
      "target": "18"
    },
    {
      "source": "4",
      "target": "17"
    },
    {
      "source": "4",
      "target": "7"
    },
    {
      "source": "4",
      "target": "16"
    },
    {
      "source": "4",
      "target": "14"
    },
    {
      "source": "5",
      "target": "9"
    },
    {
      "source": "5",
      "target": "6"
    },
    {
      "source": "5",
      "target": "15"
    },
    {
      "source": "5",
      "target": "13"
    },
    {
      "source": "5",
      "target": "10"
    },
    {
      "source": "5",
      "target": "11"
    },
    {
      "source": "5",
      "target": "19"
    },
    {
      "source": "5",
      "target": "8"
    },
    {
      "source": "5",
      "target": "12"
    },
    {
      "source": "5",
      "target": "18"
    },
    {
      "source": "5",
      "target": "17"
    },
    {
      "source": "5",
      "target": "7"
    },
    {
      "source": "5",
      "target": "16"
    },
    {
      "source": "5",
      "target": "14"
    },
    {
      "source": "6",
      "target": "9"
    },
    {
      "source": "6",
      "target": "15"
    },
    {
      "source": "6",
      "target": "13"
    },
    {
      "source": "6",
      "target": "10"
    },
    {
      "source": "6",
      "target": "11"
    },
    {
      "source": "6",
      "target": "19"
    },
    {
      "source": "6",
      "target": "8"
    },
    {
      "source": "6",
      "target": "12"
    },
    {
      "source": "6",
      "target": "18"
    },
    {
      "source": "6",
      "target": "17"
    },
    {
      "source": "6",
      "target": "7"
    },
    {
      "source": "6",
      "target": "16"
    },
    {
      "source": "6",
      "target": "14"
    },
    {
      "source": "7",
      "target": "9"
    },
    {
      "source": "7",
      "target": "15"
    },
    {
      "source": "7",
      "target": "13"
    },
    {
      "source": "7",
      "target": "10"
    },
    {
      "source": "7",
      "target": "11"
    },
    {
      "source": "7",
      "target": "19"
    },
    {
      "source": "7",
      "target": "8"
    },
    {
      "source": "7",
      "target": "12"
    },
    {
      "source": "7",
      "target": "18"
    },
    {
      "source": "7",
      "target": "17"
    },
    {
      "source": "7",
      "target": "16"
    },
    {
      "source": "7",
      "target": "14"
    },
    {
      "source": "8",
      "target": "9"
    },
    {
      "source": "8",
      "target": "15"
    },
    {
      "source": "8",
      "target": "13"
    },
    {
      "source": "8",
      "target": "10"
    },
    {
      "source": "8",
      "target": "11"
    },
    {
      "source": "8",
      "target": "19"
    },
    {
      "source": "8",
      "target": "12"
    },
    {
      "source": "8",
      "target": "18"
    },
    {
      "source": "8",
      "target": "17"
    },
    {
      "source": "8",
      "target": "16"
    },
    {
      "source": "8",
      "target": "14"
    },
    {
      "source": "9",
      "target": "15"
    },
    {
      "source": "9",
      "target": "13"
    },
    {
      "source": "9",
      "target": "10"
    },
    {
      "source": "9",
      "target": "11"
    },
    {
      "source": "9",
      "target": "19"
    },
    {
      "source": "9",
      "target": "12"
    },
    {
      "source": "9",
      "target": "18"
    },
    {
      "source": "9",
      "target": "17"
    },
    {
      "source": "9",
      "target": "16"
    },
    {
      "source": "9",
      "target": "14"
    },
    {
      "source": "10",
      "target": "15"
    },
    {
      "source": "10",
      "target": "13"
    },
    {
      "source": "10",
      "target": "11"
    },
    {
      "source": "10",
      "target": "19"
    },
    {
      "source": "10",
      "target": "12"
    },
    {
      "source": "10",
      "target": "18"
    },
    {
      "source": "10",
      "target": "17"
    },
    {
      "source": "10",
      "target": "16"
    },
    {
      "source": "10",
      "target": "14"
    },
    {
      "source": "11",
      "target": "15"
    },
    {
      "source": "11",
      "target": "13"
    },
    {
      "source": "11",
      "target": "19"
    },
    {
      "source": "11",
      "target": "12"
    },
    {
      "source": "11",
      "target": "18"
    },
    {
      "source": "11",
      "target": "17"
    },
    {
      "source": "11",
      "target": "16"
    },
    {
      "source": "11",
      "target": "14"
    },
    {
      "source": "12",
      "target": "15"
    },
    {
      "source": "12",
      "target": "13"
    },
    {
      "source": "12",
      "target": "19"
    },
    {
      "source": "12",
      "target": "18"
    },
    {
      "source": "12",
      "target": "17"
    },
    {
      "source": "12",
      "target": "16"
    },
    {
      "source": "12",
      "target": "14"
    },
    {
      "source": "13",
      "target": "15"
    },
    {
      "source": "13",
      "target": "19"
    },
    {
      "source": "13",
      "target": "18"
    },
    {
      "source": "13",
      "target": "17"
    },
    {
      "source": "13",
      "target": "16"
    },
    {
      "source": "13",
      "target": "14"
    },
    {
      "source": "14",
      "target": "15"
    },
    {
      "source": "14",
      "target": "19"
    },
    {
      "source": "14",
      "target": "18"
    },
    {
      "source": "14",
      "target": "17"
    },
    {
      "source": "14",
      "target": "16"
    },
    {
      "source": "15",
      "target": "19"
    },
    {
      "source": "15",
      "target": "18"
    },
    {
      "source": "15",
      "target": "17"
    },
    {
      "source": "15",
      "target": "16"
    },
    {
      "source": "16",
      "target": "19"
    },
    {
      "source": "16",
      "target": "18"
    },
    {
      "source": "16",
      "target": "17"
    },
    {
      "source": "17",
      "target": "19"
    },
    {
      "source": "17",
      "target": "18"
    },
    {
      "source": "18",
      "target": "19"
    }
  ],
  "coef": {
    "stress": 0.06,
    "crossing_angle": 0,
    "neighbor": 0,
    "edge_uniformity": 0.17,
    "crossing_number": 0,
    "angular_resolution": 0,
    "vertex_resolution": 0.37,
    "gabriel": 0,
    "aspect_ratio": 0.11
  },
  "optimizer": {
    "lr": 0.41083936607684257,
    "momentum": 0.5
  },
  "graphDistance": [
    [
      0,
      1,
      1,
      1,
      1,
      1,
      1,
      1,
      1,
      1,
      1,
      1,
      1,
      1,
      1,
      1,
      1,
      1,
      1,
      1
    ],
    [
      1,
      0,
      1,
      1,
      1,
      1,
      1,
      1,
      1,
      1,
      1,
      1,
      1,
      1,
      1,
      1,
      1,
      1,
      1,
      1
    ],
    [
      1,
      1,
      0,
      1,
      1,
      1,
      1,
      1,
      1,
      1,
      1,
      1,
      1,
      1,
      1,
      1,
      1,
      1,
      1,
      1
    ],
    [
      1,
      1,
      1,
      0,
      1,
      1,
      1,
      1,
      1,
      1,
      1,
      1,
      1,
      1,
      1,
      1,
      1,
      1,
      1,
      1
    ],
    [
      1,
      1,
      1,
      1,
      0,
      1,
      1,
      1,
      1,
      1,
      1,
      1,
      1,
      1,
      1,
      1,
      1,
      1,
      1,
      1
    ],
    [
      1,
      1,
      1,
      1,
      1,
      0,
      1,
      1,
      1,
      1,
      1,
      1,
      1,
      1,
      1,
      1,
      1,
      1,
      1,
      1
    ],
    [
      1,
      1,
      1,
      1,
      1,
      1,
      0,
      1,
      1,
      1,
      1,
      1,
      1,
      1,
      1,
      1,
      1,
      1,
      1,
      1
    ],
    [
      1,
      1,
      1,
      1,
      1,
      1,
      1,
      0,
      1,
      1,
      1,
      1,
      1,
      1,
      1,
      1,
      1,
      1,
      1,
      1
    ],
    [
      1,
      1,
      1,
      1,
      1,
      1,
      1,
      1,
      0,
      1,
      1,
      1,
      1,
      1,
      1,
      1,
      1,
      1,
      1,
      1
    ],
    [
      1,
      1,
      1,
      1,
      1,
      1,
      1,
      1,
      1,
      0,
      1,
      1,
      1,
      1,
      1,
      1,
      1,
      1,
      1,
      1
    ],
    [
      1,
      1,
      1,
      1,
      1,
      1,
      1,
      1,
      1,
      1,
      0,
      1,
      1,
      1,
      1,
      1,
      1,
      1,
      1,
      1
    ],
    [
      1,
      1,
      1,
      1,
      1,
      1,
      1,
      1,
      1,
      1,
      1,
      0,
      1,
      1,
      1,
      1,
      1,
      1,
      1,
      1
    ],
    [
      1,
      1,
      1,
      1,
      1,
      1,
      1,
      1,
      1,
      1,
      1,
      1,
      0,
      1,
      1,
      1,
      1,
      1,
      1,
      1
    ],
    [
      1,
      1,
      1,
      1,
      1,
      1,
      1,
      1,
      1,
      1,
      1,
      1,
      1,
      0,
      1,
      1,
      1,
      1,
      1,
      1
    ],
    [
      1,
      1,
      1,
      1,
      1,
      1,
      1,
      1,
      1,
      1,
      1,
      1,
      1,
      1,
      0,
      1,
      1,
      1,
      1,
      1
    ],
    [
      1,
      1,
      1,
      1,
      1,
      1,
      1,
      1,
      1,
      1,
      1,
      1,
      1,
      1,
      1,
      0,
      1,
      1,
      1,
      1
    ],
    [
      1,
      1,
      1,
      1,
      1,
      1,
      1,
      1,
      1,
      1,
      1,
      1,
      1,
      1,
      1,
      1,
      0,
      1,
      1,
      1
    ],
    [
      1,
      1,
      1,
      1,
      1,
      1,
      1,
      1,
      1,
      1,
      1,
      1,
      1,
      1,
      1,
      1,
      1,
      0,
      1,
      1
    ],
    [
      1,
      1,
      1,
      1,
      1,
      1,
      1,
      1,
      1,
      1,
      1,
      1,
      1,
      1,
      1,
      1,
      1,
      1,
      0,
      1
    ],
    [
      1,
      1,
      1,
      1,
      1,
      1,
      1,
      1,
      1,
      1,
      1,
      1,
      1,
      1,
      1,
      1,
      1,
      1,
      1,
      0
    ]
  ],
  "weight": [
    [
      1,
      1,
      1,
      1,
      1,
      1,
      1,
      1,
      1,
      1,
      1,
      1,
      1,
      1,
      1,
      1,
      1,
      1,
      1,
      1
    ],
    [
      1,
      1,
      1,
      1,
      1,
      1,
      1,
      1,
      1,
      1,
      1,
      1,
      1,
      1,
      1,
      1,
      1,
      1,
      1,
      1
    ],
    [
      1,
      1,
      1,
      1,
      1,
      1,
      1,
      1,
      1,
      1,
      1,
      1,
      1,
      1,
      1,
      1,
      1,
      1,
      1,
      1
    ],
    [
      1,
      1,
      1,
      1,
      1,
      1,
      1,
      1,
      1,
      1,
      1,
      1,
      1,
      1,
      1,
      1,
      1,
      1,
      1,
      1
    ],
    [
      1,
      1,
      1,
      1,
      1,
      1,
      1,
      1,
      1,
      1,
      1,
      1,
      1,
      1,
      1,
      1,
      1,
      1,
      1,
      1
    ],
    [
      1,
      1,
      1,
      1,
      1,
      1,
      1,
      1,
      1,
      1,
      1,
      1,
      1,
      1,
      1,
      1,
      1,
      1,
      1,
      1
    ],
    [
      1,
      1,
      1,
      1,
      1,
      1,
      1,
      1,
      1,
      1,
      1,
      1,
      1,
      1,
      1,
      1,
      1,
      1,
      1,
      1
    ],
    [
      1,
      1,
      1,
      1,
      1,
      1,
      1,
      1,
      1,
      1,
      1,
      1,
      1,
      1,
      1,
      1,
      1,
      1,
      1,
      1
    ],
    [
      1,
      1,
      1,
      1,
      1,
      1,
      1,
      1,
      1,
      1,
      1,
      1,
      1,
      1,
      1,
      1,
      1,
      1,
      1,
      1
    ],
    [
      1,
      1,
      1,
      1,
      1,
      1,
      1,
      1,
      1,
      1,
      1,
      1,
      1,
      1,
      1,
      1,
      1,
      1,
      1,
      1
    ],
    [
      1,
      1,
      1,
      1,
      1,
      1,
      1,
      1,
      1,
      1,
      1,
      1,
      1,
      1,
      1,
      1,
      1,
      1,
      1,
      1
    ],
    [
      1,
      1,
      1,
      1,
      1,
      1,
      1,
      1,
      1,
      1,
      1,
      1,
      1,
      1,
      1,
      1,
      1,
      1,
      1,
      1
    ],
    [
      1,
      1,
      1,
      1,
      1,
      1,
      1,
      1,
      1,
      1,
      1,
      1,
      1,
      1,
      1,
      1,
      1,
      1,
      1,
      1
    ],
    [
      1,
      1,
      1,
      1,
      1,
      1,
      1,
      1,
      1,
      1,
      1,
      1,
      1,
      1,
      1,
      1,
      1,
      1,
      1,
      1
    ],
    [
      1,
      1,
      1,
      1,
      1,
      1,
      1,
      1,
      1,
      1,
      1,
      1,
      1,
      1,
      1,
      1,
      1,
      1,
      1,
      1
    ],
    [
      1,
      1,
      1,
      1,
      1,
      1,
      1,
      1,
      1,
      1,
      1,
      1,
      1,
      1,
      1,
      1,
      1,
      1,
      1,
      1
    ],
    [
      1,
      1,
      1,
      1,
      1,
      1,
      1,
      1,
      1,
      1,
      1,
      1,
      1,
      1,
      1,
      1,
      1,
      1,
      1,
      1
    ],
    [
      1,
      1,
      1,
      1,
      1,
      1,
      1,
      1,
      1,
      1,
      1,
      1,
      1,
      1,
      1,
      1,
      1,
      1,
      1,
      1
    ],
    [
      1,
      1,
      1,
      1,
      1,
      1,
      1,
      1,
      1,
      1,
      1,
      1,
      1,
      1,
      1,
      1,
      1,
      1,
      1,
      1
    ],
    [
      1,
      1,
      1,
      1,
      1,
      1,
      1,
      1,
      1,
      1,
      1,
      1,
      1,
      1,
      1,
      1,
      1,
      1,
      1,
      1
    ]
  ]
}