{
  "nodes": [
    {
      "index": 0,
      "id": "(0, 0, 0)",
      "x": 0.03354625776410103,
      "y": -1.1222761869430542
    },
    {
      "index": 1,
      "id": "(0, 0, 1)",
      "x": 0.031163638457655907,
      "y": 0.0757933109998703
    },
    {
      "index": 2,
      "id": "(0, 1, 0)",
      "x": 1.0096391439437866,
      "y": -0.5516929626464844
    },
    {
      "index": 3,
      "id": "(0, 1, 1)",
      "x": 0.9949794411659241,
      "y": 0.614485502243042
    },
    {
      "index": 4,
      "id": "(1, 0, 0)",
      "x": -0.9949789643287659,
      "y": -0.6144859790802002
    },
    {
      "index": 5,
      "id": "(1, 0, 1)",
      "x": -1.0096391439437866,
      "y": 0.5516921877861023
    },
    {
      "index": 6,
      "id": "(1, 1, 0)",
      "x": -0.031163420528173447,
      "y": -0.07579415291547775
    },
    {
      "index": 7,
      "id": "(1, 1, 1)",
      "x": -0.03354589641094208,
      "y": 1.1222761869430542
    }
  ],
  "edges": [
    {
      "source": "(0, 0, 0)",
      "target": "(0, 1, 0)"
    },
    {
      "source": "(0, 0, 0)",
      "target": "(1, 0, 0)"
    },
    {
      "source": "(0, 0, 0)",
      "target": "(0, 0, 1)"
    },
    {
      "source": "(0, 0, 1)",
      "target": "(1, 0, 1)"
    },
    {
      "source": "(0, 0, 1)",
      "target": "(0, 1, 1)"
    },
    {
      "source": "(0, 1, 0)",
      "target": "(1, 1, 0)"
    },
    {
      "source": "(0, 1, 0)",
      "target": "(0, 1, 1)"
    },
    {
      "source": "(0, 1, 1)",
      "target": "(1, 1, 1)"
    },
    {
      "source": "(1, 0, 0)",
      "target": "(1, 1, 0)"
    },
    {
      "source": "(1, 0, 0)",
      "target": "(1, 0, 1)"
    },
    {
      "source": "(1, 0, 1)",
      "target": "(1, 1, 1)"
    },
    {
      "source": "(1, 1, 0)",
      "target": "(1, 1, 1)"
    }
  ],
  "coef": {
    "stress": 0.3,
    "crossing_angle": 0,
    "neighbor": 0,
    "edge_uniformity": 0.46,
    "crossing_number": 0,
    "angular_resolution": 0.15,
    "vertex_resolution": 0.26,
    "gabriel": 0,
    "aspect_ratio": 0.1
  },
  "optimizer": {
    "lr": 0.42328820970833697,
    "momentum": 0.5
  },
  "graphDistance": [
    [
      0,
      1,
      1,
      2,
      1,
      2,
      2,
      3
    ],
    [
      1,
      0,
      2,
      1,
      2,
      1,
      3,
      2
    ],
    [
      1,
      2,
      0,
      1,
      2,
      3,
      1,
      2
    ],
    [
      2,
      1,
      1,
      0,
      3,
      2,
      2,
      1
    ],
    [
      1,
      2,
      2,
      3,
      0,
      1,
      1,
      2
    ],
    [
      2,
      1,
      3,
      2,
      1,
      0,
      2,
      1
    ],
    [
      2,
      3,
      1,
      2,
      1,
      2,
      0,
      1
    ],
    [
      3,
      2,
      2,
      1,
      2,
      1,
      1,
      0
    ]
  ],
  "weight": [
    [
      1,
      1,
      1,
      0.25,
      1,
      0.25,
      0.25,
      0.1111111119389534
    ],
    [
      1,
      1,
      0.25,
      1,
      0.25,
      1,
      0.1111111119389534,
      0.25
    ],
    [
      1,
      0.25,
      1,
      1,
      0.25,
      0.1111111119389534,
      1,
      0.25
    ],
    [
      0.25,
      1,
      1,
      1,
      0.1111111119389534,
      0.25,
      0.25,
      1
    ],
    [
      1,
      0.25,
      0.25,
      0.1111111119389534,
      1,
      1,
      1,
      0.25
    ],
    [
      0.25,
      1,
      0.1111111119389534,
      0.25,
      1,
      1,
      0.25,
      1
    ],
    [
      0.25,
      0.1111111119389534,
      1,
      0.25,
      1,
      0.25,
      1,
      1
    ],
    [
      0.1111111119389534,
      0.25,
      0.25,
      1,
      0.25,
      1,
      1,
      1
    ]
  ]
}