{
  "nodes": [
    {
      "index": 0,
      "id": 0,
      "x": -0.3887125849723816,
      "y": -1.7354207038879395
    },
    {
      "index": 1,
      "id": 1,
      "x": -4.48914909362793,
      "y": 0.5065900683403015
    },
    {
      "index": 2,
      "id": 2,
      "x": 2.6107277870178223,
      "y": -3.6868982315063477
    },
    {
      "index": 3,
      "id": 3,
      "x": 0.45067688822746277,
      "y": 0.0683879479765892
    },
    {
      "index": 4,
      "id": 4,
      "x": -1.8736268281936646,
      "y": 1.7728298902511597
    },
    {
      "index": 5,
      "id": 5,
      "x": -1.374138593673706,
      "y": -0.019992290064692497
    },
    {
      "index": 6,
      "id": 6,
      "x": 2.457048177719116,
      "y": -0.78505539894104
    },
    {
      "index": 7,
      "id": 7,
      "x": 1.153613805770874,
      "y": 0.6278475522994995
    },
    {
      "index": 8,
      "id": 8,
      "x": -2.284069299697876,
      "y": 0.7448728084564209
    },
    {
      "index": 9,
      "id": 9,
      "x": 2.1476283073425293,
      "y": -2.6859161853790283
    },
    {
      "index": 10,
      "id": 10,
      "x": -0.1576649397611618,
      "y": 0.4277018904685974
    },
    {
      "index": 11,
      "id": 11,
      "x": -3.3889691829681396,
      "y": 0.5842373371124268
    },
    {
      "index": 12,
      "id": 12,
      "x": 1.754932165145874,
      "y": -1.640737533569336
    },
    {
      "index": 13,
      "id": 13,
      "x": -1.3321799039840698,
      "y": -1.1781671047210693
    },
    {
      "index": 14,
      "id": 14,
      "x": -0.8520124554634094,
      "y": 2.2267255783081055
    },
    {
      "index": 15,
      "id": 15,
      "x": -0.7362651228904724,
      "y": 3.364551305770874
    },
    {
      "index": 16,
      "id": 16,
      "x": 3.3019843101501465,
      "y": 0.9793845415115356
    },
    {
      "index": 17,
      "id": 17,
      "x": 0.6458339691162109,
      "y": -1.2130769491195679
    },
    {
      "index": 18,
      "id": 18,
      "x": -0.0070406352169811726,
      "y": 1.3133800029754639
    },
    {
      "index": 19,
      "id": 19,
      "x": 2.3613879680633545,
      "y": 0.3287513852119446
    }
  ],
  "edges": [
    {
      "source": 0,
      "target": 17
    },
    {
      "source": 0,
      "target": 13
    },
    {
      "source": 1,
      "target": 11
    },
    {
      "source": 2,
      "target": 9
    },
    {
      "source": 3,
      "target": 17
    },
    {
      "source": 3,
      "target": 18
    },
    {
      "source": 4,
      "target": 8
    },
    {
      "source": 4,
      "target": 14
    },
    {
      "source": 5,
      "target": 8
    },
    {
      "source": 5,
      "target": 10
    },
    {
      "source": 5,
      "target": 13
    },
    {
      "source": 6,
      "target": 19
    },
    {
      "source": 6,
      "target": 12
    },
    {
      "source": 7,
      "target": 10
    },
    {
      "source": 7,
      "target": 19
    },
    {
      "source": 8,
      "target": 11
    },
    {
      "source": 9,
      "target": 12
    },
    {
      "source": 12,
      "target": 17
    },
    {
      "source": 14,
      "target": 18
    },
    {
      "source": 14,
      "target": 15
    },
    {
      "source": 16,
      "target": 19
    }
  ],
  "coef": {
    "stress": 0.44,
    "crossing_angle": 0,
    "neighbor": 0,
    "edge_uniformity": 1,
    "crossing_number": 0,
    "angular_resolution": 0.75,
    "vertex_resolution": 0,
    "gabriel": 0,
    "aspect_ratio": 0
  },
  "optimizer": {
    "lr": 0.19479105812699216,
    "momentum": 0.5
  },
  "graphDistance": [
    [
      0,
      5,
      4,
      2,
      4,
      2,
      3,
      4,
      3,
      3,
      3,
      4,
      2,
      1,
      4,
      5,
      5,
      1,
      3,
      4
    ],
    [
      5,
      0,
      9,
      6,
      3,
      3,
      7,
      5,
      2,
      8,
      4,
      1,
      7,
      4,
      4,
      5,
      7,
      6,
      5,
      6
    ],
    [
      4,
      9,
      0,
      4,
      7,
      6,
      3,
      5,
      7,
      1,
      6,
      8,
      2,
      5,
      6,
      7,
      5,
      3,
      5,
      4
    ],
    [
      2,
      6,
      4,
      0,
      3,
      4,
      3,
      5,
      4,
      3,
      5,
      5,
      2,
      3,
      2,
      3,
      5,
      1,
      1,
      4
    ],
    [
      4,
      3,
      7,
      3,
      0,
      2,
      6,
      4,
      1,
      6,
      3,
      2,
      5,
      3,
      1,
      2,
      6,
      4,
      2,
      5
    ],
    [
      2,
      3,
      6,
      4,
      2,
      0,
      4,
      2,
      1,
      5,
      1,
      2,
      4,
      1,
      3,
      4,
      4,
      3,
      4,
      3
    ],
    [
      3,
      7,
      3,
      3,
      6,
      4,
      0,
      2,
      5,
      2,
      3,
      6,
      1,
      4,
      5,
      6,
      2,
      2,
      4,
      1
    ],
    [
      4,
      5,
      5,
      5,
      4,
      2,
      2,
      0,
      3,
      4,
      1,
      4,
      3,
      3,
      5,
      6,
      2,
      4,
      6,
      1
    ],
    [
      3,
      2,
      7,
      4,
      1,
      1,
      5,
      3,
      0,
      6,
      2,
      1,
      5,
      2,
      2,
      3,
      5,
      4,
      3,
      4
    ],
    [
      3,
      8,
      1,
      3,
      6,
      5,
      2,
      4,
      6,
      0,
      5,
      7,
      1,
      4,
      5,
      6,
      4,
      2,
      4,
      3
    ],
    [
      3,
      4,
      6,
      5,
      3,
      1,
      3,
      1,
      2,
      5,
      0,
      3,
      4,
      2,
      4,
      5,
      3,
      4,
      5,
      2
    ],
    [
      4,
      1,
      8,
      5,
      2,
      2,
      6,
      4,
      1,
      7,
      3,
      0,
      6,
      3,
      3,
      4,
      6,
      5,
      4,
      5
    ],
    [
      2,
      7,
      2,
      2,
      5,
      4,
      1,
      3,
      5,
      1,
      4,
      6,
      0,
      3,
      4,
      5,
      3,
      1,
      3,
      2
    ],
    [
      1,
      4,
      5,
      3,
      3,
      1,
      4,
      3,
      2,
      4,
      2,
      3,
      3,
      0,
      4,
      5,
      5,
      2,
      4,
      4
    ],
    [
      4,
      4,
      6,
      2,
      1,
      3,
      5,
      5,
      2,
      5,
      4,
      3,
      4,
      4,
      0,
      1,
      7,
      3,
      1,
      6
    ],
    [
      5,
      5,
      7,
      3,
      2,
      4,
      6,
      6,
      3,
      6,
      5,
      4,
      5,
      5,
      1,
      0,
      8,
      4,
      2,
      7
    ],
    [
      5,
      7,
      5,
      5,
      6,
      4,
      2,
      2,
      5,
      4,
      3,
      6,
      3,
      5,
      7,
      8,
      0,
      4,
      6,
      1
    ],
    [
      1,
      6,
      3,
      1,
      4,
      3,
      2,
      4,
      4,
      2,
      4,
      5,
      1,
      2,
      3,
      4,
      4,
      0,
      2,
      3
    ],
    [
      3,
      5,
      5,
      1,
      2,
      4,
      4,
      6,
      3,
      4,
      5,
      4,
      3,
      4,
      1,
      2,
      6,
      2,
      0,
      5
    ],
    [
      4,
      6,
      4,
      4,
      5,
      3,
      1,
      1,
      4,
      3,
      2,
      5,
      2,
      4,
      6,
      7,
      1,
      3,
      5,
      0
    ]
  ],
  "weight": [
    [
      1,
      0.03999999910593033,
      0.0625,
      0.25,
      0.0625,
      0.25,
      0.1111111119389534,
      0.0625,
      0.1111111119389534,
      0.1111111119389534,
      0.1111111119389534,
      0.0625,
      0.25,
      1,
      0.0625,
      0.03999999910593033,
      0.03999999910593033,
      1,
      0.1111111119389534,
      0.0625
    ],
    [
      0.03999999910593033,
      1,
      0.012345679104328156,
      0.02777777798473835,
      0.1111111119389534,
      0.1111111119389534,
      0.020408162847161293,
      0.03999999910593033,
      0.25,
      0.015625,
      0.0625,
      1,
      0.020408162847161293,
      0.0625,
      0.0625,
      0.03999999910593033,
      0.020408162847161293,
      0.02777777798473835,
      0.03999999910593033,
      0.02777777798473835
    ],
    [
      0.0625,
      0.012345679104328156,
      1,
      0.0625,
      0.020408162847161293,
      0.02777777798473835,
      0.1111111119389534,
      0.03999999910593033,
      0.020408162847161293,
      1,
      0.02777777798473835,
      0.015625,
      0.25,
      0.03999999910593033,
      0.02777777798473835,
      0.020408162847161293,
      0.03999999910593033,
      0.1111111119389534,
      0.03999999910593033,
      0.0625
    ],
    [
      0.25,
      0.02777777798473835,
      0.0625,
      1,
      0.1111111119389534,
      0.0625,
      0.1111111119389534,
      0.03999999910593033,
      0.0625,
      0.1111111119389534,
      0.03999999910593033,
      0.03999999910593033,
      0.25,
      0.1111111119389534,
      0.25,
      0.1111111119389534,
      0.03999999910593033,
      1,
      1,
      0.0625
    ],
    [
      0.0625,
      0.1111111119389534,
      0.020408162847161293,
      0.1111111119389534,
      1,
      0.25,
      0.02777777798473835,
      0.0625,
      1,
      0.02777777798473835,
      0.1111111119389534,
      0.25,
      0.03999999910593033,
      0.1111111119389534,
      1,
      0.25,
      0.02777777798473835,
      0.0625,
      0.25,
      0.03999999910593033
    ],
    [
      0.25,
      0.1111111119389534,
      0.02777777798473835,
      0.0625,
      0.25,
      1,
      0.0625,
      0.25,
      1,
      0.03999999910593033,
      1,
      0.25,
      0.0625,
      1,
      0.1111111119389534,
      0.0625,
      0.0625,
      0.1111111119389534,
      0.0625,
      0.1111111119389534
    ],
    [
      0.1111111119389534,
      0.020408162847161293,
      0.1111111119389534,
      0.1111111119389534,
      0.02777777798473835,
      0.0625,
      1,
      0.25,
      0.03999999910593033,
      0.25,
      0.1111111119389534,
      0.02777777798473835,
      1,
      0.0625,
      0.03999999910593033,
      0.02777777798473835,
      0.25,
      0.25,
      0.0625,
      1
    ],
    [
      0.0625,
      0.03999999910593033,
      0.03999999910593033,
      0.03999999910593033,
      0.0625,
      0.25,
      0.25,
      1,
      0.1111111119389534,
      0.0625,
      1,
      0.0625,
      0.1111111119389534,
      0.1111111119389534,
      0.03999999910593033,
      0.02777777798473835,
      0.25,
      0.0625,
      0.02777777798473835,
      1
    ],
    [
      0.1111111119389534,
      0.25,
      0.020408162847161293,
      0.0625,
      1,
      1,
      0.03999999910593033,
      0.1111111119389534,
      1,
      0.02777777798473835,
      0.25,
      1,
      0.03999999910593033,
      0.25,
      0.25,
      0.1111111119389534,
      0.03999999910593033,
      0.0625,
      0.1111111119389534,
      0.0625
    ],
    [
      0.1111111119389534,
      0.015625,
      1,
      0.1111111119389534,
      0.02777777798473835,
      0.03999999910593033,
      0.25,
      0.0625,
      0.02777777798473835,
      1,
      0.03999999910593033,
      0.020408162847161293,
      1,
      0.0625,
      0.03999999910593033,
      0.02777777798473835,
      0.0625,
      0.25,
      0.0625,
      0.1111111119389534
    ],
    [
      0.1111111119389534,
      0.0625,
      0.02777777798473835,
      0.03999999910593033,
      0.1111111119389534,
      1,
      0.1111111119389534,
      1,
      0.25,
      0.03999999910593033,
      1,
      0.1111111119389534,
      0.0625,
      0.25,
      0.0625,
      0.03999999910593033,
      0.1111111119389534,
      0.0625,
      0.03999999910593033,
      0.25
    ],
    [
      0.0625,
      1,
      0.015625,
      0.03999999910593033,
      0.25,
      0.25,
      0.02777777798473835,
      0.0625,
      1,
      0.020408162847161293,
      0.1111111119389534,
      1,
      0.02777777798473835,
      0.1111111119389534,
      0.1111111119389534,
      0.0625,
      0.02777777798473835,
      0.03999999910593033,
      0.0625,
      0.03999999910593033
    ],
    [
      0.25,
      0.020408162847161293,
      0.25,
      0.25,
      0.03999999910593033,
      0.0625,
      1,
      0.1111111119389534,
      0.03999999910593033,
      1,
      0.0625,
      0.02777777798473835,
      1,
      0.1111111119389534,
      0.0625,
      0.03999999910593033,
      0.1111111119389534,
      1,
      0.1111111119389534,
      0.25
    ],
    [
      1,
      0.0625,
      0.03999999910593033,
      0.1111111119389534,
      0.1111111119389534,
      1,
      0.0625,
      0.1111111119389534,
      0.25,
      0.0625,
      0.25,
      0.1111111119389534,
      0.1111111119389534,
      1,
      0.0625,
      0.03999999910593033,
      0.03999999910593033,
      0.25,
      0.0625,
      0.0625
    ],
    [
      0.0625,
      0.0625,
      0.02777777798473835,
      0.25,
      1,
      0.1111111119389534,
      0.03999999910593033,
      0.03999999910593033,
      0.25,
      0.03999999910593033,
      0.0625,
      0.1111111119389534,
      0.0625,
      0.0625,
      1,
      1,
      0.020408162847161293,
      0.1111111119389534,
      1,
      0.02777777798473835
    ],
    [
      0.03999999910593033,
      0.03999999910593033,
      0.020408162847161293,
      0.1111111119389534,
      0.25,
      0.0625,
      0.02777777798473835,
      0.02777777798473835,
      0.1111111119389534,
      0.02777777798473835,
      0.03999999910593033,
      0.0625,
      0.03999999910593033,
      0.03999999910593033,
      1,
      1,
      0.015625,
      0.0625,
      0.25,
      0.020408162847161293
    ],
    [
      0.03999999910593033,
      0.020408162847161293,
      0.03999999910593033,
      0.03999999910593033,
      0.02777777798473835,
      0.0625,
      0.25,
      0.25,
      0.03999999910593033,
      0.0625,
      0.1111111119389534,
      0.02777777798473835,
      0.1111111119389534,
      0.03999999910593033,
      0.020408162847161293,
      0.015625,
      1,
      0.0625,
      0.02777777798473835,
      1
    ],
    [
      1,
      0.02777777798473835,
      0.1111111119389534,
      1,
      0.0625,
      0.1111111119389534,
      0.25,
      0.0625,
      0.0625,
      0.25,
      0.0625,
      0.03999999910593033,
      1,
      0.25,
      0.1111111119389534,
      0.0625,
      0.0625,
      1,
      0.25,
      0.1111111119389534
    ],
    [
      0.1111111119389534,
      0.03999999910593033,
      0.03999999910593033,
      1,
      0.25,
      0.0625,
      0.0625,
      0.02777777798473835,
      0.1111111119389534,
      0.0625,
      0.03999999910593033,
      0.0625,
      0.1111111119389534,
      0.0625,
      1,
      0.25,
      0.02777777798473835,
      0.25,
      1,
      0.03999999910593033
    ],
    [
      0.0625,
      0.02777777798473835,
      0.0625,
      0.0625,
      0.03999999910593033,
      0.1111111119389534,
      1,
      1,
      0.0625,
      0.1111111119389534,
      0.25,
      0.03999999910593033,
      0.25,
      0.0625,
      0.02777777798473835,
      0.020408162847161293,
      1,
      0.1111111119389534,
      0.03999999910593033,
      1
    ]
  ]
}