{
  "nodes": [
    {
      "index": 0,
      "id": "0",
      "x": -35.057,
      "y": -116.87
    },
    {
      "index": 1,
      "id": "1",
      "x": 128.3,
      "y": 107.33
    },
    {
      "index": 2,
      "id": "2",
      "x": -67.023,
      "y": 2.5145
    },
    {
      "index": 3,
      "id": "3",
      "x": -62.041,
      "y": 109.4
    },
    {
      "index": 4,
      "id": "4",
      "x": 118.3,
      "y": 35.646
    },
    {
      "index": 5,
      "id": "5",
      "x": 130.1,
      "y": -33.945
    },
    {
      "index": 6,
      "id": "6",
      "x": -125.72,
      "y": 109.81
    },
    {
      "index": 7,
      "id": "7",
      "x": 2.1215,
      "y": 111.43
    },
    {
      "index": 8,
      "id": "8",
      "x": 67.597,
      "y": -32.817
    },
    {
      "index": 9,
      "id": "9",
      "x": 120.97,
      "y": -107.74
    },
    {
      "index": 10,
      "id": "10",
      "x": 3.2634,
      "y": -2.476
    },
    {
      "index": 11,
      "id": "11",
      "x": -127.15,
      "y": -36.711
    },
    {
      "index": 12,
      "id": "12",
      "x": -33.516,
      "y": 51.299
    },
    {
      "index": 13,
      "id": "13",
      "x": 8.2298,
      "y": -61.572
    },
    {
      "index": 14,
      "id": "14",
      "x": 44.483,
      "y": 44.963
    },
    {
      "index": 15,
      "id": "15",
      "x": -57.496,
      "y": -56.41
    },
    {
      "index": 16,
      "id": "16",
      "x": 64.956,
      "y": 110.75
    },
    {
      "index": 17,
      "id": "17",
      "x": -117.94,
      "y": -110.27
    },
    {
      "index": 18,
      "id": "18",
      "x": -122.05,
      "y": 39.389
    },
    {
      "index": 19,
      "id": "19",
      "x": 46.651,
      "y": -112.87
    }
  ],
  "edges": [
    {
      "source": "0",
      "target": "5"
    },
    {
      "source": "0",
      "target": "9"
    },
    {
      "source": "0",
      "target": "6"
    },
    {
      "source": "0",
      "target": "15"
    },
    {
      "source": "0",
      "target": "13"
    },
    {
      "source": "0",
      "target": "1"
    },
    {
      "source": "0",
      "target": "10"
    },
    {
      "source": "0",
      "target": "11"
    },
    {
      "source": "0",
      "target": "19"
    },
    {
      "source": "0",
      "target": "8"
    },
    {
      "source": "0",
      "target": "12"
    },
    {
      "source": "0",
      "target": "18"
    },
    {
      "source": "0",
      "target": "17"
    },
    {
      "source": "0",
      "target": "7"
    },
    {
      "source": "0",
      "target": "2"
    },
    {
      "source": "0",
      "target": "3"
    },
    {
      "source": "0",
      "target": "16"
    },
    {
      "source": "0",
      "target": "4"
    },
    {
      "source": "0",
      "target": "14"
    },
    {
      "source": "1",
      "target": "5"
    },
    {
      "source": "1",
      "target": "9"
    },
    {
      "source": "1",
      "target": "6"
    },
    {
      "source": "1",
      "target": "15"
    },
    {
      "source": "1",
      "target": "13"
    },
    {
      "source": "1",
      "target": "10"
    },
    {
      "source": "1",
      "target": "11"
    },
    {
      "source": "1",
      "target": "19"
    },
    {
      "source": "1",
      "target": "8"
    },
    {
      "source": "1",
      "target": "12"
    },
    {
      "source": "1",
      "target": "18"
    },
    {
      "source": "1",
      "target": "17"
    },
    {
      "source": "1",
      "target": "7"
    },
    {
      "source": "1",
      "target": "2"
    },
    {
      "source": "1",
      "target": "3"
    },
    {
      "source": "1",
      "target": "16"
    },
    {
      "source": "1",
      "target": "4"
    },
    {
      "source": "1",
      "target": "14"
    },
    {
      "source": "2",
      "target": "5"
    },
    {
      "source": "2",
      "target": "9"
    },
    {
      "source": "2",
      "target": "6"
    },
    {
      "source": "2",
      "target": "15"
    },
    {
      "source": "2",
      "target": "13"
    },
    {
      "source": "2",
      "target": "10"
    },
    {
      "source": "2",
      "target": "11"
    },
    {
      "source": "2",
      "target": "19"
    },
    {
      "source": "2",
      "target": "8"
    },
    {
      "source": "2",
      "target": "12"
    },
    {
      "source": "2",
      "target": "18"
    },
    {
      "source": "2",
      "target": "17"
    },
    {
      "source": "2",
      "target": "7"
    },
    {
      "source": "2",
      "target": "3"
    },
    {
      "source": "2",
      "target": "16"
    },
    {
      "source": "2",
      "target": "4"
    },
    {
      "source": "2",
      "target": "14"
    },
    {
      "source": "3",
      "target": "5"
    },
    {
      "source": "3",
      "target": "9"
    },
    {
      "source": "3",
      "target": "6"
    },
    {
      "source": "3",
      "target": "15"
    },
    {
      "source": "3",
      "target": "13"
    },
    {
      "source": "3",
      "target": "10"
    },
    {
      "source": "3",
      "target": "11"
    },
    {
      "source": "3",
      "target": "19"
    },
    {
      "source": "3",
      "target": "8"
    },
    {
      "source": "3",
      "target": "12"
    },
    {
      "source": "3",
      "target": "18"
    },
    {
      "source": "3",
      "target": "17"
    },
    {
      "source": "3",
      "target": "7"
    },
    {
      "source": "3",
      "target": "16"
    },
    {
      "source": "3",
      "target": "4"
    },
    {
      "source": "3",
      "target": "14"
    },
    {
      "source": "4",
      "target": "5"
    },
    {
      "source": "4",
      "target": "9"
    },
    {
      "source": "4",
      "target": "6"
    },
    {
      "source": "4",
      "target": "15"
    },
    {
      "source": "4",
      "target": "13"
    },
    {
      "source": "4",
      "target": "10"
    },
    {
      "source": "4",
      "target": "11"
    },
    {
      "source": "4",
      "target": "19"
    },
    {
      "source": "4",
      "target": "8"
    },
    {
      "source": "4",
      "target": "12"
    },
    {
      "source": "4",
      "target": "18"
    },
    {
      "source": "4",
      "target": "17"
    },
    {
      "source": "4",
      "target": "7"
    },
    {
      "source": "4",
      "target": "16"
    },
    {
      "source": "4",
      "target": "14"
    },
    {
      "source": "5",
      "target": "9"
    },
    {
      "source": "5",
      "target": "6"
    },
    {
      "source": "5",
      "target": "15"
    },
    {
      "source": "5",
      "target": "13"
    },
    {
      "source": "5",
      "target": "10"
    },
    {
      "source": "5",
      "target": "11"
    },
    {
      "source": "5",
      "target": "19"
    },
    {
      "source": "5",
      "target": "8"
    },
    {
      "source": "5",
      "target": "12"
    },
    {
      "source": "5",
      "target": "18"
    },
    {
      "source": "5",
      "target": "17"
    },
    {
      "source": "5",
      "target": "7"
    },
    {
      "source": "5",
      "target": "16"
    },
    {
      "source": "5",
      "target": "14"
    },
    {
      "source": "6",
      "target": "9"
    },
    {
      "source": "6",
      "target": "15"
    },
    {
      "source": "6",
      "target": "13"
    },
    {
      "source": "6",
      "target": "10"
    },
    {
      "source": "6",
      "target": "11"
    },
    {
      "source": "6",
      "target": "19"
    },
    {
      "source": "6",
      "target": "8"
    },
    {
      "source": "6",
      "target": "12"
    },
    {
      "source": "6",
      "target": "18"
    },
    {
      "source": "6",
      "target": "17"
    },
    {
      "source": "6",
      "target": "7"
    },
    {
      "source": "6",
      "target": "16"
    },
    {
      "source": "6",
      "target": "14"
    },
    {
      "source": "7",
      "target": "9"
    },
    {
      "source": "7",
      "target": "15"
    },
    {
      "source": "7",
      "target": "13"
    },
    {
      "source": "7",
      "target": "10"
    },
    {
      "source": "7",
      "target": "11"
    },
    {
      "source": "7",
      "target": "19"
    },
    {
      "source": "7",
      "target": "8"
    },
    {
      "source": "7",
      "target": "12"
    },
    {
      "source": "7",
      "target": "18"
    },
    {
      "source": "7",
      "target": "17"
    },
    {
      "source": "7",
      "target": "16"
    },
    {
      "source": "7",
      "target": "14"
    },
    {
      "source": "8",
      "target": "9"
    },
    {
      "source": "8",
      "target": "15"
    },
    {
      "source": "8",
      "target": "13"
    },
    {
      "source": "8",
      "target": "10"
    },
    {
      "source": "8",
      "target": "11"
    },
    {
      "source": "8",
      "target": "19"
    },
    {
      "source": "8",
      "target": "12"
    },
    {
      "source": "8",
      "target": "18"
    },
    {
      "source": "8",
      "target": "17"
    },
    {
      "source": "8",
      "target": "16"
    },
    {
      "source": "8",
      "target": "14"
    },
    {
      "source": "9",
      "target": "15"
    },
    {
      "source": "9",
      "target": "13"
    },
    {
      "source": "9",
      "target": "10"
    },
    {
      "source": "9",
      "target": "11"
    },
    {
      "source": "9",
      "target": "19"
    },
    {
      "source": "9",
      "target": "12"
    },
    {
      "source": "9",
      "target": "18"
    },
    {
      "source": "9",
      "target": "17"
    },
    {
      "source": "9",
      "target": "16"
    },
    {
      "source": "9",
      "target": "14"
    },
    {
      "source": "10",
      "target": "15"
    },
    {
      "source": "10",
      "target": "13"
    },
    {
      "source": "10",
      "target": "11"
    },
    {
      "source": "10",
      "target": "19"
    },
    {
      "source": "10",
      "target": "12"
    },
    {
      "source": "10",
      "target": "18"
    },
    {
      "source": "10",
      "target": "17"
    },
    {
      "source": "10",
      "target": "16"
    },
    {
      "source": "10",
      "target": "14"
    },
    {
      "source": "11",
      "target": "15"
    },
    {
      "source": "11",
      "target": "13"
    },
    {
      "source": "11",
      "target": "19"
    },
    {
      "source": "11",
      "target": "12"
    },
    {
      "source": "11",
      "target": "18"
    },
    {
      "source": "11",
      "target": "17"
    },
    {
      "source": "11",
      "target": "16"
    },
    {
      "source": "11",
      "target": "14"
    },
    {
      "source": "12",
      "target": "15"
    },
    {
      "source": "12",
      "target": "13"
    },
    {
      "source": "12",
      "target": "19"
    },
    {
      "source": "12",
      "target": "18"
    },
    {
      "source": "12",
      "target": "17"
    },
    {
      "source": "12",
      "target": "16"
    },
    {
      "source": "12",
      "target": "14"
    },
    {
      "source": "13",
      "target": "15"
    },
    {
      "source": "13",
      "target": "19"
    },
    {
      "source": "13",
      "target": "18"
    },
    {
      "source": "13",
      "target": "17"
    },
    {
      "source": "13",
      "target": "16"
    },
    {
      "source": "13",
      "target": "14"
    },
    {
      "source": "14",
      "target": "15"
    },
    {
      "source": "14",
      "target": "19"
    },
    {
      "source": "14",
      "target": "18"
    },
    {
      "source": "14",
      "target": "17"
    },
    {
      "source": "14",
      "target": "16"
    },
    {
      "source": "15",
      "target": "19"
    },
    {
      "source": "15",
      "target": "18"
    },
    {
      "source": "15",
      "target": "17"
    },
    {
      "source": "15",
      "target": "16"
    },
    {
      "source": "16",
      "target": "19"
    },
    {
      "source": "16",
      "target": "18"
    },
    {
      "source": "16",
      "target": "17"
    },
    {
      "source": "17",
      "target": "19"
    },
    {
      "source": "17",
      "target": "18"
    },
    {
      "source": "18",
      "target": "19"
    }
  ],
  "weight": [
    [
      1.0,
      1.0,
      1.0,
      1.0,
      1.0,
      1.0,
      1.0,
      1.0,
      1.0,
      1.0,
      1.0,
      1.0,
      1.0,
      1.0,
      1.0,
      1.0,
      1.0,
      1.0,
      1.0,
      1.0
    ],
    [
      1.0,
      1.0,
      1.0,
      1.0,
      1.0,
      1.0,
      1.0,
      1.0,
      1.0,
      1.0,
      1.0,
      1.0,
      1.0,
      1.0,
      1.0,
      1.0,
      1.0,
      1.0,
      1.0,
      1.0
    ],
    [
      1.0,
      1.0,
      1.0,
      1.0,
      1.0,
      1.0,
      1.0,
      1.0,
      1.0,
      1.0,
      1.0,
      1.0,
      1.0,
      1.0,
      1.0,
      1.0,
      1.0,
      1.0,
      1.0,
      1.0
    ],
    [
      1.0,
      1.0,
      1.0,
      1.0,
      1.0,
      1.0,
      1.0,
      1.0,
      1.0,
      1.0,
      1.0,
      1.0,
      1.0,
      1.0,
      1.0,
      1.0,
      1.0,
      1.0,
      1.0,
      1.0
    ],
    [
      1.0,
      1.0,
      1.0,
      1.0,
      1.0,
      1.0,
      1.0,
      1.0,
      1.0,
      1.0,
      1.0,
      1.0,
      1.0,
      1.0,
      1.0,
      1.0,
      1.0,
      1.0,
      1.0,
      1.0
    ],
    [
      1.0,
      1.0,
      1.0,
      1.0,
      1.0,
      1.0,
      1.0,
      1.0,
      1.0,
      1.0,
      1.0,
      1.0,
      1.0,
      1.0,
      1.0,
      1.0,
      1.0,
      1.0,
      1.0,
      1.0
    ],
    [
      1.0,
      1.0,
      1.0,
      1.0,
      1.0,
      1.0,
      1.0,
      1.0,
      1.0,
      1.0,
      1.0,
      1.0,
      1.0,
      1.0,
      1.0,
      1.0,
      1.0,
      1.0,
      1.0,
      1.0
    ],
    [
      1.0,
      1.0,
      1.0,
      1.0,
      1.0,
      1.0,
      1.0,
      1.0,
      1.0,
      1.0,
      1.0,
      1.0,
      1.0,
      1.0,
      1.0,
      1.0,
      1.0,
      1.0,
      1.0,
      1.0
    ],
    [
      1.0,
      1.0,
      1.0,
      1.0,
      1.0,
      1.0,
      1.0,
      1.0,
      1.0,
      1.0,
      1.0,
      1.0,
      1.0,
      1.0,
      1.0,
      1.0,
      1.0,
      1.0,
      1.0,
      1.0
    ],
    [
      1.0,
      1.0,
      1.0,
      1.0,
      1.0,
      1.0,
      1.0,
      1.0,
      1.0,
      1.0,
      1.0,
      1.0,
      1.0,
      1.0,
      1.0,
      1.0,
      1.0,
      1.0,
      1.0,
      1.0
    ],
    [
      1.0,
      1.0,
      1.0,
      1.0,
      1.0,
      1.0,
      1.0,
      1.0,
      1.0,
      1.0,
      1.0,
      1.0,
      1.0,
      1.0,
      1.0,
      1.0,
      1.0,
      1.0,
      1.0,
      1.0
    ],
    [
      1.0,
      1.0,
      1.0,
      1.0,
      1.0,
      1.0,
      1.0,
      1.0,
      1.0,
      1.0,
      1.0,
      1.0,
      1.0,
      1.0,
      1.0,
      1.0,
      1.0,
      1.0,
      1.0,
      1.0
    ],
    [
      1.0,
      1.0,
      1.0,
      1.0,
      1.0,
      1.0,
      1.0,
      1.0,
      1.0,
      1.0,
      1.0,
      1.0,
      1.0,
      1.0,
      1.0,
      1.0,
      1.0,
      1.0,
      1.0,
      1.0
    ],
    [
      1.0,
      1.0,
      1.0,
      1.0,
      1.0,
      1.0,
      1.0,
      1.0,
      1.0,
      1.0,
      1.0,
      1.0,
      1.0,
      1.0,
      1.0,
      1.0,
      1.0,
      1.0,
      1.0,
      1.0
    ],
    [
      1.0,
      1.0,
      1.0,
      1.0,
      1.0,
      1.0,
      1.0,
      1.0,
      1.0,
      1.0,
      1.0,
      1.0,
      1.0,
      1.0,
      1.0,
      1.0,
      1.0,
      1.0,
      1.0,
      1.0
    ],
    [
      1.0,
      1.0,
      1.0,
      1.0,
      1.0,
      1.0,
      1.0,
      1.0,
      1.0,
      1.0,
      1.0,
      1.0,
      1.0,
      1.0,
      1.0,
      1.0,
      1.0,
      1.0,
      1.0,
      1.0
    ],
    [
      1.0,
      1.0,
      1.0,
      1.0,
      1.0,
      1.0,
      1.0,
      1.0,
      1.0,
      1.0,
      1.0,
      1.0,
      1.0,
      1.0,
      1.0,
      1.0,
      1.0,
      1.0,
      1.0,
      1.0
    ],
    [
      1.0,
      1.0,
      1.0,
      1.0,
      1.0,
      1.0,
      1.0,
      1.0,
      1.0,
      1.0,
      1.0,
      1.0,
      1.0,
      1.0,
      1.0,
      1.0,
      1.0,
      1.0,
      1.0,
      1.0
    ],
    [
      1.0,
      1.0,
      1.0,
      1.0,
      1.0,
      1.0,
      1.0,
      1.0,
      1.0,
      1.0,
      1.0,
      1.0,
      1.0,
      1.0,
      1.0,
      1.0,
      1.0,
      1.0,
      1.0,
      1.0
    ],
    [
      1.0,
      1.0,
      1.0,
      1.0,
      1.0,
      1.0,
      1.0,
      1.0,
      1.0,
      1.0,
      1.0,
      1.0,
      1.0,
      1.0,
      1.0,
      1.0,
      1.0,
      1.0,
      1.0,
      1.0
    ]
  ],
  "graphDistance": [
    [
      0.0,
      1.0,
      1.0,
      1.0,
      1.0,
      1.0,
      1.0,
      1.0,
      1.0,
      1.0,
      1.0,
      1.0,
      1.0,
      1.0,
      1.0,
      1.0,
      1.0,
      1.0,
      1.0,
      1.0
    ],
    [
      1.0,
      0.0,
      1.0,
      1.0,
      1.0,
      1.0,
      1.0,
      1.0,
      1.0,
      1.0,
      1.0,
      1.0,
      1.0,
      1.0,
      1.0,
      1.0,
      1.0,
      1.0,
      1.0,
      1.0
    ],
    [
      1.0,
      1.0,
      0.0,
      1.0,
      1.0,
      1.0,
      1.0,
      1.0,
      1.0,
      1.0,
      1.0,
      1.0,
      1.0,
      1.0,
      1.0,
      1.0,
      1.0,
      1.0,
      1.0,
      1.0
    ],
    [
      1.0,
      1.0,
      1.0,
      0.0,
      1.0,
      1.0,
      1.0,
      1.0,
      1.0,
      1.0,
      1.0,
      1.0,
      1.0,
      1.0,
      1.0,
      1.0,
      1.0,
      1.0,
      1.0,
      1.0
    ],
    [
      1.0,
      1.0,
      1.0,
      1.0,
      0.0,
      1.0,
      1.0,
      1.0,
      1.0,
      1.0,
      1.0,
      1.0,
      1.0,
      1.0,
      1.0,
      1.0,
      1.0,
      1.0,
      1.0,
      1.0
    ],
    [
      1.0,
      1.0,
      1.0,
      1.0,
      1.0,
      0.0,
      1.0,
      1.0,
      1.0,
      1.0,
      1.0,
      1.0,
      1.0,
      1.0,
      1.0,
      1.0,
      1.0,
      1.0,
      1.0,
      1.0
    ],
    [
      1.0,
      1.0,
      1.0,
      1.0,
      1.0,
      1.0,
      0.0,
      1.0,
      1.0,
      1.0,
      1.0,
      1.0,
      1.0,
      1.0,
      1.0,
      1.0,
      1.0,
      1.0,
      1.0,
      1.0
    ],
    [
      1.0,
      1.0,
      1.0,
      1.0,
      1.0,
      1.0,
      1.0,
      0.0,
      1.0,
      1.0,
      1.0,
      1.0,
      1.0,
      1.0,
      1.0,
      1.0,
      1.0,
      1.0,
      1.0,
      1.0
    ],
    [
      1.0,
      1.0,
      1.0,
      1.0,
      1.0,
      1.0,
      1.0,
      1.0,
      0.0,
      1.0,
      1.0,
      1.0,
      1.0,
      1.0,
      1.0,
      1.0,
      1.0,
      1.0,
      1.0,
      1.0
    ],
    [
      1.0,
      1.0,
      1.0,
      1.0,
      1.0,
      1.0,
      1.0,
      1.0,
      1.0,
      0.0,
      1.0,
      1.0,
      1.0,
      1.0,
      1.0,
      1.0,
      1.0,
      1.0,
      1.0,
      1.0
    ],
    [
      1.0,
      1.0,
      1.0,
      1.0,
      1.0,
      1.0,
      1.0,
      1.0,
      1.0,
      1.0,
      0.0,
      1.0,
      1.0,
      1.0,
      1.0,
      1.0,
      1.0,
      1.0,
      1.0,
      1.0
    ],
    [
      1.0,
      1.0,
      1.0,
      1.0,
      1.0,
      1.0,
      1.0,
      1.0,
      1.0,
      1.0,
      1.0,
      0.0,
      1.0,
      1.0,
      1.0,
      1.0,
      1.0,
      1.0,
      1.0,
      1.0
    ],
    [
      1.0,
      1.0,
      1.0,
      1.0,
      1.0,
      1.0,
      1.0,
      1.0,
      1.0,
      1.0,
      1.0,
      1.0,
      0.0,
      1.0,
      1.0,
      1.0,
      1.0,
      1.0,
      1.0,
      1.0
    ],
    [
      1.0,
      1.0,
      1.0,
      1.0,
      1.0,
      1.0,
      1.0,
      1.0,
      1.0,
      1.0,
      1.0,
      1.0,
      1.0,
      0.0,
      1.0,
      1.0,
      1.0,
      1.0,
      1.0,
      1.0
    ],
    [
      1.0,
      1.0,
      1.0,
      1.0,
      1.0,
      1.0,
      1.0,
      1.0,
      1.0,
      1.0,
      1.0,
      1.0,
      1.0,
      1.0,
      0.0,
      1.0,
      1.0,
      1.0,
      1.0,
      1.0
    ],
    [
      1.0,
      1.0,
      1.0,
      1.0,
      1.0,
      1.0,
      1.0,
      1.0,
      1.0,
      1.0,
      1.0,
      1.0,
      1.0,
      1.0,
      1.0,
      0.0,
      1.0,
      1.0,
      1.0,
      1.0
    ],
    [
      1.0,
      1.0,
      1.0,
      1.0,
      1.0,
      1.0,
      1.0,
      1.0,
      1.0,
      1.0,
      1.0,
      1.0,
      1.0,
      1.0,
      1.0,
      1.0,
      0.0,
      1.0,
      1.0,
      1.0
    ],
    [
      1.0,
      1.0,
      1.0,
      1.0,
      1.0,
      1.0,
      1.0,
      1.0,
      1.0,
      1.0,
      1.0,
      1.0,
      1.0,
      1.0,
      1.0,
      1.0,
      1.0,
      0.0,
      1.0,
      1.0
    ],
    [
      1.0,
      1.0,
      1.0,
      1.0,
      1.0,
      1.0,
      1.0,
      1.0,
      1.0,
      1.0,
      1.0,
      1.0,
      1.0,
      1.0,
      1.0,
      1.0,
      1.0,
      1.0,
      0.0,
      1.0
    ],
    [
      1.0,
      1.0,
      1.0,
      1.0,
      1.0,
      1.0,
      1.0,
      1.0,
      1.0,
      1.0,
      1.0,
      1.0,
      1.0,
      1.0,
      1.0,
      1.0,
      1.0,
      1.0,
      1.0,
      0.0
    ]
  ]
}