{
  "nodes": [
    {
      "index": 0,
      "id": "0",
      "x": 179.9,
      "y": -53.851
    },
    {
      "index": 1,
      "id": "1",
      "x": 150.1,
      "y": -169.34
    },
    {
      "index": 2,
      "id": "2",
      "x": 65.131,
      "y": -86.263
    },
    {
      "index": 3,
      "id": "3",
      "x": 88.76,
      "y": 29.475
    },
    {
      "index": 4,
      "id": "4",
      "x": -1.8157,
      "y": 51.342
    },
    {
      "index": 5,
      "id": "5",
      "x": -71.787,
      "y": 20.39
    },
    {
      "index": 6,
      "id": "6",
      "x": -54.532,
      "y": -88.368
    },
    {
      "index": 7,
      "id": "7",
      "x": -138.24,
      "y": -175.07
    },
    {
      "index": 8,
      "id": "8",
      "x": 7.1273,
      "y": -176.07
    },
    {
      "index": 9,
      "id": "9",
      "x": 1.8676,
      "y": -50.874
    },
    {
      "index": 10,
      "id": "10",
      "x": 72.225,
      "y": -20.473
    },
    {
      "index": 11,
      "id": "11",
      "x": 54.625,
      "y": 88.221
    },
    {
      "index": 12,
      "id": "12",
      "x": -65.18,
      "y": 86.209
    },
    {
      "index": 13,
      "id": "13",
      "x": -88.896,
      "y": -29.514
    },
    {
      "index": 14,
      "id": "14",
      "x": -181.75,
      "y": -73.988
    },
    {
      "index": 15,
      "id": "15",
      "x": -179.81,
      "y": 53.755
    },
    {
      "index": 16,
      "id": "16",
      "x": -150.18,
      "y": 169.29
    },
    {
      "index": 17,
      "id": "17",
      "x": -7.2783,
      "y": 176.1
    },
    {
      "index": 18,
      "id": "18",
      "x": 138.1,
      "y": 175.12
    },
    {
      "index": 19,
      "id": "19",
      "x": 181.77,
      "y": 74.103
    }
  ],
  "edges": [
    {
      "source": "0",
      "target": "1"
    },
    {
      "source": "0",
      "target": "19"
    },
    {
      "source": "0",
      "target": "10"
    },
    {
      "source": "1",
      "target": "8"
    },
    {
      "source": "1",
      "target": "2"
    },
    {
      "source": "2",
      "target": "6"
    },
    {
      "source": "2",
      "target": "3"
    },
    {
      "source": "3",
      "target": "19"
    },
    {
      "source": "3",
      "target": "4"
    },
    {
      "source": "4",
      "target": "5"
    },
    {
      "source": "4",
      "target": "17"
    },
    {
      "source": "5",
      "target": "15"
    },
    {
      "source": "5",
      "target": "6"
    },
    {
      "source": "6",
      "target": "7"
    },
    {
      "source": "7",
      "target": "8"
    },
    {
      "source": "7",
      "target": "14"
    },
    {
      "source": "8",
      "target": "9"
    },
    {
      "source": "9",
      "target": "13"
    },
    {
      "source": "9",
      "target": "10"
    },
    {
      "source": "10",
      "target": "11"
    },
    {
      "source": "11",
      "target": "12"
    },
    {
      "source": "11",
      "target": "18"
    },
    {
      "source": "12",
      "target": "13"
    },
    {
      "source": "12",
      "target": "16"
    },
    {
      "source": "13",
      "target": "14"
    },
    {
      "source": "14",
      "target": "15"
    },
    {
      "source": "15",
      "target": "16"
    },
    {
      "source": "16",
      "target": "17"
    },
    {
      "source": "17",
      "target": "18"
    },
    {
      "source": "18",
      "target": "19"
    }
  ],
  "weight": [
    [
      1.0,
      1.0,
      0.25,
      0.25,
      0.1111111119389534,
      0.0625,
      0.1111111119389534,
      0.1111111119389534,
      0.25,
      0.25,
      1.0,
      0.25,
      0.1111111119389534,
      0.1111111119389534,
      0.0625,
      0.03999999910593033,
      0.0625,
      0.1111111119389534,
      0.25,
      1.0
    ],
    [
      1.0,
      1.0,
      1.0,
      0.25,
      0.1111111119389534,
      0.1111111119389534,
      0.25,
      0.25,
      1.0,
      0.25,
      0.25,
      0.1111111119389534,
      0.0625,
      0.1111111119389534,
      0.1111111119389534,
      0.0625,
      0.03999999910593033,
      0.0625,
      0.1111111119389534,
      0.25
    ],
    [
      0.25,
      1.0,
      1.0,
      1.0,
      0.25,
      0.25,
      1.0,
      0.25,
      0.25,
      0.1111111119389534,
      0.1111111119389534,
      0.0625,
      0.03999999910593033,
      0.0625,
      0.1111111119389534,
      0.1111111119389534,
      0.0625,
      0.1111111119389534,
      0.1111111119389534,
      0.25
    ],
    [
      0.25,
      0.25,
      1.0,
      1.0,
      1.0,
      0.25,
      0.25,
      0.1111111119389534,
      0.1111111119389534,
      0.0625,
      0.1111111119389534,
      0.1111111119389534,
      0.0625,
      0.03999999910593033,
      0.0625,
      0.1111111119389534,
      0.1111111119389534,
      0.25,
      0.25,
      1.0
    ],
    [
      0.1111111119389534,
      0.1111111119389534,
      0.25,
      1.0,
      1.0,
      1.0,
      0.25,
      0.1111111119389534,
      0.0625,
      0.03999999910593033,
      0.0625,
      0.1111111119389534,
      0.1111111119389534,
      0.0625,
      0.1111111119389534,
      0.25,
      0.25,
      1.0,
      0.25,
      0.25
    ],
    [
      0.0625,
      0.1111111119389534,
      0.25,
      0.25,
      1.0,
      1.0,
      1.0,
      0.25,
      0.1111111119389534,
      0.0625,
      0.03999999910593033,
      0.0625,
      0.1111111119389534,
      0.1111111119389534,
      0.25,
      1.0,
      0.25,
      0.25,
      0.1111111119389534,
      0.1111111119389534
    ],
    [
      0.1111111119389534,
      0.25,
      1.0,
      0.25,
      0.25,
      1.0,
      1.0,
      1.0,
      0.25,
      0.1111111119389534,
      0.0625,
      0.03999999910593033,
      0.0625,
      0.1111111119389534,
      0.25,
      0.25,
      0.1111111119389534,
      0.1111111119389534,
      0.0625,
      0.1111111119389534
    ],
    [
      0.1111111119389534,
      0.25,
      0.25,
      0.1111111119389534,
      0.1111111119389534,
      0.25,
      1.0,
      1.0,
      1.0,
      0.25,
      0.1111111119389534,
      0.0625,
      0.1111111119389534,
      0.25,
      1.0,
      0.25,
      0.1111111119389534,
      0.0625,
      0.03999999910593033,
      0.0625
    ],
    [
      0.25,
      1.0,
      0.25,
      0.1111111119389534,
      0.0625,
      0.1111111119389534,
      0.25,
      1.0,
      1.0,
      1.0,
      0.25,
      0.1111111119389534,
      0.1111111119389534,
      0.25,
      0.25,
      0.1111111119389534,
      0.0625,
      0.03999999910593033,
      0.0625,
      0.1111111119389534
    ],
    [
      0.25,
      0.25,
      0.1111111119389534,
      0.0625,
      0.03999999910593033,
      0.0625,
      0.1111111119389534,
      0.25,
      1.0,
      1.0,
      1.0,
      0.25,
      0.25,
      1.0,
      0.25,
      0.1111111119389534,
      0.1111111119389534,
      0.0625,
      0.1111111119389534,
      0.1111111119389534
    ],
    [
      1.0,
      0.25,
      0.1111111119389534,
      0.1111111119389534,
      0.0625,
      0.03999999910593033,
      0.0625,
      0.1111111119389534,
      0.25,
      1.0,
      1.0,
      1.0,
      0.25,
      0.25,
      0.1111111119389534,
      0.0625,
      0.1111111119389534,
      0.1111111119389534,
      0.25,
      0.25
    ],
    [
      0.25,
      0.1111111119389534,
      0.0625,
      0.1111111119389534,
      0.1111111119389534,
      0.0625,
      0.03999999910593033,
      0.0625,
      0.1111111119389534,
      0.25,
      1.0,
      1.0,
      1.0,
      0.25,
      0.1111111119389534,
      0.1111111119389534,
      0.25,
      0.25,
      1.0,
      0.25
    ],
    [
      0.1111111119389534,
      0.0625,
      0.03999999910593033,
      0.0625,
      0.1111111119389534,
      0.1111111119389534,
      0.0625,
      0.1111111119389534,
      0.1111111119389534,
      0.25,
      0.25,
      1.0,
      1.0,
      1.0,
      0.25,
      0.25,
      1.0,
      0.25,
      0.25,
      0.1111111119389534
    ],
    [
      0.1111111119389534,
      0.1111111119389534,
      0.0625,
      0.03999999910593033,
      0.0625,
      0.1111111119389534,
      0.1111111119389534,
      0.25,
      0.25,
      1.0,
      0.25,
      0.25,
      1.0,
      1.0,
      1.0,
      0.25,
      0.25,
      0.1111111119389534,
      0.1111111119389534,
      0.0625
    ],
    [
      0.0625,
      0.1111111119389534,
      0.1111111119389534,
      0.0625,
      0.1111111119389534,
      0.25,
      0.25,
      1.0,
      0.25,
      0.25,
      0.1111111119389534,
      0.1111111119389534,
      0.25,
      1.0,
      1.0,
      1.0,
      0.25,
      0.1111111119389534,
      0.0625,
      0.03999999910593033
    ],
    [
      0.03999999910593033,
      0.0625,
      0.1111111119389534,
      0.1111111119389534,
      0.25,
      1.0,
      0.25,
      0.25,
      0.1111111119389534,
      0.1111111119389534,
      0.0625,
      0.1111111119389534,
      0.25,
      0.25,
      1.0,
      1.0,
      1.0,
      0.25,
      0.1111111119389534,
      0.0625
    ],
    [
      0.0625,
      0.03999999910593033,
      0.0625,
      0.1111111119389534,
      0.25,
      0.25,
      0.1111111119389534,
      0.1111111119389534,
      0.0625,
      0.1111111119389534,
      0.1111111119389534,
      0.25,
      1.0,
      0.25,
      0.25,
      1.0,
      1.0,
      1.0,
      0.25,
      0.1111111119389534
    ],
    [
      0.1111111119389534,
      0.0625,
      0.1111111119389534,
      0.25,
      1.0,
      0.25,
      0.1111111119389534,
      0.0625,
      0.03999999910593033,
      0.0625,
      0.1111111119389534,
      0.25,
      0.25,
      0.1111111119389534,
      0.1111111119389534,
      0.25,
      1.0,
      1.0,
      1.0,
      0.25
    ],
    [
      0.25,
      0.1111111119389534,
      0.1111111119389534,
      0.25,
      0.25,
      0.1111111119389534,
      0.0625,
      0.03999999910593033,
      0.0625,
      0.1111111119389534,
      0.25,
      1.0,
      0.25,
      0.1111111119389534,
      0.0625,
      0.1111111119389534,
      0.25,
      1.0,
      1.0,
      1.0
    ],
    [
      1.0,
      0.25,
      0.25,
      1.0,
      0.25,
      0.1111111119389534,
      0.1111111119389534,
      0.0625,
      0.1111111119389534,
      0.1111111119389534,
      0.25,
      0.25,
      0.1111111119389534,
      0.0625,
      0.03999999910593033,
      0.0625,
      0.1111111119389534,
      0.25,
      1.0,
      1.0
    ]
  ],
  "graphDistance": [
    [
      0.0,
      1.0,
      2.0,
      2.0,
      3.0,
      4.0,
      3.0,
      3.0,
      2.0,
      2.0,
      1.0,
      2.0,
      3.0,
      3.0,
      4.0,
      5.0,
      4.0,
      3.0,
      2.0,
      1.0
    ],
    [
      1.0,
      0.0,
      1.0,
      2.0,
      3.0,
      3.0,
      2.0,
      2.0,
      1.0,
      2.0,
      2.0,
      3.0,
      4.0,
      3.0,
      3.0,
      4.0,
      5.0,
      4.0,
      3.0,
      2.0
    ],
    [
      2.0,
      1.0,
      0.0,
      1.0,
      2.0,
      2.0,
      1.0,
      2.0,
      2.0,
      3.0,
      3.0,
      4.0,
      5.0,
      4.0,
      3.0,
      3.0,
      4.0,
      3.0,
      3.0,
      2.0
    ],
    [
      2.0,
      2.0,
      1.0,
      0.0,
      1.0,
      2.0,
      2.0,
      3.0,
      3.0,
      4.0,
      3.0,
      3.0,
      4.0,
      5.0,
      4.0,
      3.0,
      3.0,
      2.0,
      2.0,
      1.0
    ],
    [
      3.0,
      3.0,
      2.0,
      1.0,
      0.0,
      1.0,
      2.0,
      3.0,
      4.0,
      5.0,
      4.0,
      3.0,
      3.0,
      4.0,
      3.0,
      2.0,
      2.0,
      1.0,
      2.0,
      2.0
    ],
    [
      4.0,
      3.0,
      2.0,
      2.0,
      1.0,
      0.0,
      1.0,
      2.0,
      3.0,
      4.0,
      5.0,
      4.0,
      3.0,
      3.0,
      2.0,
      1.0,
      2.0,
      2.0,
      3.0,
      3.0
    ],
    [
      3.0,
      2.0,
      1.0,
      2.0,
      2.0,
      1.0,
      0.0,
      1.0,
      2.0,
      3.0,
      4.0,
      5.0,
      4.0,
      3.0,
      2.0,
      2.0,
      3.0,
      3.0,
      4.0,
      3.0
    ],
    [
      3.0,
      2.0,
      2.0,
      3.0,
      3.0,
      2.0,
      1.0,
      0.0,
      1.0,
      2.0,
      3.0,
      4.0,
      3.0,
      2.0,
      1.0,
      2.0,
      3.0,
      4.0,
      5.0,
      4.0
    ],
    [
      2.0,
      1.0,
      2.0,
      3.0,
      4.0,
      3.0,
      2.0,
      1.0,
      0.0,
      1.0,
      2.0,
      3.0,
      3.0,
      2.0,
      2.0,
      3.0,
      4.0,
      5.0,
      4.0,
      3.0
    ],
    [
      2.0,
      2.0,
      3.0,
      4.0,
      5.0,
      4.0,
      3.0,
      2.0,
      1.0,
      0.0,
      1.0,
      2.0,
      2.0,
      1.0,
      2.0,
      3.0,
      3.0,
      4.0,
      3.0,
      3.0
    ],
    [
      1.0,
      2.0,
      3.0,
      3.0,
      4.0,
      5.0,
      4.0,
      3.0,
      2.0,
      1.0,
      0.0,
      1.0,
      2.0,
      2.0,
      3.0,
      4.0,
      3.0,
      3.0,
      2.0,
      2.0
    ],
    [
      2.0,
      3.0,
      4.0,
      3.0,
      3.0,
      4.0,
      5.0,
      4.0,
      3.0,
      2.0,
      1.0,
      0.0,
      1.0,
      2.0,
      3.0,
      3.0,
      2.0,
      2.0,
      1.0,
      2.0
    ],
    [
      3.0,
      4.0,
      5.0,
      4.0,
      3.0,
      3.0,
      4.0,
      3.0,
      3.0,
      2.0,
      2.0,
      1.0,
      0.0,
      1.0,
      2.0,
      2.0,
      1.0,
      2.0,
      2.0,
      3.0
    ],
    [
      3.0,
      3.0,
      4.0,
      5.0,
      4.0,
      3.0,
      3.0,
      2.0,
      2.0,
      1.0,
      2.0,
      2.0,
      1.0,
      0.0,
      1.0,
      2.0,
      2.0,
      3.0,
      3.0,
      4.0
    ],
    [
      4.0,
      3.0,
      3.0,
      4.0,
      3.0,
      2.0,
      2.0,
      1.0,
      2.0,
      2.0,
      3.0,
      3.0,
      2.0,
      1.0,
      0.0,
      1.0,
      2.0,
      3.0,
      4.0,
      5.0
    ],
    [
      5.0,
      4.0,
      3.0,
      3.0,
      2.0,
      1.0,
      2.0,
      2.0,
      3.0,
      3.0,
      4.0,
      3.0,
      2.0,
      2.0,
      1.0,
      0.0,
      1.0,
      2.0,
      3.0,
      4.0
    ],
    [
      4.0,
      5.0,
      4.0,
      3.0,
      2.0,
      2.0,
      3.0,
      3.0,
      4.0,
      3.0,
      3.0,
      2.0,
      1.0,
      2.0,
      2.0,
      1.0,
      0.0,
      1.0,
      2.0,
      3.0
    ],
    [
      3.0,
      4.0,
      3.0,
      2.0,
      1.0,
      2.0,
      3.0,
      4.0,
      5.0,
      4.0,
      3.0,
      2.0,
      2.0,
      3.0,
      3.0,
      2.0,
      1.0,
      0.0,
      1.0,
      2.0
    ],
    [
      2.0,
      3.0,
      3.0,
      2.0,
      2.0,
      3.0,
      4.0,
      5.0,
      4.0,
      3.0,
      2.0,
      1.0,
      2.0,
      3.0,
      4.0,
      3.0,
      2.0,
      1.0,
      0.0,
      1.0
    ],
    [
      1.0,
      2.0,
      2.0,
      1.0,
      2.0,
      3.0,
      3.0,
      4.0,
      3.0,
      3.0,
      2.0,
      2.0,
      3.0,
      4.0,
      5.0,
      4.0,
      3.0,
      2.0,
      1.0,
      0.0
    ]
  ]
}