{
  "nodes": [
    {
      "index": 0,
      "id": "0",
      "x": 104.64,
      "y": 89.443
    },
    {
      "index": 1,
      "id": "1",
      "x": 524.46,
      "y": 205.65
    },
    {
      "index": 2,
      "id": "10",
      "x": 739.5,
      "y": 179.93
    },
    {
      "index": 3,
      "id": "11",
      "x": 304.34,
      "y": 169.69
    },
    {
      "index": 4,
      "id": "12",
      "x": 184.97,
      "y": 168.15
    },
    {
      "index": 5,
      "id": "13",
      "x": 112.62,
      "y": 455.49
    },
    {
      "index": 6,
      "id": "14",
      "x": 187.51,
      "y": 371.12
    },
    {
      "index": 7,
      "id": "15",
      "x": 376.31,
      "y": 76.993
    },
    {
      "index": 8,
      "id": "16",
      "x": 27.0,
      "y": 18.0
    },
    {
      "index": 9,
      "id": "17",
      "x": 464.76,
      "y": 387.52
    },
    {
      "index": 10,
      "id": "18",
      "x": 369.25,
      "y": 281.07
    },
    {
      "index": 11,
      "id": "19",
      "x": 133.69,
      "y": 270.66
    },
    {
      "index": 12,
      "id": "2",
      "x": 640.72,
      "y": 233.86
    },
    {
      "index": 13,
      "id": "3",
      "x": 629.23,
      "y": 528.42
    },
    {
      "index": 14,
      "id": "4",
      "x": 581.71,
      "y": 426.0
    },
    {
      "index": 15,
      "id": "5",
      "x": 483.33,
      "y": 95.048
    },
    {
      "index": 16,
      "id": "6",
      "x": 834.35,
      "y": 133.66
    },
    {
      "index": 17,
      "id": "7",
      "x": 310.31,
      "y": 370.79
    },
    {
      "index": 18,
      "id": "8",
      "x": 431.26,
      "y": 298.73
    },
    {
      "index": 19,
      "id": "9",
      "x": 662.67,
      "y": 346.06
    }
  ],
  "edges": [
    {
      "source": "0",
      "target": "16"
    },
    {
      "source": "0",
      "target": "12"
    },
    {
      "source": "1",
      "target": "5"
    },
    {
      "source": "1",
      "target": "8"
    },
    {
      "source": "1",
      "target": "2"
    },
    {
      "source": "10",
      "target": "6"
    },
    {
      "source": "10",
      "target": "2"
    },
    {
      "source": "11",
      "target": "15"
    },
    {
      "source": "11",
      "target": "18"
    },
    {
      "source": "11",
      "target": "12"
    },
    {
      "source": "12",
      "target": "19"
    },
    {
      "source": "13",
      "target": "14"
    },
    {
      "source": "14",
      "target": "19"
    },
    {
      "source": "14",
      "target": "7"
    },
    {
      "source": "15",
      "target": "5"
    },
    {
      "source": "17",
      "target": "18"
    },
    {
      "source": "17",
      "target": "4"
    },
    {
      "source": "2",
      "target": "9"
    },
    {
      "source": "3",
      "target": "4"
    },
    {
      "source": "4",
      "target": "9"
    },
    {
      "source": "7",
      "target": "8"
    }
  ],
  "weight": [
    [
      1.0,
      0.03999999910593033,
      0.020408162847161293,
      0.25,
      1.0,
      0.0625,
      0.1111111119389534,
      0.1111111119389534,
      1.0,
      0.0625,
      0.1111111119389534,
      0.25,
      0.02777777798473835,
      0.02777777798473835,
      0.03999999910593033,
      0.0625,
      0.015625,
      0.0625,
      0.03999999910593033,
      0.02777777798473835
    ],
    [
      0.03999999910593033,
      1.0,
      0.25,
      0.1111111119389534,
      0.0625,
      0.0625,
      0.1111111119389534,
      0.25,
      0.02777777798473835,
      0.0625,
      0.0625,
      0.0625,
      1.0,
      0.0625,
      0.1111111119389534,
      1.0,
      0.1111111119389534,
      0.25,
      1.0,
      0.25
    ],
    [
      0.020408162847161293,
      0.25,
      1.0,
      0.03999999910593033,
      0.02777777798473835,
      0.02777777798473835,
      0.03999999910593033,
      0.0625,
      0.015625,
      0.0625,
      0.03999999910593033,
      0.02777777798473835,
      1.0,
      0.0625,
      0.1111111119389534,
      0.1111111119389534,
      1.0,
      0.0625,
      0.1111111119389534,
      0.25
    ],
    [
      0.25,
      0.1111111119389534,
      0.03999999910593033,
      1.0,
      1.0,
      0.0625,
      0.1111111119389534,
      1.0,
      0.1111111119389534,
      0.25,
      1.0,
      0.25,
      0.0625,
      0.0625,
      0.1111111119389534,
      0.25,
      0.02777777798473835,
      0.0625,
      0.0625,
      0.0625
    ],
    [
      1.0,
      0.0625,
      0.02777777798473835,
      1.0,
      1.0,
      0.1111111119389534,
      0.25,
      0.25,
      0.25,
      0.1111111119389534,
      0.25,
      1.0,
      0.03999999910593033,
      0.03999999910593033,
      0.0625,
      0.1111111119389534,
      0.020408162847161293,
      0.1111111119389534,
      0.0625,
      0.03999999910593033
    ],
    [
      0.0625,
      0.0625,
      0.02777777798473835,
      0.0625,
      0.1111111119389534,
      1.0,
      1.0,
      0.03999999910593033,
      0.03999999910593033,
      0.02777777798473835,
      0.03999999910593033,
      0.25,
      0.03999999910593033,
      0.015625,
      0.020408162847161293,
      0.03999999910593033,
      0.020408162847161293,
      0.25,
      0.1111111119389534,
      0.02777777798473835
    ],
    [
      0.1111111119389534,
      0.1111111119389534,
      0.03999999910593033,
      0.1111111119389534,
      0.25,
      1.0,
      1.0,
      0.0625,
      0.0625,
      0.03999999910593033,
      0.0625,
      1.0,
      0.0625,
      0.020408162847161293,
      0.02777777798473835,
      0.0625,
      0.02777777798473835,
      1.0,
      0.25,
      0.03999999910593033
    ],
    [
      0.1111111119389534,
      0.25,
      0.0625,
      1.0,
      0.25,
      0.03999999910593033,
      0.0625,
      1.0,
      0.0625,
      0.1111111119389534,
      0.25,
      0.1111111119389534,
      0.1111111119389534,
      0.03999999910593033,
      0.0625,
      1.0,
      0.03999999910593033,
      0.0625,
      0.1111111119389534,
      0.0625
    ],
    [
      1.0,
      0.02777777798473835,
      0.015625,
      0.1111111119389534,
      0.25,
      0.03999999910593033,
      0.0625,
      0.0625,
      1.0,
      0.03999999910593033,
      0.0625,
      0.1111111119389534,
      0.020408162847161293,
      0.020408162847161293,
      0.02777777798473835,
      0.03999999910593033,
      0.012345679104328156,
      0.03999999910593033,
      0.02777777798473835,
      0.020408162847161293
    ],
    [
      0.0625,
      0.0625,
      0.0625,
      0.25,
      0.1111111119389534,
      0.02777777798473835,
      0.03999999910593033,
      0.1111111119389534,
      0.03999999910593033,
      1.0,
      1.0,
      0.0625,
      0.1111111119389534,
      0.25,
      1.0,
      0.0625,
      0.03999999910593033,
      0.02777777798473835,
      0.03999999910593033,
      0.25
    ],
    [
      0.1111111119389534,
      0.0625,
      0.03999999910593033,
      1.0,
      0.25,
      0.03999999910593033,
      0.0625,
      0.25,
      0.0625,
      1.0,
      1.0,
      0.1111111119389534,
      0.0625,
      0.1111111119389534,
      0.25,
      0.1111111119389534,
      0.02777777798473835,
      0.03999999910593033,
      0.03999999910593033,
      0.1111111119389534
    ],
    [
      0.25,
      0.0625,
      0.02777777798473835,
      0.25,
      1.0,
      0.25,
      1.0,
      0.1111111119389534,
      0.1111111119389534,
      0.0625,
      0.1111111119389534,
      1.0,
      0.03999999910593033,
      0.02777777798473835,
      0.03999999910593033,
      0.0625,
      0.020408162847161293,
      0.25,
      0.1111111119389534,
      0.02777777798473835
    ],
    [
      0.02777777798473835,
      1.0,
      1.0,
      0.0625,
      0.03999999910593033,
      0.03999999910593033,
      0.0625,
      0.1111111119389534,
      0.020408162847161293,
      0.1111111119389534,
      0.0625,
      0.03999999910593033,
      1.0,
      0.1111111119389534,
      0.25,
      0.25,
      0.25,
      0.1111111119389534,
      0.25,
      1.0
    ],
    [
      0.02777777798473835,
      0.0625,
      0.0625,
      0.0625,
      0.03999999910593033,
      0.015625,
      0.020408162847161293,
      0.03999999910593033,
      0.020408162847161293,
      0.25,
      0.1111111119389534,
      0.02777777798473835,
      0.1111111119389534,
      1.0,
      1.0,
      0.03999999910593033,
      0.03999999910593033,
      0.02777777798473835,
      0.03999999910593033,
      0.25
    ],
    [
      0.03999999910593033,
      0.1111111119389534,
      0.1111111119389534,
      0.1111111119389534,
      0.0625,
      0.020408162847161293,
      0.02777777798473835,
      0.0625,
      0.02777777798473835,
      1.0,
      0.25,
      0.03999999910593033,
      0.25,
      1.0,
      1.0,
      0.0625,
      0.0625,
      0.03999999910593033,
      0.0625,
      1.0
    ],
    [
      0.0625,
      1.0,
      0.1111111119389534,
      0.25,
      0.1111111119389534,
      0.03999999910593033,
      0.0625,
      1.0,
      0.03999999910593033,
      0.0625,
      0.1111111119389534,
      0.0625,
      0.25,
      0.03999999910593033,
      0.0625,
      1.0,
      0.0625,
      0.1111111119389534,
      0.25,
      0.1111111119389534
    ],
    [
      0.015625,
      0.1111111119389534,
      1.0,
      0.02777777798473835,
      0.020408162847161293,
      0.020408162847161293,
      0.02777777798473835,
      0.03999999910593033,
      0.012345679104328156,
      0.03999999910593033,
      0.02777777798473835,
      0.020408162847161293,
      0.25,
      0.03999999910593033,
      0.0625,
      0.0625,
      1.0,
      0.03999999910593033,
      0.0625,
      0.1111111119389534
    ],
    [
      0.0625,
      0.25,
      0.0625,
      0.0625,
      0.1111111119389534,
      0.25,
      1.0,
      0.0625,
      0.03999999910593033,
      0.02777777798473835,
      0.03999999910593033,
      0.25,
      0.1111111119389534,
      0.02777777798473835,
      0.03999999910593033,
      0.1111111119389534,
      0.03999999910593033,
      1.0,
      1.0,
      0.0625
    ],
    [
      0.03999999910593033,
      1.0,
      0.1111111119389534,
      0.0625,
      0.0625,
      0.1111111119389534,
      0.25,
      0.1111111119389534,
      0.02777777798473835,
      0.03999999910593033,
      0.03999999910593033,
      0.1111111119389534,
      0.25,
      0.03999999910593033,
      0.0625,
      0.25,
      0.0625,
      1.0,
      1.0,
      0.1111111119389534
    ],
    [
      0.02777777798473835,
      0.25,
      0.25,
      0.0625,
      0.03999999910593033,
      0.02777777798473835,
      0.03999999910593033,
      0.0625,
      0.020408162847161293,
      0.25,
      0.1111111119389534,
      0.02777777798473835,
      1.0,
      0.25,
      1.0,
      0.1111111119389534,
      0.1111111119389534,
      0.0625,
      0.1111111119389534,
      1.0
    ]
  ],
  "graphDistance": [
    [
      0.0,
      5.0,
      7.0,
      2.0,
      1.0,
      4.0,
      3.0,
      3.0,
      1.0,
      4.0,
      3.0,
      2.0,
      6.0,
      6.0,
      5.0,
      4.0,
      8.0,
      4.0,
      5.0,
      6.0
    ],
    [
      5.0,
      0.0,
      2.0,
      3.0,
      4.0,
      4.0,
      3.0,
      2.0,
      6.0,
      4.0,
      4.0,
      4.0,
      1.0,
      4.0,
      3.0,
      1.0,
      3.0,
      2.0,
      1.0,
      2.0
    ],
    [
      7.0,
      2.0,
      0.0,
      5.0,
      6.0,
      6.0,
      5.0,
      4.0,
      8.0,
      4.0,
      5.0,
      6.0,
      1.0,
      4.0,
      3.0,
      3.0,
      1.0,
      4.0,
      3.0,
      2.0
    ],
    [
      2.0,
      3.0,
      5.0,
      0.0,
      1.0,
      4.0,
      3.0,
      1.0,
      3.0,
      2.0,
      1.0,
      2.0,
      4.0,
      4.0,
      3.0,
      2.0,
      6.0,
      4.0,
      4.0,
      4.0
    ],
    [
      1.0,
      4.0,
      6.0,
      1.0,
      0.0,
      3.0,
      2.0,
      2.0,
      2.0,
      3.0,
      2.0,
      1.0,
      5.0,
      5.0,
      4.0,
      3.0,
      7.0,
      3.0,
      4.0,
      5.0
    ],
    [
      4.0,
      4.0,
      6.0,
      4.0,
      3.0,
      0.0,
      1.0,
      5.0,
      5.0,
      6.0,
      5.0,
      2.0,
      5.0,
      8.0,
      7.0,
      5.0,
      7.0,
      2.0,
      3.0,
      6.0
    ],
    [
      3.0,
      3.0,
      5.0,
      3.0,
      2.0,
      1.0,
      0.0,
      4.0,
      4.0,
      5.0,
      4.0,
      1.0,
      4.0,
      7.0,
      6.0,
      4.0,
      6.0,
      1.0,
      2.0,
      5.0
    ],
    [
      3.0,
      2.0,
      4.0,
      1.0,
      2.0,
      5.0,
      4.0,
      0.0,
      4.0,
      3.0,
      2.0,
      3.0,
      3.0,
      5.0,
      4.0,
      1.0,
      5.0,
      4.0,
      3.0,
      4.0
    ],
    [
      1.0,
      6.0,
      8.0,
      3.0,
      2.0,
      5.0,
      4.0,
      4.0,
      0.0,
      5.0,
      4.0,
      3.0,
      7.0,
      7.0,
      6.0,
      5.0,
      9.0,
      5.0,
      6.0,
      7.0
    ],
    [
      4.0,
      4.0,
      4.0,
      2.0,
      3.0,
      6.0,
      5.0,
      3.0,
      5.0,
      0.0,
      1.0,
      4.0,
      3.0,
      2.0,
      1.0,
      4.0,
      5.0,
      6.0,
      5.0,
      2.0
    ],
    [
      3.0,
      4.0,
      5.0,
      1.0,
      2.0,
      5.0,
      4.0,
      2.0,
      4.0,
      1.0,
      0.0,
      3.0,
      4.0,
      3.0,
      2.0,
      3.0,
      6.0,
      5.0,
      5.0,
      3.0
    ],
    [
      2.0,
      4.0,
      6.0,
      2.0,
      1.0,
      2.0,
      1.0,
      3.0,
      3.0,
      4.0,
      3.0,
      0.0,
      5.0,
      6.0,
      5.0,
      4.0,
      7.0,
      2.0,
      3.0,
      6.0
    ],
    [
      6.0,
      1.0,
      1.0,
      4.0,
      5.0,
      5.0,
      4.0,
      3.0,
      7.0,
      3.0,
      4.0,
      5.0,
      0.0,
      3.0,
      2.0,
      2.0,
      2.0,
      3.0,
      2.0,
      1.0
    ],
    [
      6.0,
      4.0,
      4.0,
      4.0,
      5.0,
      8.0,
      7.0,
      5.0,
      7.0,
      2.0,
      3.0,
      6.0,
      3.0,
      0.0,
      1.0,
      5.0,
      5.0,
      6.0,
      5.0,
      2.0
    ],
    [
      5.0,
      3.0,
      3.0,
      3.0,
      4.0,
      7.0,
      6.0,
      4.0,
      6.0,
      1.0,
      2.0,
      5.0,
      2.0,
      1.0,
      0.0,
      4.0,
      4.0,
      5.0,
      4.0,
      1.0
    ],
    [
      4.0,
      1.0,
      3.0,
      2.0,
      3.0,
      5.0,
      4.0,
      1.0,
      5.0,
      4.0,
      3.0,
      4.0,
      2.0,
      5.0,
      4.0,
      0.0,
      4.0,
      3.0,
      2.0,
      3.0
    ],
    [
      8.0,
      3.0,
      1.0,
      6.0,
      7.0,
      7.0,
      6.0,
      5.0,
      9.0,
      5.0,
      6.0,
      7.0,
      2.0,
      5.0,
      4.0,
      4.0,
      0.0,
      5.0,
      4.0,
      3.0
    ],
    [
      4.0,
      2.0,
      4.0,
      4.0,
      3.0,
      2.0,
      1.0,
      4.0,
      5.0,
      6.0,
      5.0,
      2.0,
      3.0,
      6.0,
      5.0,
      3.0,
      5.0,
      0.0,
      1.0,
      4.0
    ],
    [
      5.0,
      1.0,
      3.0,
      4.0,
      4.0,
      3.0,
      2.0,
      3.0,
      6.0,
      5.0,
      5.0,
      3.0,
      2.0,
      5.0,
      4.0,
      2.0,
      4.0,
      1.0,
      0.0,
      3.0
    ],
    [
      6.0,
      2.0,
      2.0,
      4.0,
      5.0,
      6.0,
      5.0,
      4.0,
      7.0,
      2.0,
      3.0,
      6.0,
      1.0,
      2.0,
      1.0,
      3.0,
      3.0,
      4.0,
      3.0,
      0.0
    ]
  ]
}