{
  "nodes": [
    {
      "index": 0,
      "id": "0",
      "x": -0.07323808968067169,
      "y": 0.07663839310407639
    },
    {
      "index": 1,
      "id": "1",
      "x": 0.3791918456554413,
      "y": 0.4676370322704315
    },
    {
      "index": 2,
      "id": "2",
      "x": -0.4833245277404785,
      "y": -0.3591454029083252
    },
    {
      "index": 3,
      "id": "3",
      "x": 0.21257859468460083,
      "y": 0.33949169516563416
    },
    {
      "index": 4,
      "id": "4",
      "x": -0.3479808270931244,
      "y": -0.19773918390274048
    },
    {
      "index": 5,
      "id": "5",
      "x": 0.6010230779647827,
      "y": -0.6267879605293274
    },
    {
      "index": 6,
      "id": "6",
      "x": -0.5942036509513855,
      "y": 0.859181821346283
    },
    {
      "index": 7,
      "id": "7",
      "x": -0.8348285555839539,
      "y": 0.6304742693901062
    },
    {
      "index": 8,
      "id": "8",
      "x": 0.7868187427520752,
      "y": -0.3878110647201538
    },
    {
      "index": 9,
      "id": "9",
      "x": 0.35283583402633667,
      "y": -0.801063060760498
    }
  ],
  "edges": [
    {
      "source": "0",
      "target": "5"
    },
    {
      "source": "0",
      "target": "6"
    },
    {
      "source": "0",
      "target": "7"
    },
    {
      "source": "0",
      "target": "8"
    },
    {
      "source": "0",
      "target": "9"
    },
    {
      "source": "1",
      "target": "5"
    },
    {
      "source": "1",
      "target": "6"
    },
    {
      "source": "1",
      "target": "7"
    },
    {
      "source": "1",
      "target": "8"
    },
    {
      "source": "1",
      "target": "9"
    },
    {
      "source": "2",
      "target": "5"
    },
    {
      "source": "2",
      "target": "6"
    },
    {
      "source": "2",
      "target": "7"
    },
    {
      "source": "2",
      "target": "8"
    },
    {
      "source": "2",
      "target": "9"
    },
    {
      "source": "3",
      "target": "5"
    },
    {
      "source": "3",
      "target": "6"
    },
    {
      "source": "3",
      "target": "7"
    },
    {
      "source": "3",
      "target": "8"
    },
    {
      "source": "3",
      "target": "9"
    },
    {
      "source": "4",
      "target": "5"
    },
    {
      "source": "4",
      "target": "6"
    },
    {
      "source": "4",
      "target": "7"
    },
    {
      "source": "4",
      "target": "8"
    },
    {
      "source": "4",
      "target": "9"
    }
  ],
  "coef": {
    "stress": 0.1,
    "crossing_angle": 0,
    "neighbor": 0,
    "edge_uniformity": 0.53,
    "crossing_number": 0,
    "angular_resolution": 0,
    "vertex_resolution": 0.1,
    "gabriel": 0,
    "aspect_ratio": 0
  },
  "optimizer": {
    "lr": 0.4027442075059725,
    "momentum": 0.56
  },
  "graphDistance": [
    [
      0,
      2,
      2,
      2,
      2,
      1,
      1,
      1,
      1,
      1
    ],
    [
      2,
      0,
      2,
      2,
      2,
      1,
      1,
      1,
      1,
      1
    ],
    [
      2,
      2,
      0,
      2,
      2,
      1,
      1,
      1,
      1,
      1
    ],
    [
      2,
      2,
      2,
      0,
      2,
      1,
      1,
      1,
      1,
      1
    ],
    [
      2,
      2,
      2,
      2,
      0,
      1,
      1,
      1,
      1,
      1
    ],
    [
      1,
      1,
      1,
      1,
      1,
      0,
      2,
      2,
      2,
      2
    ],
    [
      1,
      1,
      1,
      1,
      1,
      2,
      0,
      2,
      2,
      2
    ],
    [
      1,
      1,
      1,
      1,
      1,
      2,
      2,
      0,
      2,
      2
    ],
    [
      1,
      1,
      1,
      1,
      1,
      2,
      2,
      2,
      0,
      2
    ],
    [
      1,
      1,
      1,
      1,
      1,
      2,
      2,
      2,
      2,
      0
    ]
  ],
  "weight": [
    [
      1,
      0.25,
      0.25,
      0.25,
      0.25,
      1,
      1,
      1,
      1,
      1
    ],
    [
      0.25,
      1,
      0.25,
      0.25,
      0.25,
      1,
      1,
      1,
      1,
      1
    ],
    [
      0.25,
      0.25,
      1,
      0.25,
      0.25,
      1,
      1,
      1,
      1,
      1
    ],
    [
      0.25,
      0.25,
      0.25,
      1,
      0.25,
      1,
      1,
      1,
      1,
      1
    ],
    [
      0.25,
      0.25,
      0.25,
      0.25,
      1,
      1,
      1,
      1,
      1,
      1
    ],
    [
      1,
      1,
      1,
      1,
      1,
      1,
      0.25,
      0.25,
      0.25,
      0.25
    ],
    [
      1,
      1,
      1,
      1,
      1,
      0.25,
      1,
      0.25,
      0.25,
      0.25
    ],
    [
      1,
      1,
      1,
      1,
      1,
      0.25,
      0.25,
      1,
      0.25,
      0.25
    ],
    [
      1,
      1,
      1,
      1,
      1,
      0.25,
      0.25,
      0.25,
      1,
      0.25
    ],
    [
      1,
      1,
      1,
      1,
      1,
      0.25,
      0.25,
      0.25,
      0.25,
      1
    ]
  ]
}