{
  "nodes": [
    {
      "index": 0,
      "id": 0,
      "x": 0.7680726051330566,
      "y": -0.8076062202453613
    },
    {
      "index": 1,
      "id": 1,
      "x": -0.530656099319458,
      "y": -0.9794917106628418
    },
    {
      "index": 2,
      "id": 2,
      "x": -1.0021498203277588,
      "y": -1.849260926246643
    },
    {
      "index": 3,
      "id": 3,
      "x": 0.276213139295578,
      "y": -2.0853540897369385
    },
    {
      "index": 4,
      "id": 4,
      "x": 0.14610184729099274,
      "y": -1.1051154136657715
    },
    {
      "index": 5,
      "id": 5,
      "x": -1.0059435367584229,
      "y": -0.48087629675865173
    },
    {
      "index": 6,
      "id": 6,
      "x": -1.8979893922805786,
      "y": -0.907157301902771
    },
    {
      "index": 7,
      "id": 7,
      "x": -2.0684661865234375,
      "y": 0.3816792368888855
    },
    {
      "index": 8,
      "id": 8,
      "x": -1.095592975616455,
      "y": 0.202402263879776
    },
    {
      "index": 9,
      "id": 9,
      "x": -0.14610134065151215,
      "y": 1.105115294456482
    },
    {
      "index": 10,
      "id": 10,
      "x": 1.0059438943862915,
      "y": 0.480876088142395
    },
    {
      "index": 11,
      "id": 11,
      "x": 1.897990107536316,
      "y": 0.9071571230888367
    },
    {
      "index": 12,
      "id": 12,
      "x": 1.002150535583496,
      "y": 1.8492605686187744
    },
    {
      "index": 13,
      "id": 13,
      "x": -0.2762126624584198,
      "y": 2.0853536128997803
    },
    {
      "index": 14,
      "id": 14,
      "x": -1.4491865634918213,
      "y": 1.5246598720550537
    },
    {
      "index": 15,
      "id": 15,
      "x": -0.7680723071098328,
      "y": 0.8076062202453613
    },
    {
      "index": 16,
      "id": 16,
      "x": 0.530656635761261,
      "y": 0.9794917106628418
    },
    {
      "index": 17,
      "id": 17,
      "x": 1.0955934524536133,
      "y": -0.2024025171995163
    },
    {
      "index": 18,
      "id": 18,
      "x": 2.068467140197754,
      "y": -0.3816795349121094
    },
    {
      "index": 19,
      "id": 19,
      "x": 1.44918692111969,
      "y": -1.5246598720550537
    }
  ],
  "edges": [
    {
      "source": 0,
      "target": 1
    },
    {
      "source": 0,
      "target": 10
    },
    {
      "source": 0,
      "target": 19
    },
    {
      "source": 1,
      "target": 8
    },
    {
      "source": 1,
      "target": 2
    },
    {
      "source": 2,
      "target": 3
    },
    {
      "source": 2,
      "target": 6
    },
    {
      "source": 3,
      "target": 19
    },
    {
      "source": 3,
      "target": 4
    },
    {
      "source": 4,
      "target": 17
    },
    {
      "source": 4,
      "target": 5
    },
    {
      "source": 5,
      "target": 6
    },
    {
      "source": 5,
      "target": 15
    },
    {
      "source": 6,
      "target": 7
    },
    {
      "source": 7,
      "target": 8
    },
    {
      "source": 7,
      "target": 14
    },
    {
      "source": 8,
      "target": 9
    },
    {
      "source": 9,
      "target": 10
    },
    {
      "source": 9,
      "target": 13
    },
    {
      "source": 10,
      "target": 11
    },
    {
      "source": 11,
      "target": 12
    },
    {
      "source": 11,
      "target": 18
    },
    {
      "source": 12,
      "target": 16
    },
    {
      "source": 12,
      "target": 13
    },
    {
      "source": 13,
      "target": 14
    },
    {
      "source": 14,
      "target": 15
    },
    {
      "source": 15,
      "target": 16
    },
    {
      "source": 16,
      "target": 17
    },
    {
      "source": 17,
      "target": 18
    },
    {
      "source": 18,
      "target": 19
    }
  ],
  "coef": {
    "stress": 0.57,
    "crossing_angle": 0,
    "neighbor": 0,
    "edge_uniformity": 0,
    "crossing_number": 0,
    "angular_resolution": 0,
    "vertex_resolution": 0,
    "gabriel": 0,
    "aspect_ratio": 0.62
  },
  "optimizer": {
    "lr": 0.2871458832401522,
    "momentum": 0.68
  },
  "graphDistance": [
    [
      0,
      1,
      2,
      2,
      3,
      4,
      3,
      3,
      2,
      2,
      1,
      2,
      3,
      3,
      4,
      5,
      4,
      3,
      2,
      1
    ],
    [
      1,
      0,
      1,
      2,
      3,
      3,
      2,
      2,
      1,
      2,
      2,
      3,
      4,
      3,
      3,
      4,
      5,
      4,
      3,
      2
    ],
    [
      2,
      1,
      0,
      1,
      2,
      2,
      1,
      2,
      2,
      3,
      3,
      4,
      5,
      4,
      3,
      3,
      4,
      3,
      3,
      2
    ],
    [
      2,
      2,
      1,
      0,
      1,
      2,
      2,
      3,
      3,
      4,
      3,
      3,
      4,
      5,
      4,
      3,
      3,
      2,
      2,
      1
    ],
    [
      3,
      3,
      2,
      1,
      0,
      1,
      2,
      3,
      4,
      5,
      4,
      3,
      3,
      4,
      3,
      2,
      2,
      1,
      2,
      2
    ],
    [
      4,
      3,
      2,
      2,
      1,
      0,
      1,
      2,
      3,
      4,
      5,
      4,
      3,
      3,
      2,
      1,
      2,
      2,
      3,
      3
    ],
    [
      3,
      2,
      1,
      2,
      2,
      1,
      0,
      1,
      2,
      3,
      4,
      5,
      4,
      3,
      2,
      2,
      3,
      3,
      4,
      3
    ],
    [
      3,
      2,
      2,
      3,
      3,
      2,
      1,
      0,
      1,
      2,
      3,
      4,
      3,
      2,
      1,
      2,
      3,
      4,
      5,
      4
    ],
    [
      2,
      1,
      2,
      3,
      4,
      3,
      2,
      1,
      0,
      1,
      2,
      3,
      3,
      2,
      2,
      3,
      4,
      5,
      4,
      3
    ],
    [
      2,
      2,
      3,
      4,
      5,
      4,
      3,
      2,
      1,
      0,
      1,
      2,
      2,
      1,
      2,
      3,
      3,
      4,
      3,
      3
    ],
    [
      1,
      2,
      3,
      3,
      4,
      5,
      4,
      3,
      2,
      1,
      0,
      1,
      2,
      2,
      3,
      4,
      3,
      3,
      2,
      2
    ],
    [
      2,
      3,
      4,
      3,
      3,
      4,
      5,
      4,
      3,
      2,
      1,
      0,
      1,
      2,
      3,
      3,
      2,
      2,
      1,
      2
    ],
    [
      3,
      4,
      5,
      4,
      3,
      3,
      4,
      3,
      3,
      2,
      2,
      1,
      0,
      1,
      2,
      2,
      1,
      2,
      2,
      3
    ],
    [
      3,
      3,
      4,
      5,
      4,
      3,
      3,
      2,
      2,
      1,
      2,
      2,
      1,
      0,
      1,
      2,
      2,
      3,
      3,
      4
    ],
    [
      4,
      3,
      3,
      4,
      3,
      2,
      2,
      1,
      2,
      2,
      3,
      3,
      2,
      1,
      0,
      1,
      2,
      3,
      4,
      5
    ],
    [
      5,
      4,
      3,
      3,
      2,
      1,
      2,
      2,
      3,
      3,
      4,
      3,
      2,
      2,
      1,
      0,
      1,
      2,
      3,
      4
    ],
    [
      4,
      5,
      4,
      3,
      2,
      2,
      3,
      3,
      4,
      3,
      3,
      2,
      1,
      2,
      2,
      1,
      0,
      1,
      2,
      3
    ],
    [
      3,
      4,
      3,
      2,
      1,
      2,
      3,
      4,
      5,
      4,
      3,
      2,
      2,
      3,
      3,
      2,
      1,
      0,
      1,
      2
    ],
    [
      2,
      3,
      3,
      2,
      2,
      3,
      4,
      5,
      4,
      3,
      2,
      1,
      2,
      3,
      4,
      3,
      2,
      1,
      0,
      1
    ],
    [
      1,
      2,
      2,
      1,
      2,
      3,
      3,
      4,
      3,
      3,
      2,
      2,
      3,
      4,
      5,
      4,
      3,
      2,
      1,
      0
    ]
  ],
  "weight": [
    [
      1,
      1,
      0.25,
      0.25,
      0.1111111119389534,
      0.0625,
      0.1111111119389534,
      0.1111111119389534,
      0.25,
      0.25,
      1,
      0.25,
      0.1111111119389534,
      0.1111111119389534,
      0.0625,
      0.03999999910593033,
      0.0625,
      0.1111111119389534,
      0.25,
      1
    ],
    [
      1,
      1,
      1,
      0.25,
      0.1111111119389534,
      0.1111111119389534,
      0.25,
      0.25,
      1,
      0.25,
      0.25,
      0.1111111119389534,
      0.0625,
      0.1111111119389534,
      0.1111111119389534,
      0.0625,
      0.03999999910593033,
      0.0625,
      0.1111111119389534,
      0.25
    ],
    [
      0.25,
      1,
      1,
      1,
      0.25,
      0.25,
      1,
      0.25,
      0.25,
      0.1111111119389534,
      0.1111111119389534,
      0.0625,
      0.03999999910593033,
      0.0625,
      0.1111111119389534,
      0.1111111119389534,
      0.0625,
      0.1111111119389534,
      0.1111111119389534,
      0.25
    ],
    [
      0.25,
      0.25,
      1,
      1,
      1,
      0.25,
      0.25,
      0.1111111119389534,
      0.1111111119389534,
      0.0625,
      0.1111111119389534,
      0.1111111119389534,
      0.0625,
      0.03999999910593033,
      0.0625,
      0.1111111119389534,
      0.1111111119389534,
      0.25,
      0.25,
      1
    ],
    [
      0.1111111119389534,
      0.1111111119389534,
      0.25,
      1,
      1,
      1,
      0.25,
      0.1111111119389534,
      0.0625,
      0.03999999910593033,
      0.0625,
      0.1111111119389534,
      0.1111111119389534,
      0.0625,
      0.1111111119389534,
      0.25,
      0.25,
      1,
      0.25,
      0.25
    ],
    [
      0.0625,
      0.1111111119389534,
      0.25,
      0.25,
      1,
      1,
      1,
      0.25,
      0.1111111119389534,
      0.0625,
      0.03999999910593033,
      0.0625,
      0.1111111119389534,
      0.1111111119389534,
      0.25,
      1,
      0.25,
      0.25,
      0.1111111119389534,
      0.1111111119389534
    ],
    [
      0.1111111119389534,
      0.25,
      1,
      0.25,
      0.25,
      1,
      1,
      1,
      0.25,
      0.1111111119389534,
      0.0625,
      0.03999999910593033,
      0.0625,
      0.1111111119389534,
      0.25,
      0.25,
      0.1111111119389534,
      0.1111111119389534,
      0.0625,
      0.1111111119389534
    ],
    [
      0.1111111119389534,
      0.25,
      0.25,
      0.1111111119389534,
      0.1111111119389534,
      0.25,
      1,
      1,
      1,
      0.25,
      0.1111111119389534,
      0.0625,
      0.1111111119389534,
      0.25,
      1,
      0.25,
      0.1111111119389534,
      0.0625,
      0.03999999910593033,
      0.0625
    ],
    [
      0.25,
      1,
      0.25,
      0.1111111119389534,
      0.0625,
      0.1111111119389534,
      0.25,
      1,
      1,
      1,
      0.25,
      0.1111111119389534,
      0.1111111119389534,
      0.25,
      0.25,
      0.1111111119389534,
      0.0625,
      0.03999999910593033,
      0.0625,
      0.1111111119389534
    ],
    [
      0.25,
      0.25,
      0.1111111119389534,
      0.0625,
      0.03999999910593033,
      0.0625,
      0.1111111119389534,
      0.25,
      1,
      1,
      1,
      0.25,
      0.25,
      1,
      0.25,
      0.1111111119389534,
      0.1111111119389534,
      0.0625,
      0.1111111119389534,
      0.1111111119389534
    ],
    [
      1,
      0.25,
      0.1111111119389534,
      0.1111111119389534,
      0.0625,
      0.03999999910593033,
      0.0625,
      0.1111111119389534,
      0.25,
      1,
      1,
      1,
      0.25,
      0.25,
      0.1111111119389534,
      0.0625,
      0.1111111119389534,
      0.1111111119389534,
      0.25,
      0.25
    ],
    [
      0.25,
      0.1111111119389534,
      0.0625,
      0.1111111119389534,
      0.1111111119389534,
      0.0625,
      0.03999999910593033,
      0.0625,
      0.1111111119389534,
      0.25,
      1,
      1,
      1,
      0.25,
      0.1111111119389534,
      0.1111111119389534,
      0.25,
      0.25,
      1,
      0.25
    ],
    [
      0.1111111119389534,
      0.0625,
      0.03999999910593033,
      0.0625,
      0.1111111119389534,
      0.1111111119389534,
      0.0625,
      0.1111111119389534,
      0.1111111119389534,
      0.25,
      0.25,
      1,
      1,
      1,
      0.25,
      0.25,
      1,
      0.25,
      0.25,
      0.1111111119389534
    ],
    [
      0.1111111119389534,
      0.1111111119389534,
      0.0625,
      0.03999999910593033,
      0.0625,
      0.1111111119389534,
      0.1111111119389534,
      0.25,
      0.25,
      1,
      0.25,
      0.25,
      1,
      1,
      1,
      0.25,
      0.25,
      0.1111111119389534,
      0.1111111119389534,
      0.0625
    ],
    [
      0.0625,
      0.1111111119389534,
      0.1111111119389534,
      0.0625,
      0.1111111119389534,
      0.25,
      0.25,
      1,
      0.25,
      0.25,
      0.1111111119389534,
      0.1111111119389534,
      0.25,
      1,
      1,
      1,
      0.25,
      0.1111111119389534,
      0.0625,
      0.03999999910593033
    ],
    [
      0.03999999910593033,
      0.0625,
      0.1111111119389534,
      0.1111111119389534,
      0.25,
      1,
      0.25,
      0.25,
      0.1111111119389534,
      0.1111111119389534,
      0.0625,
      0.1111111119389534,
      0.25,
      0.25,
      1,
      1,
      1,
      0.25,
      0.1111111119389534,
      0.0625
    ],
    [
      0.0625,
      0.03999999910593033,
      0.0625,
      0.1111111119389534,
      0.25,
      0.25,
      0.1111111119389534,
      0.1111111119389534,
      0.0625,
      0.1111111119389534,
      0.1111111119389534,
      0.25,
      1,
      0.25,
      0.25,
      1,
      1,
      1,
      0.25,
      0.1111111119389534
    ],
    [
      0.1111111119389534,
      0.0625,
      0.1111111119389534,
      0.25,
      1,
      0.25,
      0.1111111119389534,
      0.0625,
      0.03999999910593033,
      0.0625,
      0.1111111119389534,
      0.25,
      0.25,
      0.1111111119389534,
      0.1111111119389534,
      0.25,
      1,
      1,
      1,
      0.25
    ],
    [
      0.25,
      0.1111111119389534,
      0.1111111119389534,
      0.25,
      0.25,
      0.1111111119389534,
      0.0625,
      0.03999999910593033,
      0.0625,
      0.1111111119389534,
      0.25,
      1,
      0.25,
      0.1111111119389534,
      0.0625,
      0.1111111119389534,
      0.25,
      1,
      1,
      1
    ],
    [
      1,
      0.25,
      0.25,
      1,
      0.25,
      0.1111111119389534,
      0.1111111119389534,
      0.0625,
      0.1111111119389534,
      0.1111111119389534,
      0.25,
      0.25,
      0.1111111119389534,
      0.0625,
      0.03999999910593033,
      0.0625,
      0.1111111119389534,
      0.25,
      1,
      1
    ]
  ]
}