{
  "nodes": [
    {
      "index": 0,
      "id": 0,
      "x": 0.20420019328594208,
      "y": -0.4971741735935211
    },
    {
      "index": 1,
      "id": 1,
      "x": -0.13549084961414337,
      "y": 3.9777021408081055
    },
    {
      "index": 2,
      "id": 2,
      "x": 0.1356615424156189,
      "y": -3.977545976638794
    },
    {
      "index": 3,
      "id": 3,
      "x": 1.6621683835983276,
      "y": -1.5440419912338257
    },
    {
      "index": 4,
      "id": 4,
      "x": 1.86055326461792,
      "y": 1.3458020687103271
    },
    {
      "index": 5,
      "id": 5,
      "x": -0.45017316937446594,
      "y": 1.5068310499191284
    },
    {
      "index": 6,
      "id": 6,
      "x": -1.8607487678527832,
      "y": -1.345739483833313
    },
    {
      "index": 7,
      "id": 7,
      "x": -2.5264456272125244,
      "y": 0.8185082077980042
    },
    {
      "index": 8,
      "id": 8,
      "x": 0.7093620300292969,
      "y": 1.9237767457962036
    },
    {
      "index": 9,
      "id": 9,
      "x": -0.48409005999565125,
      "y": -3.0450310707092285
    },
    {
      "index": 10,
      "id": 10,
      "x": -1.6624263525009155,
      "y": 1.5442004203796387
    },
    {
      "index": 11,
      "id": 11,
      "x": 0.48406273126602173,
      "y": 3.0451040267944336
    },
    {
      "index": 12,
      "id": 12,
      "x": -0.7095531821250916,
      "y": -1.9237070083618164
    },
    {
      "index": 13,
      "id": 13,
      "x": -0.20452864468097687,
      "y": 0.4973417818546295
    },
    {
      "index": 14,
      "id": 14,
      "x": 2.6667487621307373,
      "y": 0.36950790882110596
    },
    {
      "index": 15,
      "id": 15,
      "x": 3.8115878105163574,
      "y": 0.19318164885044098
    },
    {
      "index": 16,
      "id": 16,
      "x": -3.811781644821167,
      "y": -0.19314216077327728
    },
    {
      "index": 17,
      "id": 17,
      "x": 0.44992324709892273,
      "y": -1.5066577196121216
    },
    {
      "index": 18,
      "id": 18,
      "x": 2.526218891143799,
      "y": -0.8184082508087158
    },
    {
      "index": 19,
      "id": 19,
      "x": -2.6669416427612305,
      "y": -0.3694290220737457
    }
  ],
  "edges": [
    {
      "source": 0,
      "target": 17
    },
    {
      "source": 0,
      "target": 13
    },
    {
      "source": 1,
      "target": 11
    },
    {
      "source": 2,
      "target": 9
    },
    {
      "source": 3,
      "target": 17
    },
    {
      "source": 3,
      "target": 18
    },
    {
      "source": 4,
      "target": 8
    },
    {
      "source": 4,
      "target": 14
    },
    {
      "source": 5,
      "target": 8
    },
    {
      "source": 5,
      "target": 10
    },
    {
      "source": 5,
      "target": 13
    },
    {
      "source": 6,
      "target": 19
    },
    {
      "source": 6,
      "target": 12
    },
    {
      "source": 7,
      "target": 10
    },
    {
      "source": 7,
      "target": 19
    },
    {
      "source": 8,
      "target": 11
    },
    {
      "source": 9,
      "target": 12
    },
    {
      "source": 12,
      "target": 17
    },
    {
      "source": 14,
      "target": 18
    },
    {
      "source": 14,
      "target": 15
    },
    {
      "source": 16,
      "target": 19
    }
  ],
  "coef": {
    "stress": 0.57,
    "crossing_angle": 0,
    "neighbor": 0,
    "edge_uniformity": 0,
    "crossing_number": 0,
    "angular_resolution": 0,
    "vertex_resolution": 0,
    "gabriel": 0,
    "aspect_ratio": 0.57
  },
  "optimizer": {
    "lr": 0.29584669064821206,
    "momentum": 0.68
  },
  "graphDistance": [
    [
      0,
      5,
      4,
      2,
      4,
      2,
      3,
      4,
      3,
      3,
      3,
      4,
      2,
      1,
      4,
      5,
      5,
      1,
      3,
      4
    ],
    [
      5,
      0,
      9,
      6,
      3,
      3,
      7,
      5,
      2,
      8,
      4,
      1,
      7,
      4,
      4,
      5,
      7,
      6,
      5,
      6
    ],
    [
      4,
      9,
      0,
      4,
      7,
      6,
      3,
      5,
      7,
      1,
      6,
      8,
      2,
      5,
      6,
      7,
      5,
      3,
      5,
      4
    ],
    [
      2,
      6,
      4,
      0,
      3,
      4,
      3,
      5,
      4,
      3,
      5,
      5,
      2,
      3,
      2,
      3,
      5,
      1,
      1,
      4
    ],
    [
      4,
      3,
      7,
      3,
      0,
      2,
      6,
      4,
      1,
      6,
      3,
      2,
      5,
      3,
      1,
      2,
      6,
      4,
      2,
      5
    ],
    [
      2,
      3,
      6,
      4,
      2,
      0,
      4,
      2,
      1,
      5,
      1,
      2,
      4,
      1,
      3,
      4,
      4,
      3,
      4,
      3
    ],
    [
      3,
      7,
      3,
      3,
      6,
      4,
      0,
      2,
      5,
      2,
      3,
      6,
      1,
      4,
      5,
      6,
      2,
      2,
      4,
      1
    ],
    [
      4,
      5,
      5,
      5,
      4,
      2,
      2,
      0,
      3,
      4,
      1,
      4,
      3,
      3,
      5,
      6,
      2,
      4,
      6,
      1
    ],
    [
      3,
      2,
      7,
      4,
      1,
      1,
      5,
      3,
      0,
      6,
      2,
      1,
      5,
      2,
      2,
      3,
      5,
      4,
      3,
      4
    ],
    [
      3,
      8,
      1,
      3,
      6,
      5,
      2,
      4,
      6,
      0,
      5,
      7,
      1,
      4,
      5,
      6,
      4,
      2,
      4,
      3
    ],
    [
      3,
      4,
      6,
      5,
      3,
      1,
      3,
      1,
      2,
      5,
      0,
      3,
      4,
      2,
      4,
      5,
      3,
      4,
      5,
      2
    ],
    [
      4,
      1,
      8,
      5,
      2,
      2,
      6,
      4,
      1,
      7,
      3,
      0,
      6,
      3,
      3,
      4,
      6,
      5,
      4,
      5
    ],
    [
      2,
      7,
      2,
      2,
      5,
      4,
      1,
      3,
      5,
      1,
      4,
      6,
      0,
      3,
      4,
      5,
      3,
      1,
      3,
      2
    ],
    [
      1,
      4,
      5,
      3,
      3,
      1,
      4,
      3,
      2,
      4,
      2,
      3,
      3,
      0,
      4,
      5,
      5,
      2,
      4,
      4
    ],
    [
      4,
      4,
      6,
      2,
      1,
      3,
      5,
      5,
      2,
      5,
      4,
      3,
      4,
      4,
      0,
      1,
      7,
      3,
      1,
      6
    ],
    [
      5,
      5,
      7,
      3,
      2,
      4,
      6,
      6,
      3,
      6,
      5,
      4,
      5,
      5,
      1,
      0,
      8,
      4,
      2,
      7
    ],
    [
      5,
      7,
      5,
      5,
      6,
      4,
      2,
      2,
      5,
      4,
      3,
      6,
      3,
      5,
      7,
      8,
      0,
      4,
      6,
      1
    ],
    [
      1,
      6,
      3,
      1,
      4,
      3,
      2,
      4,
      4,
      2,
      4,
      5,
      1,
      2,
      3,
      4,
      4,
      0,
      2,
      3
    ],
    [
      3,
      5,
      5,
      1,
      2,
      4,
      4,
      6,
      3,
      4,
      5,
      4,
      3,
      4,
      1,
      2,
      6,
      2,
      0,
      5
    ],
    [
      4,
      6,
      4,
      4,
      5,
      3,
      1,
      1,
      4,
      3,
      2,
      5,
      2,
      4,
      6,
      7,
      1,
      3,
      5,
      0
    ]
  ],
  "weight": [
    [
      1,
      0.03999999910593033,
      0.0625,
      0.25,
      0.0625,
      0.25,
      0.1111111119389534,
      0.0625,
      0.1111111119389534,
      0.1111111119389534,
      0.1111111119389534,
      0.0625,
      0.25,
      1,
      0.0625,
      0.03999999910593033,
      0.03999999910593033,
      1,
      0.1111111119389534,
      0.0625
    ],
    [
      0.03999999910593033,
      1,
      0.012345679104328156,
      0.02777777798473835,
      0.1111111119389534,
      0.1111111119389534,
      0.020408162847161293,
      0.03999999910593033,
      0.25,
      0.015625,
      0.0625,
      1,
      0.020408162847161293,
      0.0625,
      0.0625,
      0.03999999910593033,
      0.020408162847161293,
      0.02777777798473835,
      0.03999999910593033,
      0.02777777798473835
    ],
    [
      0.0625,
      0.012345679104328156,
      1,
      0.0625,
      0.020408162847161293,
      0.02777777798473835,
      0.1111111119389534,
      0.03999999910593033,
      0.020408162847161293,
      1,
      0.02777777798473835,
      0.015625,
      0.25,
      0.03999999910593033,
      0.02777777798473835,
      0.020408162847161293,
      0.03999999910593033,
      0.1111111119389534,
      0.03999999910593033,
      0.0625
    ],
    [
      0.25,
      0.02777777798473835,
      0.0625,
      1,
      0.1111111119389534,
      0.0625,
      0.1111111119389534,
      0.03999999910593033,
      0.0625,
      0.1111111119389534,
      0.03999999910593033,
      0.03999999910593033,
      0.25,
      0.1111111119389534,
      0.25,
      0.1111111119389534,
      0.03999999910593033,
      1,
      1,
      0.0625
    ],
    [
      0.0625,
      0.1111111119389534,
      0.020408162847161293,
      0.1111111119389534,
      1,
      0.25,
      0.02777777798473835,
      0.0625,
      1,
      0.02777777798473835,
      0.1111111119389534,
      0.25,
      0.03999999910593033,
      0.1111111119389534,
      1,
      0.25,
      0.02777777798473835,
      0.0625,
      0.25,
      0.03999999910593033
    ],
    [
      0.25,
      0.1111111119389534,
      0.02777777798473835,
      0.0625,
      0.25,
      1,
      0.0625,
      0.25,
      1,
      0.03999999910593033,
      1,
      0.25,
      0.0625,
      1,
      0.1111111119389534,
      0.0625,
      0.0625,
      0.1111111119389534,
      0.0625,
      0.1111111119389534
    ],
    [
      0.1111111119389534,
      0.020408162847161293,
      0.1111111119389534,
      0.1111111119389534,
      0.02777777798473835,
      0.0625,
      1,
      0.25,
      0.03999999910593033,
      0.25,
      0.1111111119389534,
      0.02777777798473835,
      1,
      0.0625,
      0.03999999910593033,
      0.02777777798473835,
      0.25,
      0.25,
      0.0625,
      1
    ],
    [
      0.0625,
      0.03999999910593033,
      0.03999999910593033,
      0.03999999910593033,
      0.0625,
      0.25,
      0.25,
      1,
      0.1111111119389534,
      0.0625,
      1,
      0.0625,
      0.1111111119389534,
      0.1111111119389534,
      0.03999999910593033,
      0.02777777798473835,
      0.25,
      0.0625,
      0.02777777798473835,
      1
    ],
    [
      0.1111111119389534,
      0.25,
      0.020408162847161293,
      0.0625,
      1,
      1,
      0.03999999910593033,
      0.1111111119389534,
      1,
      0.02777777798473835,
      0.25,
      1,
      0.03999999910593033,
      0.25,
      0.25,
      0.1111111119389534,
      0.03999999910593033,
      0.0625,
      0.1111111119389534,
      0.0625
    ],
    [
      0.1111111119389534,
      0.015625,
      1,
      0.1111111119389534,
      0.02777777798473835,
      0.03999999910593033,
      0.25,
      0.0625,
      0.02777777798473835,
      1,
      0.03999999910593033,
      0.020408162847161293,
      1,
      0.0625,
      0.03999999910593033,
      0.02777777798473835,
      0.0625,
      0.25,
      0.0625,
      0.1111111119389534
    ],
    [
      0.1111111119389534,
      0.0625,
      0.02777777798473835,
      0.03999999910593033,
      0.1111111119389534,
      1,
      0.1111111119389534,
      1,
      0.25,
      0.03999999910593033,
      1,
      0.1111111119389534,
      0.0625,
      0.25,
      0.0625,
      0.03999999910593033,
      0.1111111119389534,
      0.0625,
      0.03999999910593033,
      0.25
    ],
    [
      0.0625,
      1,
      0.015625,
      0.03999999910593033,
      0.25,
      0.25,
      0.02777777798473835,
      0.0625,
      1,
      0.020408162847161293,
      0.1111111119389534,
      1,
      0.02777777798473835,
      0.1111111119389534,
      0.1111111119389534,
      0.0625,
      0.02777777798473835,
      0.03999999910593033,
      0.0625,
      0.03999999910593033
    ],
    [
      0.25,
      0.020408162847161293,
      0.25,
      0.25,
      0.03999999910593033,
      0.0625,
      1,
      0.1111111119389534,
      0.03999999910593033,
      1,
      0.0625,
      0.02777777798473835,
      1,
      0.1111111119389534,
      0.0625,
      0.03999999910593033,
      0.1111111119389534,
      1,
      0.1111111119389534,
      0.25
    ],
    [
      1,
      0.0625,
      0.03999999910593033,
      0.1111111119389534,
      0.1111111119389534,
      1,
      0.0625,
      0.1111111119389534,
      0.25,
      0.0625,
      0.25,
      0.1111111119389534,
      0.1111111119389534,
      1,
      0.0625,
      0.03999999910593033,
      0.03999999910593033,
      0.25,
      0.0625,
      0.0625
    ],
    [
      0.0625,
      0.0625,
      0.02777777798473835,
      0.25,
      1,
      0.1111111119389534,
      0.03999999910593033,
      0.03999999910593033,
      0.25,
      0.03999999910593033,
      0.0625,
      0.1111111119389534,
      0.0625,
      0.0625,
      1,
      1,
      0.020408162847161293,
      0.1111111119389534,
      1,
      0.02777777798473835
    ],
    [
      0.03999999910593033,
      0.03999999910593033,
      0.020408162847161293,
      0.1111111119389534,
      0.25,
      0.0625,
      0.02777777798473835,
      0.02777777798473835,
      0.1111111119389534,
      0.02777777798473835,
      0.03999999910593033,
      0.0625,
      0.03999999910593033,
      0.03999999910593033,
      1,
      1,
      0.015625,
      0.0625,
      0.25,
      0.020408162847161293
    ],
    [
      0.03999999910593033,
      0.020408162847161293,
      0.03999999910593033,
      0.03999999910593033,
      0.02777777798473835,
      0.0625,
      0.25,
      0.25,
      0.03999999910593033,
      0.0625,
      0.1111111119389534,
      0.02777777798473835,
      0.1111111119389534,
      0.03999999910593033,
      0.020408162847161293,
      0.015625,
      1,
      0.0625,
      0.02777777798473835,
      1
    ],
    [
      1,
      0.02777777798473835,
      0.1111111119389534,
      1,
      0.0625,
      0.1111111119389534,
      0.25,
      0.0625,
      0.0625,
      0.25,
      0.0625,
      0.03999999910593033,
      1,
      0.25,
      0.1111111119389534,
      0.0625,
      0.0625,
      1,
      0.25,
      0.1111111119389534
    ],
    [
      0.1111111119389534,
      0.03999999910593033,
      0.03999999910593033,
      1,
      0.25,
      0.0625,
      0.0625,
      0.02777777798473835,
      0.1111111119389534,
      0.0625,
      0.03999999910593033,
      0.0625,
      0.1111111119389534,
      0.0625,
      1,
      0.25,
      0.02777777798473835,
      0.25,
      1,
      0.03999999910593033
    ],
    [
      0.0625,
      0.02777777798473835,
      0.0625,
      0.0625,
      0.03999999910593033,
      0.1111111119389534,
      1,
      1,
      0.0625,
      0.1111111119389534,
      0.25,
      0.03999999910593033,
      0.25,
      0.0625,
      0.02777777798473835,
      0.020408162847161293,
      1,
      0.1111111119389534,
      0.03999999910593033,
      1
    ]
  ]
}