{
  "nodes": [
    {
      "index": 0,
      "id": 0,
      "x": -0.00024931851658038795,
      "y": 0.00025251618353649974
    },
    {
      "index": 1,
      "id": 1,
      "x": 1.0245592594146729,
      "y": 0.47891461849212646
    },
    {
      "index": 2,
      "id": 2,
      "x": -1.024996280670166,
      "y": -0.47853797674179077
    },
    {
      "index": 3,
      "id": 3,
      "x": 1.8909517526626587,
      "y": -0.40509048104286194
    },
    {
      "index": 4,
      "id": 4,
      "x": 0.9026322960853577,
      "y": 1.7106680870056152
    },
    {
      "index": 5,
      "id": 5,
      "x": -0.9029229879379272,
      "y": -1.7102985382080078
    },
    {
      "index": 6,
      "id": 6,
      "x": -1.8913705348968506,
      "y": 0.4054982364177704
    },
    {
      "index": 7,
      "id": 7,
      "x": 2.2552666664123535,
      "y": -1.5778459310531616
    },
    {
      "index": 8,
      "id": 8,
      "x": 2.9381914138793945,
      "y": -0.6056579947471619
    },
    {
      "index": 9,
      "id": 9,
      "x": 1.4211102724075317,
      "y": 2.6423568725585938
    },
    {
      "index": 10,
      "id": 10,
      "x": 0.23713576793670654,
      "y": 2.742755651473999
    },
    {
      "index": 11,
      "id": 11,
      "x": -0.23691479861736298,
      "y": -2.7420530319213867
    },
    {
      "index": 12,
      "id": 12,
      "x": -1.4204723834991455,
      "y": -2.6426279544830322
    },
    {
      "index": 13,
      "id": 13,
      "x": -2.9385664463043213,
      "y": 0.6064375042915344
    },
    {
      "index": 14,
      "id": 14,
      "x": -2.255481481552124,
      "y": 1.5783296823501587
    }
  ],
  "edges": [
    {
      "source": 0,
      "target": 1
    },
    {
      "source": 0,
      "target": 2
    },
    {
      "source": 1,
      "target": 3
    },
    {
      "source": 1,
      "target": 4
    },
    {
      "source": 2,
      "target": 5
    },
    {
      "source": 2,
      "target": 6
    },
    {
      "source": 3,
      "target": 8
    },
    {
      "source": 3,
      "target": 7
    },
    {
      "source": 4,
      "target": 10
    },
    {
      "source": 4,
      "target": 9
    },
    {
      "source": 5,
      "target": 11
    },
    {
      "source": 5,
      "target": 12
    },
    {
      "source": 6,
      "target": 13
    },
    {
      "source": 6,
      "target": 14
    }
  ],
  "coef": {
    "stress": 0.57,
    "crossing_angle": 0,
    "neighbor": 0,
    "edge_uniformity": 0,
    "crossing_number": 0,
    "angular_resolution": 0,
    "vertex_resolution": 0,
    "gabriel": 0,
    "aspect_ratio": 1
  },
  "optimizer": {
    "lr": 0.2871458832401522,
    "momentum": 0.68
  },
  "graphDistance": [
    [
      0,
      1,
      1,
      2,
      2,
      2,
      2,
      3,
      3,
      3,
      3,
      3,
      3,
      3,
      3
    ],
    [
      1,
      0,
      2,
      1,
      1,
      3,
      3,
      2,
      2,
      2,
      2,
      4,
      4,
      4,
      4
    ],
    [
      1,
      2,
      0,
      3,
      3,
      1,
      1,
      4,
      4,
      4,
      4,
      2,
      2,
      2,
      2
    ],
    [
      2,
      1,
      3,
      0,
      2,
      4,
      4,
      1,
      1,
      3,
      3,
      5,
      5,
      5,
      5
    ],
    [
      2,
      1,
      3,
      2,
      0,
      4,
      4,
      3,
      3,
      1,
      1,
      5,
      5,
      5,
      5
    ],
    [
      2,
      3,
      1,
      4,
      4,
      0,
      2,
      5,
      5,
      5,
      5,
      1,
      1,
      3,
      3
    ],
    [
      2,
      3,
      1,
      4,
      4,
      2,
      0,
      5,
      5,
      5,
      5,
      3,
      3,
      1,
      1
    ],
    [
      3,
      2,
      4,
      1,
      3,
      5,
      5,
      0,
      2,
      4,
      4,
      6,
      6,
      6,
      6
    ],
    [
      3,
      2,
      4,
      1,
      3,
      5,
      5,
      2,
      0,
      4,
      4,
      6,
      6,
      6,
      6
    ],
    [
      3,
      2,
      4,
      3,
      1,
      5,
      5,
      4,
      4,
      0,
      2,
      6,
      6,
      6,
      6
    ],
    [
      3,
      2,
      4,
      3,
      1,
      5,
      5,
      4,
      4,
      2,
      0,
      6,
      6,
      6,
      6
    ],
    [
      3,
      4,
      2,
      5,
      5,
      1,
      3,
      6,
      6,
      6,
      6,
      0,
      2,
      4,
      4
    ],
    [
      3,
      4,
      2,
      5,
      5,
      1,
      3,
      6,
      6,
      6,
      6,
      2,
      0,
      4,
      4
    ],
    [
      3,
      4,
      2,
      5,
      5,
      3,
      1,
      6,
      6,
      6,
      6,
      4,
      4,
      0,
      2
    ],
    [
      3,
      4,
      2,
      5,
      5,
      3,
      1,
      6,
      6,
      6,
      6,
      4,
      4,
      2,
      0
    ]
  ],
  "weight": [
    [
      1,
      1,
      1,
      0.25,
      0.25,
      0.25,
      0.25,
      0.1111111119389534,
      0.1111111119389534,
      0.1111111119389534,
      0.1111111119389534,
      0.1111111119389534,
      0.1111111119389534,
      0.1111111119389534,
      0.1111111119389534
    ],
    [
      1,
      1,
      0.25,
      1,
      1,
      0.1111111119389534,
      0.1111111119389534,
      0.25,
      0.25,
      0.25,
      0.25,
      0.0625,
      0.0625,
      0.0625,
      0.0625
    ],
    [
      1,
      0.25,
      1,
      0.1111111119389534,
      0.1111111119389534,
      1,
      1,
      0.0625,
      0.0625,
      0.0625,
      0.0625,
      0.25,
      0.25,
      0.25,
      0.25
    ],
    [
      0.25,
      1,
      0.1111111119389534,
      1,
      0.25,
      0.0625,
      0.0625,
      1,
      1,
      0.1111111119389534,
      0.1111111119389534,
      0.03999999910593033,
      0.03999999910593033,
      0.03999999910593033,
      0.03999999910593033
    ],
    [
      0.25,
      1,
      0.1111111119389534,
      0.25,
      1,
      0.0625,
      0.0625,
      0.1111111119389534,
      0.1111111119389534,
      1,
      1,
      0.03999999910593033,
      0.03999999910593033,
      0.03999999910593033,
      0.03999999910593033
    ],
    [
      0.25,
      0.1111111119389534,
      1,
      0.0625,
      0.0625,
      1,
      0.25,
      0.03999999910593033,
      0.03999999910593033,
      0.03999999910593033,
      0.03999999910593033,
      1,
      1,
      0.1111111119389534,
      0.1111111119389534
    ],
    [
      0.25,
      0.1111111119389534,
      1,
      0.0625,
      0.0625,
      0.25,
      1,
      0.03999999910593033,
      0.03999999910593033,
      0.03999999910593033,
      0.03999999910593033,
      0.1111111119389534,
      0.1111111119389534,
      1,
      1
    ],
    [
      0.1111111119389534,
      0.25,
      0.0625,
      1,
      0.1111111119389534,
      0.03999999910593033,
      0.03999999910593033,
      1,
      0.25,
      0.0625,
      0.0625,
      0.02777777798473835,
      0.02777777798473835,
      0.02777777798473835,
      0.02777777798473835
    ],
    [
      0.1111111119389534,
      0.25,
      0.0625,
      1,
      0.1111111119389534,
      0.03999999910593033,
      0.03999999910593033,
      0.25,
      1,
      0.0625,
      0.0625,
      0.02777777798473835,
      0.02777777798473835,
      0.02777777798473835,
      0.02777777798473835
    ],
    [
      0.1111111119389534,
      0.25,
      0.0625,
      0.1111111119389534,
      1,
      0.03999999910593033,
      0.03999999910593033,
      0.0625,
      0.0625,
      1,
      0.25,
      0.02777777798473835,
      0.02777777798473835,
      0.02777777798473835,
      0.02777777798473835
    ],
    [
      0.1111111119389534,
      0.25,
      0.0625,
      0.1111111119389534,
      1,
      0.03999999910593033,
      0.03999999910593033,
      0.0625,
      0.0625,
      0.25,
      1,
      0.02777777798473835,
      0.02777777798473835,
      0.02777777798473835,
      0.02777777798473835
    ],
    [
      0.1111111119389534,
      0.0625,
      0.25,
      0.03999999910593033,
      0.03999999910593033,
      1,
      0.1111111119389534,
      0.02777777798473835,
      0.02777777798473835,
      0.02777777798473835,
      0.02777777798473835,
      1,
      0.25,
      0.0625,
      0.0625
    ],
    [
      0.1111111119389534,
      0.0625,
      0.25,
      0.03999999910593033,
      0.03999999910593033,
      1,
      0.1111111119389534,
      0.02777777798473835,
      0.02777777798473835,
      0.02777777798473835,
      0.02777777798473835,
      0.25,
      1,
      0.0625,
      0.0625
    ],
    [
      0.1111111119389534,
      0.0625,
      0.25,
      0.03999999910593033,
      0.03999999910593033,
      0.1111111119389534,
      1,
      0.02777777798473835,
      0.02777777798473835,
      0.02777777798473835,
      0.02777777798473835,
      0.0625,
      0.0625,
      1,
      0.25
    ],
    [
      0.1111111119389534,
      0.0625,
      0.25,
      0.03999999910593033,
      0.03999999910593033,
      0.1111111119389534,
      1,
      0.02777777798473835,
      0.02777777798473835,
      0.02777777798473835,
      0.02777777798473835,
      0.0625,
      0.0625,
      0.25,
      1
    ]
  ]
}