{
  "nodes": [
    {
      "index": 0,
      "id": 0,
      "x": 0.6547612547874451,
      "y": -0.2509288191795349
    },
    {
      "index": 1,
      "id": 1,
      "x": -0.013888631016016006,
      "y": 0.3994016945362091
    },
    {
      "index": 2,
      "id": 2,
      "x": 0.6224207282066345,
      "y": 0.3782550096511841
    },
    {
      "index": 3,
      "id": 3,
      "x": -0.3880525827407837,
      "y": 0.11328857392072678
    },
    {
      "index": 4,
      "id": 4,
      "x": 0.23334135115146637,
      "y": -0.3771906793117523
    },
    {
      "index": 5,
      "id": 5,
      "x": -0.2582489252090454,
      "y": -0.3342541456222534
    },
    {
      "index": 6,
      "id": 6,
      "x": -0.11639798432588577,
      "y": -0.7015425562858582
    },
    {
      "index": 7,
      "id": 7,
      "x": -0.6360600590705872,
      "y": -0.32691171765327454
    },
    {
      "index": 8,
      "id": 8,
      "x": -0.20864880084991455,
      "y": 0.6925413608551025
    },
    {
      "index": 9,
      "id": 9,
      "x": -0.7187100648880005,
      "y": -0.03591550141572952
    },
    {
      "index": 10,
      "id": 10,
      "x": 0.12641240656375885,
      "y": 0.7146273255348206
    },
    {
      "index": 11,
      "id": 11,
      "x": 0.40361273288726807,
      "y": 0.1262105405330658
    },
    {
      "index": 12,
      "id": 12,
      "x": -0.46275603771209717,
      "y": 0.5326400399208069
    },
    {
      "index": 13,
      "id": 13,
      "x": -0.43072155117988586,
      "y": -0.5967869162559509
    },
    {
      "index": 14,
      "id": 14,
      "x": 0.03215743601322174,
      "y": -0.02482096664607525
    },
    {
      "index": 15,
      "id": 15,
      "x": 0.19180531799793243,
      "y": -0.7030395269393921
    },
    {
      "index": 16,
      "id": 16,
      "x": 0.7271353006362915,
      "y": 0.04287432134151459
    },
    {
      "index": 17,
      "id": 17,
      "x": 0.5123850107192993,
      "y": -0.525097668170929
    },
    {
      "index": 18,
      "id": 18,
      "x": 0.395989328622818,
      "y": 0.5796191692352295
    },
    {
      "index": 19,
      "id": 19,
      "x": -0.6665363907814026,
      "y": 0.2970283627510071
    }
  ],
  "edges": [
    {
      "source": 0,
      "target": 1
    },
    {
      "source": 0,
      "target": 2
    },
    {
      "source": 0,
      "target": 3
    },
    {
      "source": 0,
      "target": 4
    },
    {
      "source": 0,
      "target": 5
    },
    {
      "source": 0,
      "target": 6
    },
    {
      "source": 0,
      "target": 7
    },
    {
      "source": 0,
      "target": 8
    },
    {
      "source": 0,
      "target": 9
    },
    {
      "source": 0,
      "target": 10
    },
    {
      "source": 0,
      "target": 11
    },
    {
      "source": 0,
      "target": 12
    },
    {
      "source": 0,
      "target": 13
    },
    {
      "source": 0,
      "target": 14
    },
    {
      "source": 0,
      "target": 15
    },
    {
      "source": 0,
      "target": 16
    },
    {
      "source": 0,
      "target": 17
    },
    {
      "source": 0,
      "target": 18
    },
    {
      "source": 0,
      "target": 19
    },
    {
      "source": 1,
      "target": 2
    },
    {
      "source": 1,
      "target": 3
    },
    {
      "source": 1,
      "target": 4
    },
    {
      "source": 1,
      "target": 5
    },
    {
      "source": 1,
      "target": 6
    },
    {
      "source": 1,
      "target": 7
    },
    {
      "source": 1,
      "target": 8
    },
    {
      "source": 1,
      "target": 9
    },
    {
      "source": 1,
      "target": 10
    },
    {
      "source": 1,
      "target": 11
    },
    {
      "source": 1,
      "target": 12
    },
    {
      "source": 1,
      "target": 13
    },
    {
      "source": 1,
      "target": 14
    },
    {
      "source": 1,
      "target": 15
    },
    {
      "source": 1,
      "target": 16
    },
    {
      "source": 1,
      "target": 17
    },
    {
      "source": 1,
      "target": 18
    },
    {
      "source": 1,
      "target": 19
    },
    {
      "source": 2,
      "target": 3
    },
    {
      "source": 2,
      "target": 4
    },
    {
      "source": 2,
      "target": 5
    },
    {
      "source": 2,
      "target": 6
    },
    {
      "source": 2,
      "target": 7
    },
    {
      "source": 2,
      "target": 8
    },
    {
      "source": 2,
      "target": 9
    },
    {
      "source": 2,
      "target": 10
    },
    {
      "source": 2,
      "target": 11
    },
    {
      "source": 2,
      "target": 12
    },
    {
      "source": 2,
      "target": 13
    },
    {
      "source": 2,
      "target": 14
    },
    {
      "source": 2,
      "target": 15
    },
    {
      "source": 2,
      "target": 16
    },
    {
      "source": 2,
      "target": 17
    },
    {
      "source": 2,
      "target": 18
    },
    {
      "source": 2,
      "target": 19
    },
    {
      "source": 3,
      "target": 4
    },
    {
      "source": 3,
      "target": 5
    },
    {
      "source": 3,
      "target": 6
    },
    {
      "source": 3,
      "target": 7
    },
    {
      "source": 3,
      "target": 8
    },
    {
      "source": 3,
      "target": 9
    },
    {
      "source": 3,
      "target": 10
    },
    {
      "source": 3,
      "target": 11
    },
    {
      "source": 3,
      "target": 12
    },
    {
      "source": 3,
      "target": 13
    },
    {
      "source": 3,
      "target": 14
    },
    {
      "source": 3,
      "target": 15
    },
    {
      "source": 3,
      "target": 16
    },
    {
      "source": 3,
      "target": 17
    },
    {
      "source": 3,
      "target": 18
    },
    {
      "source": 3,
      "target": 19
    },
    {
      "source": 4,
      "target": 5
    },
    {
      "source": 4,
      "target": 6
    },
    {
      "source": 4,
      "target": 7
    },
    {
      "source": 4,
      "target": 8
    },
    {
      "source": 4,
      "target": 9
    },
    {
      "source": 4,
      "target": 10
    },
    {
      "source": 4,
      "target": 11
    },
    {
      "source": 4,
      "target": 12
    },
    {
      "source": 4,
      "target": 13
    },
    {
      "source": 4,
      "target": 14
    },
    {
      "source": 4,
      "target": 15
    },
    {
      "source": 4,
      "target": 16
    },
    {
      "source": 4,
      "target": 17
    },
    {
      "source": 4,
      "target": 18
    },
    {
      "source": 4,
      "target": 19
    },
    {
      "source": 5,
      "target": 6
    },
    {
      "source": 5,
      "target": 7
    },
    {
      "source": 5,
      "target": 8
    },
    {
      "source": 5,
      "target": 9
    },
    {
      "source": 5,
      "target": 10
    },
    {
      "source": 5,
      "target": 11
    },
    {
      "source": 5,
      "target": 12
    },
    {
      "source": 5,
      "target": 13
    },
    {
      "source": 5,
      "target": 14
    },
    {
      "source": 5,
      "target": 15
    },
    {
      "source": 5,
      "target": 16
    },
    {
      "source": 5,
      "target": 17
    },
    {
      "source": 5,
      "target": 18
    },
    {
      "source": 5,
      "target": 19
    },
    {
      "source": 6,
      "target": 7
    },
    {
      "source": 6,
      "target": 8
    },
    {
      "source": 6,
      "target": 9
    },
    {
      "source": 6,
      "target": 10
    },
    {
      "source": 6,
      "target": 11
    },
    {
      "source": 6,
      "target": 12
    },
    {
      "source": 6,
      "target": 13
    },
    {
      "source": 6,
      "target": 14
    },
    {
      "source": 6,
      "target": 15
    },
    {
      "source": 6,
      "target": 16
    },
    {
      "source": 6,
      "target": 17
    },
    {
      "source": 6,
      "target": 18
    },
    {
      "source": 6,
      "target": 19
    },
    {
      "source": 7,
      "target": 8
    },
    {
      "source": 7,
      "target": 9
    },
    {
      "source": 7,
      "target": 10
    },
    {
      "source": 7,
      "target": 11
    },
    {
      "source": 7,
      "target": 12
    },
    {
      "source": 7,
      "target": 13
    },
    {
      "source": 7,
      "target": 14
    },
    {
      "source": 7,
      "target": 15
    },
    {
      "source": 7,
      "target": 16
    },
    {
      "source": 7,
      "target": 17
    },
    {
      "source": 7,
      "target": 18
    },
    {
      "source": 7,
      "target": 19
    },
    {
      "source": 8,
      "target": 9
    },
    {
      "source": 8,
      "target": 10
    },
    {
      "source": 8,
      "target": 11
    },
    {
      "source": 8,
      "target": 12
    },
    {
      "source": 8,
      "target": 13
    },
    {
      "source": 8,
      "target": 14
    },
    {
      "source": 8,
      "target": 15
    },
    {
      "source": 8,
      "target": 16
    },
    {
      "source": 8,
      "target": 17
    },
    {
      "source": 8,
      "target": 18
    },
    {
      "source": 8,
      "target": 19
    },
    {
      "source": 9,
      "target": 10
    },
    {
      "source": 9,
      "target": 11
    },
    {
      "source": 9,
      "target": 12
    },
    {
      "source": 9,
      "target": 13
    },
    {
      "source": 9,
      "target": 14
    },
    {
      "source": 9,
      "target": 15
    },
    {
      "source": 9,
      "target": 16
    },
    {
      "source": 9,
      "target": 17
    },
    {
      "source": 9,
      "target": 18
    },
    {
      "source": 9,
      "target": 19
    },
    {
      "source": 10,
      "target": 11
    },
    {
      "source": 10,
      "target": 12
    },
    {
      "source": 10,
      "target": 13
    },
    {
      "source": 10,
      "target": 14
    },
    {
      "source": 10,
      "target": 15
    },
    {
      "source": 10,
      "target": 16
    },
    {
      "source": 10,
      "target": 17
    },
    {
      "source": 10,
      "target": 18
    },
    {
      "source": 10,
      "target": 19
    },
    {
      "source": 11,
      "target": 12
    },
    {
      "source": 11,
      "target": 13
    },
    {
      "source": 11,
      "target": 14
    },
    {
      "source": 11,
      "target": 15
    },
    {
      "source": 11,
      "target": 16
    },
    {
      "source": 11,
      "target": 17
    },
    {
      "source": 11,
      "target": 18
    },
    {
      "source": 11,
      "target": 19
    },
    {
      "source": 12,
      "target": 13
    },
    {
      "source": 12,
      "target": 14
    },
    {
      "source": 12,
      "target": 15
    },
    {
      "source": 12,
      "target": 16
    },
    {
      "source": 12,
      "target": 17
    },
    {
      "source": 12,
      "target": 18
    },
    {
      "source": 12,
      "target": 19
    },
    {
      "source": 13,
      "target": 14
    },
    {
      "source": 13,
      "target": 15
    },
    {
      "source": 13,
      "target": 16
    },
    {
      "source": 13,
      "target": 17
    },
    {
      "source": 13,
      "target": 18
    },
    {
      "source": 13,
      "target": 19
    },
    {
      "source": 14,
      "target": 15
    },
    {
      "source": 14,
      "target": 16
    },
    {
      "source": 14,
      "target": 17
    },
    {
      "source": 14,
      "target": 18
    },
    {
      "source": 14,
      "target": 19
    },
    {
      "source": 15,
      "target": 16
    },
    {
      "source": 15,
      "target": 17
    },
    {
      "source": 15,
      "target": 18
    },
    {
      "source": 15,
      "target": 19
    },
    {
      "source": 16,
      "target": 17
    },
    {
      "source": 16,
      "target": 18
    },
    {
      "source": 16,
      "target": 19
    },
    {
      "source": 17,
      "target": 18
    },
    {
      "source": 17,
      "target": 19
    },
    {
      "source": 18,
      "target": 19
    }
  ],
  "coef": {
    "stress": 0.06,
    "crossing_angle": 0,
    "neighbor": 0,
    "edge_uniformity": 0,
    "crossing_number": 0,
    "angular_resolution": 0,
    "vertex_resolution": 0,
    "gabriel": 0,
    "aspect_ratio": 0
  },
  "optimizer": {
    "lr": 0.44932896411722156,
    "momentum": 0.73
  },
  "graphDistance": [
    [
      0,
      1,
      1,
      1,
      1,
      1,
      1,
      1,
      1,
      1,
      1,
      1,
      1,
      1,
      1,
      1,
      1,
      1,
      1,
      1
    ],
    [
      1,
      0,
      1,
      1,
      1,
      1,
      1,
      1,
      1,
      1,
      1,
      1,
      1,
      1,
      1,
      1,
      1,
      1,
      1,
      1
    ],
    [
      1,
      1,
      0,
      1,
      1,
      1,
      1,
      1,
      1,
      1,
      1,
      1,
      1,
      1,
      1,
      1,
      1,
      1,
      1,
      1
    ],
    [
      1,
      1,
      1,
      0,
      1,
      1,
      1,
      1,
      1,
      1,
      1,
      1,
      1,
      1,
      1,
      1,
      1,
      1,
      1,
      1
    ],
    [
      1,
      1,
      1,
      1,
      0,
      1,
      1,
      1,
      1,
      1,
      1,
      1,
      1,
      1,
      1,
      1,
      1,
      1,
      1,
      1
    ],
    [
      1,
      1,
      1,
      1,
      1,
      0,
      1,
      1,
      1,
      1,
      1,
      1,
      1,
      1,
      1,
      1,
      1,
      1,
      1,
      1
    ],
    [
      1,
      1,
      1,
      1,
      1,
      1,
      0,
      1,
      1,
      1,
      1,
      1,
      1,
      1,
      1,
      1,
      1,
      1,
      1,
      1
    ],
    [
      1,
      1,
      1,
      1,
      1,
      1,
      1,
      0,
      1,
      1,
      1,
      1,
      1,
      1,
      1,
      1,
      1,
      1,
      1,
      1
    ],
    [
      1,
      1,
      1,
      1,
      1,
      1,
      1,
      1,
      0,
      1,
      1,
      1,
      1,
      1,
      1,
      1,
      1,
      1,
      1,
      1
    ],
    [
      1,
      1,
      1,
      1,
      1,
      1,
      1,
      1,
      1,
      0,
      1,
      1,
      1,
      1,
      1,
      1,
      1,
      1,
      1,
      1
    ],
    [
      1,
      1,
      1,
      1,
      1,
      1,
      1,
      1,
      1,
      1,
      0,
      1,
      1,
      1,
      1,
      1,
      1,
      1,
      1,
      1
    ],
    [
      1,
      1,
      1,
      1,
      1,
      1,
      1,
      1,
      1,
      1,
      1,
      0,
      1,
      1,
      1,
      1,
      1,
      1,
      1,
      1
    ],
    [
      1,
      1,
      1,
      1,
      1,
      1,
      1,
      1,
      1,
      1,
      1,
      1,
      0,
      1,
      1,
      1,
      1,
      1,
      1,
      1
    ],
    [
      1,
      1,
      1,
      1,
      1,
      1,
      1,
      1,
      1,
      1,
      1,
      1,
      1,
      0,
      1,
      1,
      1,
      1,
      1,
      1
    ],
    [
      1,
      1,
      1,
      1,
      1,
      1,
      1,
      1,
      1,
      1,
      1,
      1,
      1,
      1,
      0,
      1,
      1,
      1,
      1,
      1
    ],
    [
      1,
      1,
      1,
      1,
      1,
      1,
      1,
      1,
      1,
      1,
      1,
      1,
      1,
      1,
      1,
      0,
      1,
      1,
      1,
      1
    ],
    [
      1,
      1,
      1,
      1,
      1,
      1,
      1,
      1,
      1,
      1,
      1,
      1,
      1,
      1,
      1,
      1,
      0,
      1,
      1,
      1
    ],
    [
      1,
      1,
      1,
      1,
      1,
      1,
      1,
      1,
      1,
      1,
      1,
      1,
      1,
      1,
      1,
      1,
      1,
      0,
      1,
      1
    ],
    [
      1,
      1,
      1,
      1,
      1,
      1,
      1,
      1,
      1,
      1,
      1,
      1,
      1,
      1,
      1,
      1,
      1,
      1,
      0,
      1
    ],
    [
      1,
      1,
      1,
      1,
      1,
      1,
      1,
      1,
      1,
      1,
      1,
      1,
      1,
      1,
      1,
      1,
      1,
      1,
      1,
      0
    ]
  ],
  "weight": [
    [
      1,
      1,
      1,
      1,
      1,
      1,
      1,
      1,
      1,
      1,
      1,
      1,
      1,
      1,
      1,
      1,
      1,
      1,
      1,
      1
    ],
    [
      1,
      1,
      1,
      1,
      1,
      1,
      1,
      1,
      1,
      1,
      1,
      1,
      1,
      1,
      1,
      1,
      1,
      1,
      1,
      1
    ],
    [
      1,
      1,
      1,
      1,
      1,
      1,
      1,
      1,
      1,
      1,
      1,
      1,
      1,
      1,
      1,
      1,
      1,
      1,
      1,
      1
    ],
    [
      1,
      1,
      1,
      1,
      1,
      1,
      1,
      1,
      1,
      1,
      1,
      1,
      1,
      1,
      1,
      1,
      1,
      1,
      1,
      1
    ],
    [
      1,
      1,
      1,
      1,
      1,
      1,
      1,
      1,
      1,
      1,
      1,
      1,
      1,
      1,
      1,
      1,
      1,
      1,
      1,
      1
    ],
    [
      1,
      1,
      1,
      1,
      1,
      1,
      1,
      1,
      1,
      1,
      1,
      1,
      1,
      1,
      1,
      1,
      1,
      1,
      1,
      1
    ],
    [
      1,
      1,
      1,
      1,
      1,
      1,
      1,
      1,
      1,
      1,
      1,
      1,
      1,
      1,
      1,
      1,
      1,
      1,
      1,
      1
    ],
    [
      1,
      1,
      1,
      1,
      1,
      1,
      1,
      1,
      1,
      1,
      1,
      1,
      1,
      1,
      1,
      1,
      1,
      1,
      1,
      1
    ],
    [
      1,
      1,
      1,
      1,
      1,
      1,
      1,
      1,
      1,
      1,
      1,
      1,
      1,
      1,
      1,
      1,
      1,
      1,
      1,
      1
    ],
    [
      1,
      1,
      1,
      1,
      1,
      1,
      1,
      1,
      1,
      1,
      1,
      1,
      1,
      1,
      1,
      1,
      1,
      1,
      1,
      1
    ],
    [
      1,
      1,
      1,
      1,
      1,
      1,
      1,
      1,
      1,
      1,
      1,
      1,
      1,
      1,
      1,
      1,
      1,
      1,
      1,
      1
    ],
    [
      1,
      1,
      1,
      1,
      1,
      1,
      1,
      1,
      1,
      1,
      1,
      1,
      1,
      1,
      1,
      1,
      1,
      1,
      1,
      1
    ],
    [
      1,
      1,
      1,
      1,
      1,
      1,
      1,
      1,
      1,
      1,
      1,
      1,
      1,
      1,
      1,
      1,
      1,
      1,
      1,
      1
    ],
    [
      1,
      1,
      1,
      1,
      1,
      1,
      1,
      1,
      1,
      1,
      1,
      1,
      1,
      1,
      1,
      1,
      1,
      1,
      1,
      1
    ],
    [
      1,
      1,
      1,
      1,
      1,
      1,
      1,
      1,
      1,
      1,
      1,
      1,
      1,
      1,
      1,
      1,
      1,
      1,
      1,
      1
    ],
    [
      1,
      1,
      1,
      1,
      1,
      1,
      1,
      1,
      1,
      1,
      1,
      1,
      1,
      1,
      1,
      1,
      1,
      1,
      1,
      1
    ],
    [
      1,
      1,
      1,
      1,
      1,
      1,
      1,
      1,
      1,
      1,
      1,
      1,
      1,
      1,
      1,
      1,
      1,
      1,
      1,
      1
    ],
    [
      1,
      1,
      1,
      1,
      1,
      1,
      1,
      1,
      1,
      1,
      1,
      1,
      1,
      1,
      1,
      1,
      1,
      1,
      1,
      1
    ],
    [
      1,
      1,
      1,
      1,
      1,
      1,
      1,
      1,
      1,
      1,
      1,
      1,
      1,
      1,
      1,
      1,
      1,
      1,
      1,
      1
    ],
    [
      1,
      1,
      1,
      1,
      1,
      1,
      1,
      1,
      1,
      1,
      1,
      1,
      1,
      1,
      1,
      1,
      1,
      1,
      1,
      1
    ]
  ]
}