{
  "nodes": [
    {
      "index": 0,
      "id": 0,
      "x": 1.193633794784546,
      "y": 0.5709601044654846
    },
    {
      "index": 1,
      "id": 1,
      "x": 0.12155603617429733,
      "y": 0.05887473002076149
    },
    {
      "index": 2,
      "id": 2,
      "x": -0.05208757519721985,
      "y": -1.1993083953857422
    },
    {
      "index": 3,
      "id": 3,
      "x": 1.2179088592529297,
      "y": -1.5749998092651367
    },
    {
      "index": 4,
      "id": 4,
      "x": 0.4595661461353302,
      "y": -1.9374456405639648
    },
    {
      "index": 5,
      "id": 5,
      "x": -0.7805258631706238,
      "y": -1.8477815389633179
    },
    {
      "index": 6,
      "id": 6,
      "x": -1.3940973281860352,
      "y": -1.360080361366272
    },
    {
      "index": 7,
      "id": 7,
      "x": -1.9343647956848145,
      "y": -0.22895455360412598
    },
    {
      "index": 8,
      "id": 8,
      "x": -0.9662915468215942,
      "y": 0.7138830423355103
    },
    {
      "index": 9,
      "id": 9,
      "x": -0.4609067738056183,
      "y": 1.9379945993423462
    },
    {
      "index": 10,
      "id": 10,
      "x": 0.7797233462333679,
      "y": 1.84823477268219
    },
    {
      "index": 11,
      "id": 11,
      "x": 1.3927738666534424,
      "y": 1.3608765602111816
    },
    {
      "index": 12,
      "id": 12,
      "x": 0.05097512900829315,
      "y": 1.1998318433761597
    },
    {
      "index": 13,
      "id": 13,
      "x": -1.2187923192977905,
      "y": 1.575822353363037
    },
    {
      "index": 14,
      "id": 14,
      "x": -1.9283336400985718,
      "y": 0.5540646910667419
    },
    {
      "index": 15,
      "id": 15,
      "x": -1.1949234008789062,
      "y": -0.5701990127563477
    },
    {
      "index": 16,
      "id": 16,
      "x": -0.12271840125322342,
      "y": -0.058088019490242004
    },
    {
      "index": 17,
      "id": 17,
      "x": 0.9652594327926636,
      "y": -0.7131804823875427
    },
    {
      "index": 18,
      "id": 18,
      "x": 1.9332613945007324,
      "y": 0.2295435220003128
    },
    {
      "index": 19,
      "id": 19,
      "x": 1.9272212982177734,
      "y": -0.5535526275634766
    }
  ],
  "edges": [
    {
      "source": 0,
      "target": 1
    },
    {
      "source": 0,
      "target": 10
    },
    {
      "source": 0,
      "target": 19
    },
    {
      "source": 1,
      "target": 8
    },
    {
      "source": 1,
      "target": 2
    },
    {
      "source": 2,
      "target": 3
    },
    {
      "source": 2,
      "target": 6
    },
    {
      "source": 3,
      "target": 19
    },
    {
      "source": 3,
      "target": 4
    },
    {
      "source": 4,
      "target": 17
    },
    {
      "source": 4,
      "target": 5
    },
    {
      "source": 5,
      "target": 6
    },
    {
      "source": 5,
      "target": 15
    },
    {
      "source": 6,
      "target": 7
    },
    {
      "source": 7,
      "target": 8
    },
    {
      "source": 7,
      "target": 14
    },
    {
      "source": 8,
      "target": 9
    },
    {
      "source": 9,
      "target": 10
    },
    {
      "source": 9,
      "target": 13
    },
    {
      "source": 10,
      "target": 11
    },
    {
      "source": 11,
      "target": 12
    },
    {
      "source": 11,
      "target": 18
    },
    {
      "source": 12,
      "target": 16
    },
    {
      "source": 12,
      "target": 13
    },
    {
      "source": 13,
      "target": 14
    },
    {
      "source": 14,
      "target": 15
    },
    {
      "source": 15,
      "target": 16
    },
    {
      "source": 16,
      "target": 17
    },
    {
      "source": 17,
      "target": 18
    },
    {
      "source": 18,
      "target": 19
    }
  ],
  "coef": {
    "stress": 1,
    "crossing_angle": 0,
    "neighbor": 0,
    "edge_uniformity": 0,
    "crossing_number": 0,
    "angular_resolution": 0,
    "vertex_resolution": 0,
    "gabriel": 0,
    "aspect_ratio": 0
  },
  "optimizer": {
    "lr": 0.37940326170723293,
    "momentum": 0.73
  },
  "graphDistance": [
    [
      0,
      1,
      2,
      2,
      3,
      4,
      3,
      3,
      2,
      2,
      1,
      2,
      3,
      3,
      4,
      5,
      4,
      3,
      2,
      1
    ],
    [
      1,
      0,
      1,
      2,
      3,
      3,
      2,
      2,
      1,
      2,
      2,
      3,
      4,
      3,
      3,
      4,
      5,
      4,
      3,
      2
    ],
    [
      2,
      1,
      0,
      1,
      2,
      2,
      1,
      2,
      2,
      3,
      3,
      4,
      5,
      4,
      3,
      3,
      4,
      3,
      3,
      2
    ],
    [
      2,
      2,
      1,
      0,
      1,
      2,
      2,
      3,
      3,
      4,
      3,
      3,
      4,
      5,
      4,
      3,
      3,
      2,
      2,
      1
    ],
    [
      3,
      3,
      2,
      1,
      0,
      1,
      2,
      3,
      4,
      5,
      4,
      3,
      3,
      4,
      3,
      2,
      2,
      1,
      2,
      2
    ],
    [
      4,
      3,
      2,
      2,
      1,
      0,
      1,
      2,
      3,
      4,
      5,
      4,
      3,
      3,
      2,
      1,
      2,
      2,
      3,
      3
    ],
    [
      3,
      2,
      1,
      2,
      2,
      1,
      0,
      1,
      2,
      3,
      4,
      5,
      4,
      3,
      2,
      2,
      3,
      3,
      4,
      3
    ],
    [
      3,
      2,
      2,
      3,
      3,
      2,
      1,
      0,
      1,
      2,
      3,
      4,
      3,
      2,
      1,
      2,
      3,
      4,
      5,
      4
    ],
    [
      2,
      1,
      2,
      3,
      4,
      3,
      2,
      1,
      0,
      1,
      2,
      3,
      3,
      2,
      2,
      3,
      4,
      5,
      4,
      3
    ],
    [
      2,
      2,
      3,
      4,
      5,
      4,
      3,
      2,
      1,
      0,
      1,
      2,
      2,
      1,
      2,
      3,
      3,
      4,
      3,
      3
    ],
    [
      1,
      2,
      3,
      3,
      4,
      5,
      4,
      3,
      2,
      1,
      0,
      1,
      2,
      2,
      3,
      4,
      3,
      3,
      2,
      2
    ],
    [
      2,
      3,
      4,
      3,
      3,
      4,
      5,
      4,
      3,
      2,
      1,
      0,
      1,
      2,
      3,
      3,
      2,
      2,
      1,
      2
    ],
    [
      3,
      4,
      5,
      4,
      3,
      3,
      4,
      3,
      3,
      2,
      2,
      1,
      0,
      1,
      2,
      2,
      1,
      2,
      2,
      3
    ],
    [
      3,
      3,
      4,
      5,
      4,
      3,
      3,
      2,
      2,
      1,
      2,
      2,
      1,
      0,
      1,
      2,
      2,
      3,
      3,
      4
    ],
    [
      4,
      3,
      3,
      4,
      3,
      2,
      2,
      1,
      2,
      2,
      3,
      3,
      2,
      1,
      0,
      1,
      2,
      3,
      4,
      5
    ],
    [
      5,
      4,
      3,
      3,
      2,
      1,
      2,
      2,
      3,
      3,
      4,
      3,
      2,
      2,
      1,
      0,
      1,
      2,
      3,
      4
    ],
    [
      4,
      5,
      4,
      3,
      2,
      2,
      3,
      3,
      4,
      3,
      3,
      2,
      1,
      2,
      2,
      1,
      0,
      1,
      2,
      3
    ],
    [
      3,
      4,
      3,
      2,
      1,
      2,
      3,
      4,
      5,
      4,
      3,
      2,
      2,
      3,
      3,
      2,
      1,
      0,
      1,
      2
    ],
    [
      2,
      3,
      3,
      2,
      2,
      3,
      4,
      5,
      4,
      3,
      2,
      1,
      2,
      3,
      4,
      3,
      2,
      1,
      0,
      1
    ],
    [
      1,
      2,
      2,
      1,
      2,
      3,
      3,
      4,
      3,
      3,
      2,
      2,
      3,
      4,
      5,
      4,
      3,
      2,
      1,
      0
    ]
  ],
  "weight": [
    [
      1,
      1,
      0.25,
      0.25,
      0.1111111119389534,
      0.0625,
      0.1111111119389534,
      0.1111111119389534,
      0.25,
      0.25,
      1,
      0.25,
      0.1111111119389534,
      0.1111111119389534,
      0.0625,
      0.03999999910593033,
      0.0625,
      0.1111111119389534,
      0.25,
      1
    ],
    [
      1,
      1,
      1,
      0.25,
      0.1111111119389534,
      0.1111111119389534,
      0.25,
      0.25,
      1,
      0.25,
      0.25,
      0.1111111119389534,
      0.0625,
      0.1111111119389534,
      0.1111111119389534,
      0.0625,
      0.03999999910593033,
      0.0625,
      0.1111111119389534,
      0.25
    ],
    [
      0.25,
      1,
      1,
      1,
      0.25,
      0.25,
      1,
      0.25,
      0.25,
      0.1111111119389534,
      0.1111111119389534,
      0.0625,
      0.03999999910593033,
      0.0625,
      0.1111111119389534,
      0.1111111119389534,
      0.0625,
      0.1111111119389534,
      0.1111111119389534,
      0.25
    ],
    [
      0.25,
      0.25,
      1,
      1,
      1,
      0.25,
      0.25,
      0.1111111119389534,
      0.1111111119389534,
      0.0625,
      0.1111111119389534,
      0.1111111119389534,
      0.0625,
      0.03999999910593033,
      0.0625,
      0.1111111119389534,
      0.1111111119389534,
      0.25,
      0.25,
      1
    ],
    [
      0.1111111119389534,
      0.1111111119389534,
      0.25,
      1,
      1,
      1,
      0.25,
      0.1111111119389534,
      0.0625,
      0.03999999910593033,
      0.0625,
      0.1111111119389534,
      0.1111111119389534,
      0.0625,
      0.1111111119389534,
      0.25,
      0.25,
      1,
      0.25,
      0.25
    ],
    [
      0.0625,
      0.1111111119389534,
      0.25,
      0.25,
      1,
      1,
      1,
      0.25,
      0.1111111119389534,
      0.0625,
      0.03999999910593033,
      0.0625,
      0.1111111119389534,
      0.1111111119389534,
      0.25,
      1,
      0.25,
      0.25,
      0.1111111119389534,
      0.1111111119389534
    ],
    [
      0.1111111119389534,
      0.25,
      1,
      0.25,
      0.25,
      1,
      1,
      1,
      0.25,
      0.1111111119389534,
      0.0625,
      0.03999999910593033,
      0.0625,
      0.1111111119389534,
      0.25,
      0.25,
      0.1111111119389534,
      0.1111111119389534,
      0.0625,
      0.1111111119389534
    ],
    [
      0.1111111119389534,
      0.25,
      0.25,
      0.1111111119389534,
      0.1111111119389534,
      0.25,
      1,
      1,
      1,
      0.25,
      0.1111111119389534,
      0.0625,
      0.1111111119389534,
      0.25,
      1,
      0.25,
      0.1111111119389534,
      0.0625,
      0.03999999910593033,
      0.0625
    ],
    [
      0.25,
      1,
      0.25,
      0.1111111119389534,
      0.0625,
      0.1111111119389534,
      0.25,
      1,
      1,
      1,
      0.25,
      0.1111111119389534,
      0.1111111119389534,
      0.25,
      0.25,
      0.1111111119389534,
      0.0625,
      0.03999999910593033,
      0.0625,
      0.1111111119389534
    ],
    [
      0.25,
      0.25,
      0.1111111119389534,
      0.0625,
      0.03999999910593033,
      0.0625,
      0.1111111119389534,
      0.25,
      1,
      1,
      1,
      0.25,
      0.25,
      1,
      0.25,
      0.1111111119389534,
      0.1111111119389534,
      0.0625,
      0.1111111119389534,
      0.1111111119389534
    ],
    [
      1,
      0.25,
      0.1111111119389534,
      0.1111111119389534,
      0.0625,
      0.03999999910593033,
      0.0625,
      0.1111111119389534,
      0.25,
      1,
      1,
      1,
      0.25,
      0.25,
      0.1111111119389534,
      0.0625,
      0.1111111119389534,
      0.1111111119389534,
      0.25,
      0.25
    ],
    [
      0.25,
      0.1111111119389534,
      0.0625,
      0.1111111119389534,
      0.1111111119389534,
      0.0625,
      0.03999999910593033,
      0.0625,
      0.1111111119389534,
      0.25,
      1,
      1,
      1,
      0.25,
      0.1111111119389534,
      0.1111111119389534,
      0.25,
      0.25,
      1,
      0.25
    ],
    [
      0.1111111119389534,
      0.0625,
      0.03999999910593033,
      0.0625,
      0.1111111119389534,
      0.1111111119389534,
      0.0625,
      0.1111111119389534,
      0.1111111119389534,
      0.25,
      0.25,
      1,
      1,
      1,
      0.25,
      0.25,
      1,
      0.25,
      0.25,
      0.1111111119389534
    ],
    [
      0.1111111119389534,
      0.1111111119389534,
      0.0625,
      0.03999999910593033,
      0.0625,
      0.1111111119389534,
      0.1111111119389534,
      0.25,
      0.25,
      1,
      0.25,
      0.25,
      1,
      1,
      1,
      0.25,
      0.25,
      0.1111111119389534,
      0.1111111119389534,
      0.0625
    ],
    [
      0.0625,
      0.1111111119389534,
      0.1111111119389534,
      0.0625,
      0.1111111119389534,
      0.25,
      0.25,
      1,
      0.25,
      0.25,
      0.1111111119389534,
      0.1111111119389534,
      0.25,
      1,
      1,
      1,
      0.25,
      0.1111111119389534,
      0.0625,
      0.03999999910593033
    ],
    [
      0.03999999910593033,
      0.0625,
      0.1111111119389534,
      0.1111111119389534,
      0.25,
      1,
      0.25,
      0.25,
      0.1111111119389534,
      0.1111111119389534,
      0.0625,
      0.1111111119389534,
      0.25,
      0.25,
      1,
      1,
      1,
      0.25,
      0.1111111119389534,
      0.0625
    ],
    [
      0.0625,
      0.03999999910593033,
      0.0625,
      0.1111111119389534,
      0.25,
      0.25,
      0.1111111119389534,
      0.1111111119389534,
      0.0625,
      0.1111111119389534,
      0.1111111119389534,
      0.25,
      1,
      0.25,
      0.25,
      1,
      1,
      1,
      0.25,
      0.1111111119389534
    ],
    [
      0.1111111119389534,
      0.0625,
      0.1111111119389534,
      0.25,
      1,
      0.25,
      0.1111111119389534,
      0.0625,
      0.03999999910593033,
      0.0625,
      0.1111111119389534,
      0.25,
      0.25,
      0.1111111119389534,
      0.1111111119389534,
      0.25,
      1,
      1,
      1,
      0.25
    ],
    [
      0.25,
      0.1111111119389534,
      0.1111111119389534,
      0.25,
      0.25,
      0.1111111119389534,
      0.0625,
      0.03999999910593033,
      0.0625,
      0.1111111119389534,
      0.25,
      1,
      0.25,
      0.1111111119389534,
      0.0625,
      0.1111111119389534,
      0.25,
      1,
      1,
      1
    ],
    [
      1,
      0.25,
      0.25,
      1,
      0.25,
      0.1111111119389534,
      0.1111111119389534,
      0.0625,
      0.1111111119389534,
      0.1111111119389534,
      0.25,
      0.25,
      0.1111111119389534,
      0.0625,
      0.03999999910593033,
      0.0625,
      0.1111111119389534,
      0.25,
      1,
      1
    ]
  ]
}