{
  "nodes": [
    {
      "index": 0,
      "id": 0,
      "x": 0.0021119466982781887,
      "y": -0.001503670820966363
    },
    {
      "index": 1,
      "id": 1,
      "x": -0.6852101683616638,
      "y": -0.9581938982009888
    },
    {
      "index": 2,
      "id": 2,
      "x": 0.6872988939285278,
      "y": 0.9567168951034546
    },
    {
      "index": 3,
      "id": 3,
      "x": -0.28053727746009827,
      "y": -2.0783371925354004
    },
    {
      "index": 4,
      "id": 4,
      "x": -1.876049280166626,
      "y": -0.9319512248039246
    },
    {
      "index": 5,
      "id": 5,
      "x": 1.8780696392059326,
      "y": 0.9332953095436096
    },
    {
      "index": 6,
      "id": 6,
      "x": 0.27992546558380127,
      "y": 2.0760176181793213
    },
    {
      "index": 7,
      "id": 7,
      "x": -0.7205278277397156,
      "y": -3.107616424560547
    },
    {
      "index": 8,
      "id": 8,
      "x": 0.5747068524360657,
      "y": -2.7943546772003174
    },
    {
      "index": 9,
      "id": 9,
      "x": -2.7126681804656982,
      "y": -1.6755290031433105
    },
    {
      "index": 10,
      "id": 10,
      "x": -2.826986312866211,
      "y": -0.34884196519851685
    },
    {
      "index": 11,
      "id": 11,
      "x": 2.71148943901062,
      "y": 1.6805649995803833
    },
    {
      "index": 12,
      "id": 12,
      "x": 2.8308446407318115,
      "y": 0.35334816575050354
    },
    {
      "index": 13,
      "id": 13,
      "x": -0.5777261257171631,
      "y": 2.789275646209717
    },
    {
      "index": 14,
      "id": 14,
      "x": 0.7153906226158142,
      "y": 3.1071407794952393
    }
  ],
  "edges": [
    {
      "source": 0,
      "target": 1
    },
    {
      "source": 0,
      "target": 2
    },
    {
      "source": 1,
      "target": 3
    },
    {
      "source": 1,
      "target": 4
    },
    {
      "source": 2,
      "target": 5
    },
    {
      "source": 2,
      "target": 6
    },
    {
      "source": 3,
      "target": 8
    },
    {
      "source": 3,
      "target": 7
    },
    {
      "source": 4,
      "target": 10
    },
    {
      "source": 4,
      "target": 9
    },
    {
      "source": 5,
      "target": 11
    },
    {
      "source": 5,
      "target": 12
    },
    {
      "source": 6,
      "target": 13
    },
    {
      "source": 6,
      "target": 14
    }
  ],
  "coef": {
    "stress": 1,
    "crossing_angle": 0,
    "neighbor": 0,
    "edge_uniformity": 0,
    "crossing_number": 0,
    "angular_resolution": 0,
    "vertex_resolution": 0,
    "gabriel": 0,
    "aspect_ratio": 0
  },
  "optimizer": {
    "lr": 0.37940326170723293,
    "momentum": 0.5
  },
  "graphDistance": [
    [
      0,
      1,
      1,
      2,
      2,
      2,
      2,
      3,
      3,
      3,
      3,
      3,
      3,
      3,
      3
    ],
    [
      1,
      0,
      2,
      1,
      1,
      3,
      3,
      2,
      2,
      2,
      2,
      4,
      4,
      4,
      4
    ],
    [
      1,
      2,
      0,
      3,
      3,
      1,
      1,
      4,
      4,
      4,
      4,
      2,
      2,
      2,
      2
    ],
    [
      2,
      1,
      3,
      0,
      2,
      4,
      4,
      1,
      1,
      3,
      3,
      5,
      5,
      5,
      5
    ],
    [
      2,
      1,
      3,
      2,
      0,
      4,
      4,
      3,
      3,
      1,
      1,
      5,
      5,
      5,
      5
    ],
    [
      2,
      3,
      1,
      4,
      4,
      0,
      2,
      5,
      5,
      5,
      5,
      1,
      1,
      3,
      3
    ],
    [
      2,
      3,
      1,
      4,
      4,
      2,
      0,
      5,
      5,
      5,
      5,
      3,
      3,
      1,
      1
    ],
    [
      3,
      2,
      4,
      1,
      3,
      5,
      5,
      0,
      2,
      4,
      4,
      6,
      6,
      6,
      6
    ],
    [
      3,
      2,
      4,
      1,
      3,
      5,
      5,
      2,
      0,
      4,
      4,
      6,
      6,
      6,
      6
    ],
    [
      3,
      2,
      4,
      3,
      1,
      5,
      5,
      4,
      4,
      0,
      2,
      6,
      6,
      6,
      6
    ],
    [
      3,
      2,
      4,
      3,
      1,
      5,
      5,
      4,
      4,
      2,
      0,
      6,
      6,
      6,
      6
    ],
    [
      3,
      4,
      2,
      5,
      5,
      1,
      3,
      6,
      6,
      6,
      6,
      0,
      2,
      4,
      4
    ],
    [
      3,
      4,
      2,
      5,
      5,
      1,
      3,
      6,
      6,
      6,
      6,
      2,
      0,
      4,
      4
    ],
    [
      3,
      4,
      2,
      5,
      5,
      3,
      1,
      6,
      6,
      6,
      6,
      4,
      4,
      0,
      2
    ],
    [
      3,
      4,
      2,
      5,
      5,
      3,
      1,
      6,
      6,
      6,
      6,
      4,
      4,
      2,
      0
    ]
  ],
  "weight": [
    [
      1,
      1,
      1,
      0.25,
      0.25,
      0.25,
      0.25,
      0.1111111119389534,
      0.1111111119389534,
      0.1111111119389534,
      0.1111111119389534,
      0.1111111119389534,
      0.1111111119389534,
      0.1111111119389534,
      0.1111111119389534
    ],
    [
      1,
      1,
      0.25,
      1,
      1,
      0.1111111119389534,
      0.1111111119389534,
      0.25,
      0.25,
      0.25,
      0.25,
      0.0625,
      0.0625,
      0.0625,
      0.0625
    ],
    [
      1,
      0.25,
      1,
      0.1111111119389534,
      0.1111111119389534,
      1,
      1,
      0.0625,
      0.0625,
      0.0625,
      0.0625,
      0.25,
      0.25,
      0.25,
      0.25
    ],
    [
      0.25,
      1,
      0.1111111119389534,
      1,
      0.25,
      0.0625,
      0.0625,
      1,
      1,
      0.1111111119389534,
      0.1111111119389534,
      0.03999999910593033,
      0.03999999910593033,
      0.03999999910593033,
      0.03999999910593033
    ],
    [
      0.25,
      1,
      0.1111111119389534,
      0.25,
      1,
      0.0625,
      0.0625,
      0.1111111119389534,
      0.1111111119389534,
      1,
      1,
      0.03999999910593033,
      0.03999999910593033,
      0.03999999910593033,
      0.03999999910593033
    ],
    [
      0.25,
      0.1111111119389534,
      1,
      0.0625,
      0.0625,
      1,
      0.25,
      0.03999999910593033,
      0.03999999910593033,
      0.03999999910593033,
      0.03999999910593033,
      1,
      1,
      0.1111111119389534,
      0.1111111119389534
    ],
    [
      0.25,
      0.1111111119389534,
      1,
      0.0625,
      0.0625,
      0.25,
      1,
      0.03999999910593033,
      0.03999999910593033,
      0.03999999910593033,
      0.03999999910593033,
      0.1111111119389534,
      0.1111111119389534,
      1,
      1
    ],
    [
      0.1111111119389534,
      0.25,
      0.0625,
      1,
      0.1111111119389534,
      0.03999999910593033,
      0.03999999910593033,
      1,
      0.25,
      0.0625,
      0.0625,
      0.02777777798473835,
      0.02777777798473835,
      0.02777777798473835,
      0.02777777798473835
    ],
    [
      0.1111111119389534,
      0.25,
      0.0625,
      1,
      0.1111111119389534,
      0.03999999910593033,
      0.03999999910593033,
      0.25,
      1,
      0.0625,
      0.0625,
      0.02777777798473835,
      0.02777777798473835,
      0.02777777798473835,
      0.02777777798473835
    ],
    [
      0.1111111119389534,
      0.25,
      0.0625,
      0.1111111119389534,
      1,
      0.03999999910593033,
      0.03999999910593033,
      0.0625,
      0.0625,
      1,
      0.25,
      0.02777777798473835,
      0.02777777798473835,
      0.02777777798473835,
      0.02777777798473835
    ],
    [
      0.1111111119389534,
      0.25,
      0.0625,
      0.1111111119389534,
      1,
      0.03999999910593033,
      0.03999999910593033,
      0.0625,
      0.0625,
      0.25,
      1,
      0.02777777798473835,
      0.02777777798473835,
      0.02777777798473835,
      0.02777777798473835
    ],
    [
      0.1111111119389534,
      0.0625,
      0.25,
      0.03999999910593033,
      0.03999999910593033,
      1,
      0.1111111119389534,
      0.02777777798473835,
      0.02777777798473835,
      0.02777777798473835,
      0.02777777798473835,
      1,
      0.25,
      0.0625,
      0.0625
    ],
    [
      0.1111111119389534,
      0.0625,
      0.25,
      0.03999999910593033,
      0.03999999910593033,
      1,
      0.1111111119389534,
      0.02777777798473835,
      0.02777777798473835,
      0.02777777798473835,
      0.02777777798473835,
      0.25,
      1,
      0.0625,
      0.0625
    ],
    [
      0.1111111119389534,
      0.0625,
      0.25,
      0.03999999910593033,
      0.03999999910593033,
      0.1111111119389534,
      1,
      0.02777777798473835,
      0.02777777798473835,
      0.02777777798473835,
      0.02777777798473835,
      0.0625,
      0.0625,
      1,
      0.25
    ],
    [
      0.1111111119389534,
      0.0625,
      0.25,
      0.03999999910593033,
      0.03999999910593033,
      0.1111111119389534,
      1,
      0.02777777798473835,
      0.02777777798473835,
      0.02777777798473835,
      0.02777777798473835,
      0.0625,
      0.0625,
      0.25,
      1
    ]
  ]
}