{
  "nodes": [
    {
      "index": 0,
      "id": 0,
      "x": -0.48503348231315613,
      "y": 0.6837987899780273
    },
    {
      "index": 1,
      "id": 1,
      "x": 0.4497649371623993,
      "y": 0.7126939296722412
    },
    {
      "index": 2,
      "id": 2,
      "x": 0.7860002517700195,
      "y": -0.3408322334289551
    },
    {
      "index": 3,
      "id": 3,
      "x": -0.47828805446624756,
      "y": -0.12008541822433472
    },
    {
      "index": 4,
      "id": 4,
      "x": -0.12153599411249161,
      "y": -0.8154019713401794
    },
    {
      "index": 5,
      "id": 5,
      "x": -0.7771740555763245,
      "y": -0.19426347315311432
    },
    {
      "index": 6,
      "id": 6,
      "x": -0.28290414810180664,
      "y": 0.7874984741210938
    },
    {
      "index": 7,
      "id": 7,
      "x": 0.019208701327443123,
      "y": 0.12410996854305267
    },
    {
      "index": 8,
      "id": 8,
      "x": 0.07744794338941574,
      "y": -0.8363023996353149
    },
    {
      "index": 9,
      "id": 9,
      "x": 0.8125128149986267,
      "y": -0.0012160571059212089
    }
  ],
  "edges": [
    {
      "source": 0,
      "target": 8
    },
    {
      "source": 0,
      "target": 9
    },
    {
      "source": 0,
      "target": 5
    },
    {
      "source": 0,
      "target": 6
    },
    {
      "source": 0,
      "target": 7
    },
    {
      "source": 1,
      "target": 8
    },
    {
      "source": 1,
      "target": 9
    },
    {
      "source": 1,
      "target": 5
    },
    {
      "source": 1,
      "target": 6
    },
    {
      "source": 1,
      "target": 7
    },
    {
      "source": 2,
      "target": 8
    },
    {
      "source": 2,
      "target": 9
    },
    {
      "source": 2,
      "target": 5
    },
    {
      "source": 2,
      "target": 6
    },
    {
      "source": 2,
      "target": 7
    },
    {
      "source": 3,
      "target": 8
    },
    {
      "source": 3,
      "target": 9
    },
    {
      "source": 3,
      "target": 5
    },
    {
      "source": 3,
      "target": 6
    },
    {
      "source": 3,
      "target": 7
    },
    {
      "source": 4,
      "target": 8
    },
    {
      "source": 4,
      "target": 9
    },
    {
      "source": 4,
      "target": 5
    },
    {
      "source": 4,
      "target": 6
    },
    {
      "source": 4,
      "target": 7
    }
  ],
  "coef": {
    "stress": 0.02,
    "crossing_angle": 0,
    "neighbor": 0,
    "edge_uniformity": 0,
    "crossing_number": 0,
    "angular_resolution": 0.1,
    "vertex_resolution": 0,
    "gabriel": 0,
    "aspect_ratio": 0
  },
  "optimizer": {
    "lr": 0.35741503493120363,
    "momentum": 0.5
  },
  "graphDistance": [
    [
      0,
      2,
      2,
      2,
      2,
      1,
      1,
      1,
      1,
      1
    ],
    [
      2,
      0,
      2,
      2,
      2,
      1,
      1,
      1,
      1,
      1
    ],
    [
      2,
      2,
      0,
      2,
      2,
      1,
      1,
      1,
      1,
      1
    ],
    [
      2,
      2,
      2,
      0,
      2,
      1,
      1,
      1,
      1,
      1
    ],
    [
      2,
      2,
      2,
      2,
      0,
      1,
      1,
      1,
      1,
      1
    ],
    [
      1,
      1,
      1,
      1,
      1,
      0,
      2,
      2,
      2,
      2
    ],
    [
      1,
      1,
      1,
      1,
      1,
      2,
      0,
      2,
      2,
      2
    ],
    [
      1,
      1,
      1,
      1,
      1,
      2,
      2,
      0,
      2,
      2
    ],
    [
      1,
      1,
      1,
      1,
      1,
      2,
      2,
      2,
      0,
      2
    ],
    [
      1,
      1,
      1,
      1,
      1,
      2,
      2,
      2,
      2,
      0
    ]
  ],
  "weight": [
    [
      1,
      0.25,
      0.25,
      0.25,
      0.25,
      1,
      1,
      1,
      1,
      1
    ],
    [
      0.25,
      1,
      0.25,
      0.25,
      0.25,
      1,
      1,
      1,
      1,
      1
    ],
    [
      0.25,
      0.25,
      1,
      0.25,
      0.25,
      1,
      1,
      1,
      1,
      1
    ],
    [
      0.25,
      0.25,
      0.25,
      1,
      0.25,
      1,
      1,
      1,
      1,
      1
    ],
    [
      0.25,
      0.25,
      0.25,
      0.25,
      1,
      1,
      1,
      1,
      1,
      1
    ],
    [
      1,
      1,
      1,
      1,
      1,
      1,
      0.25,
      0.25,
      0.25,
      0.25
    ],
    [
      1,
      1,
      1,
      1,
      1,
      0.25,
      1,
      0.25,
      0.25,
      0.25
    ],
    [
      1,
      1,
      1,
      1,
      1,
      0.25,
      0.25,
      1,
      0.25,
      0.25
    ],
    [
      1,
      1,
      1,
      1,
      1,
      0.25,
      0.25,
      0.25,
      1,
      0.25
    ],
    [
      1,
      1,
      1,
      1,
      1,
      0.25,
      0.25,
      0.25,
      0.25,
      1
    ]
  ]
}