{
  "nodes": [
    {
      "index": 0,
      "id": "(0, 0, 0)",
      "x": 1.1443486213684082,
      "y": -0.19013218581676483
    },
    {
      "index": 1,
      "id": "(0, 0, 1)",
      "x": 0.8201241493225098,
      "y": 0.8196574449539185
    },
    {
      "index": 2,
      "id": "(0, 1, 0)",
      "x": 0.3450172543525696,
      "y": -1.071300983428955
    },
    {
      "index": 3,
      "id": "(0, 1, 1)",
      "x": 0.022617414593696594,
      "y": -0.06696794927120209
    },
    {
      "index": 4,
      "id": "(1, 0, 0)",
      "x": -0.02261793054640293,
      "y": 0.06696759164333344
    },
    {
      "index": 5,
      "id": "(1, 0, 1)",
      "x": -0.345016747713089,
      "y": 1.0713011026382446
    },
    {
      "index": 6,
      "id": "(1, 1, 0)",
      "x": -0.8201246857643127,
      "y": -0.8196582794189453
    },
    {
      "index": 7,
      "id": "(1, 1, 1)",
      "x": -1.1443488597869873,
      "y": 0.19013194739818573
    }
  ],
  "edges": [
    {
      "source": "(0, 0, 0)",
      "target": "(0, 1, 0)"
    },
    {
      "source": "(0, 0, 0)",
      "target": "(1, 0, 0)"
    },
    {
      "source": "(0, 0, 0)",
      "target": "(0, 0, 1)"
    },
    {
      "source": "(0, 0, 1)",
      "target": "(1, 0, 1)"
    },
    {
      "source": "(0, 0, 1)",
      "target": "(0, 1, 1)"
    },
    {
      "source": "(0, 1, 0)",
      "target": "(1, 1, 0)"
    },
    {
      "source": "(0, 1, 0)",
      "target": "(0, 1, 1)"
    },
    {
      "source": "(0, 1, 1)",
      "target": "(1, 1, 1)"
    },
    {
      "source": "(1, 0, 0)",
      "target": "(1, 1, 0)"
    },
    {
      "source": "(1, 0, 0)",
      "target": "(1, 0, 1)"
    },
    {
      "source": "(1, 0, 1)",
      "target": "(1, 1, 1)"
    },
    {
      "source": "(1, 1, 0)",
      "target": "(1, 1, 1)"
    }
  ],
  "coef": {
    "stress": 0.06,
    "crossing_angle": 0,
    "neighbor": 0,
    "edge_uniformity": 0,
    "crossing_number": 0,
    "angular_resolution": 1,
    "vertex_resolution": 0,
    "gabriel": 0,
    "aspect_ratio": 0
  },
  "optimizer": {
    "lr": 0.2370454679086315,
    "momentum": 0.5
  },
  "graphDistance": [
    [
      0,
      1,
      1,
      2,
      1,
      2,
      2,
      3
    ],
    [
      1,
      0,
      2,
      1,
      2,
      1,
      3,
      2
    ],
    [
      1,
      2,
      0,
      1,
      2,
      3,
      1,
      2
    ],
    [
      2,
      1,
      1,
      0,
      3,
      2,
      2,
      1
    ],
    [
      1,
      2,
      2,
      3,
      0,
      1,
      1,
      2
    ],
    [
      2,
      1,
      3,
      2,
      1,
      0,
      2,
      1
    ],
    [
      2,
      3,
      1,
      2,
      1,
      2,
      0,
      1
    ],
    [
      3,
      2,
      2,
      1,
      2,
      1,
      1,
      0
    ]
  ],
  "weight": [
    [
      1,
      1,
      1,
      0.25,
      1,
      0.25,
      0.25,
      0.1111111119389534
    ],
    [
      1,
      1,
      0.25,
      1,
      0.25,
      1,
      0.1111111119389534,
      0.25
    ],
    [
      1,
      0.25,
      1,
      1,
      0.25,
      0.1111111119389534,
      1,
      0.25
    ],
    [
      0.25,
      1,
      1,
      1,
      0.1111111119389534,
      0.25,
      0.25,
      1
    ],
    [
      1,
      0.25,
      0.25,
      0.1111111119389534,
      1,
      1,
      1,
      0.25
    ],
    [
      0.25,
      1,
      0.1111111119389534,
      0.25,
      1,
      1,
      0.25,
      1
    ],
    [
      0.25,
      0.1111111119389534,
      1,
      0.25,
      1,
      0.25,
      1,
      1
    ],
    [
      0.1111111119389534,
      0.25,
      0.25,
      1,
      0.25,
      1,
      1,
      1
    ]
  ]
}