{
  "nodes": [
    {
      "index": 0,
      "id": 0,
      "x": 0.5886602401733398,
      "y": 0.4553188383579254
    },
    {
      "index": 1,
      "id": 1,
      "x": 0.022059643641114235,
      "y": -0.06512148678302765
    },
    {
      "index": 2,
      "id": 2,
      "x": 0.16840699315071106,
      "y": -0.7340462803840637
    },
    {
      "index": 3,
      "id": 3,
      "x": 1.5731278657913208,
      "y": -1.4287172555923462
    },
    {
      "index": 4,
      "id": 4,
      "x": 1.2903348207473755,
      "y": -1.6851593255996704
    },
    {
      "index": 5,
      "id": 5,
      "x": -0.4749668836593628,
      "y": -2.0724711418151855
    },
    {
      "index": 6,
      "id": 6,
      "x": -0.8268792629241943,
      "y": -1.9615304470062256
    },
    {
      "index": 7,
      "id": 7,
      "x": -1.996246337890625,
      "y": -0.6706571578979492
    },
    {
      "index": 8,
      "id": 8,
      "x": -0.7199227809906006,
      "y": 0.17339351773262024
    },
    {
      "index": 9,
      "id": 9,
      "x": -1.2934110164642334,
      "y": 1.6949915885925293
    },
    {
      "index": 10,
      "id": 10,
      "x": 0.4717746078968048,
      "y": 2.0824315547943115
    },
    {
      "index": 11,
      "id": 11,
      "x": 0.8238438367843628,
      "y": 1.9714608192443848
    },
    {
      "index": 12,
      "id": 12,
      "x": -0.17135240137577057,
      "y": 0.7439380288124084
    },
    {
      "index": 13,
      "id": 13,
      "x": -1.5761841535568237,
      "y": 1.4385261535644531
    },
    {
      "index": 14,
      "id": 14,
      "x": -2.096269369125366,
      "y": -0.21502120792865753
    },
    {
      "index": 15,
      "id": 15,
      "x": -0.5917753577232361,
      "y": -0.4454679489135742
    },
    {
      "index": 16,
      "id": 16,
      "x": -0.02500464767217636,
      "y": 0.07513079792261124
    },
    {
      "index": 17,
      "id": 17,
      "x": 0.7169291377067566,
      "y": -0.16338831186294556
    },
    {
      "index": 18,
      "id": 18,
      "x": 1.9932446479797363,
      "y": 0.6805875301361084
    },
    {
      "index": 19,
      "id": 19,
      "x": 2.0932834148406982,
      "y": 0.2248283326625824
    }
  ],
  "edges": [
    {
      "source": 0,
      "target": 1
    },
    {
      "source": 0,
      "target": 10
    },
    {
      "source": 0,
      "target": 19
    },
    {
      "source": 1,
      "target": 8
    },
    {
      "source": 1,
      "target": 2
    },
    {
      "source": 2,
      "target": 3
    },
    {
      "source": 2,
      "target": 6
    },
    {
      "source": 3,
      "target": 19
    },
    {
      "source": 3,
      "target": 4
    },
    {
      "source": 4,
      "target": 17
    },
    {
      "source": 4,
      "target": 5
    },
    {
      "source": 5,
      "target": 6
    },
    {
      "source": 5,
      "target": 15
    },
    {
      "source": 6,
      "target": 7
    },
    {
      "source": 7,
      "target": 8
    },
    {
      "source": 7,
      "target": 14
    },
    {
      "source": 8,
      "target": 9
    },
    {
      "source": 9,
      "target": 10
    },
    {
      "source": 9,
      "target": 13
    },
    {
      "source": 10,
      "target": 11
    },
    {
      "source": 11,
      "target": 12
    },
    {
      "source": 11,
      "target": 18
    },
    {
      "source": 12,
      "target": 16
    },
    {
      "source": 12,
      "target": 13
    },
    {
      "source": 13,
      "target": 14
    },
    {
      "source": 14,
      "target": 15
    },
    {
      "source": 15,
      "target": 16
    },
    {
      "source": 16,
      "target": 17
    },
    {
      "source": 17,
      "target": 18
    },
    {
      "source": 18,
      "target": 19
    }
  ],
  "coef": {
    "stress": 0,
    "crossing_angle": 0,
    "neighbor": 0,
    "edge_uniformity": 0,
    "crossing_number": 0,
    "angular_resolution": 0.24,
    "vertex_resolution": 0,
    "gabriel": 0,
    "aspect_ratio": 0
  },
  "optimizer": {
    "lr": 0.32679880021969915,
    "momentum": 0.5
  },
  "graphDistance": [
    [
      0,
      1,
      2,
      2,
      3,
      4,
      3,
      3,
      2,
      2,
      1,
      2,
      3,
      3,
      4,
      5,
      4,
      3,
      2,
      1
    ],
    [
      1,
      0,
      1,
      2,
      3,
      3,
      2,
      2,
      1,
      2,
      2,
      3,
      4,
      3,
      3,
      4,
      5,
      4,
      3,
      2
    ],
    [
      2,
      1,
      0,
      1,
      2,
      2,
      1,
      2,
      2,
      3,
      3,
      4,
      5,
      4,
      3,
      3,
      4,
      3,
      3,
      2
    ],
    [
      2,
      2,
      1,
      0,
      1,
      2,
      2,
      3,
      3,
      4,
      3,
      3,
      4,
      5,
      4,
      3,
      3,
      2,
      2,
      1
    ],
    [
      3,
      3,
      2,
      1,
      0,
      1,
      2,
      3,
      4,
      5,
      4,
      3,
      3,
      4,
      3,
      2,
      2,
      1,
      2,
      2
    ],
    [
      4,
      3,
      2,
      2,
      1,
      0,
      1,
      2,
      3,
      4,
      5,
      4,
      3,
      3,
      2,
      1,
      2,
      2,
      3,
      3
    ],
    [
      3,
      2,
      1,
      2,
      2,
      1,
      0,
      1,
      2,
      3,
      4,
      5,
      4,
      3,
      2,
      2,
      3,
      3,
      4,
      3
    ],
    [
      3,
      2,
      2,
      3,
      3,
      2,
      1,
      0,
      1,
      2,
      3,
      4,
      3,
      2,
      1,
      2,
      3,
      4,
      5,
      4
    ],
    [
      2,
      1,
      2,
      3,
      4,
      3,
      2,
      1,
      0,
      1,
      2,
      3,
      3,
      2,
      2,
      3,
      4,
      5,
      4,
      3
    ],
    [
      2,
      2,
      3,
      4,
      5,
      4,
      3,
      2,
      1,
      0,
      1,
      2,
      2,
      1,
      2,
      3,
      3,
      4,
      3,
      3
    ],
    [
      1,
      2,
      3,
      3,
      4,
      5,
      4,
      3,
      2,
      1,
      0,
      1,
      2,
      2,
      3,
      4,
      3,
      3,
      2,
      2
    ],
    [
      2,
      3,
      4,
      3,
      3,
      4,
      5,
      4,
      3,
      2,
      1,
      0,
      1,
      2,
      3,
      3,
      2,
      2,
      1,
      2
    ],
    [
      3,
      4,
      5,
      4,
      3,
      3,
      4,
      3,
      3,
      2,
      2,
      1,
      0,
      1,
      2,
      2,
      1,
      2,
      2,
      3
    ],
    [
      3,
      3,
      4,
      5,
      4,
      3,
      3,
      2,
      2,
      1,
      2,
      2,
      1,
      0,
      1,
      2,
      2,
      3,
      3,
      4
    ],
    [
      4,
      3,
      3,
      4,
      3,
      2,
      2,
      1,
      2,
      2,
      3,
      3,
      2,
      1,
      0,
      1,
      2,
      3,
      4,
      5
    ],
    [
      5,
      4,
      3,
      3,
      2,
      1,
      2,
      2,
      3,
      3,
      4,
      3,
      2,
      2,
      1,
      0,
      1,
      2,
      3,
      4
    ],
    [
      4,
      5,
      4,
      3,
      2,
      2,
      3,
      3,
      4,
      3,
      3,
      2,
      1,
      2,
      2,
      1,
      0,
      1,
      2,
      3
    ],
    [
      3,
      4,
      3,
      2,
      1,
      2,
      3,
      4,
      5,
      4,
      3,
      2,
      2,
      3,
      3,
      2,
      1,
      0,
      1,
      2
    ],
    [
      2,
      3,
      3,
      2,
      2,
      3,
      4,
      5,
      4,
      3,
      2,
      1,
      2,
      3,
      4,
      3,
      2,
      1,
      0,
      1
    ],
    [
      1,
      2,
      2,
      1,
      2,
      3,
      3,
      4,
      3,
      3,
      2,
      2,
      3,
      4,
      5,
      4,
      3,
      2,
      1,
      0
    ]
  ],
  "weight": [
    [
      1,
      1,
      0.25,
      0.25,
      0.1111111119389534,
      0.0625,
      0.1111111119389534,
      0.1111111119389534,
      0.25,
      0.25,
      1,
      0.25,
      0.1111111119389534,
      0.1111111119389534,
      0.0625,
      0.03999999910593033,
      0.0625,
      0.1111111119389534,
      0.25,
      1
    ],
    [
      1,
      1,
      1,
      0.25,
      0.1111111119389534,
      0.1111111119389534,
      0.25,
      0.25,
      1,
      0.25,
      0.25,
      0.1111111119389534,
      0.0625,
      0.1111111119389534,
      0.1111111119389534,
      0.0625,
      0.03999999910593033,
      0.0625,
      0.1111111119389534,
      0.25
    ],
    [
      0.25,
      1,
      1,
      1,
      0.25,
      0.25,
      1,
      0.25,
      0.25,
      0.1111111119389534,
      0.1111111119389534,
      0.0625,
      0.03999999910593033,
      0.0625,
      0.1111111119389534,
      0.1111111119389534,
      0.0625,
      0.1111111119389534,
      0.1111111119389534,
      0.25
    ],
    [
      0.25,
      0.25,
      1,
      1,
      1,
      0.25,
      0.25,
      0.1111111119389534,
      0.1111111119389534,
      0.0625,
      0.1111111119389534,
      0.1111111119389534,
      0.0625,
      0.03999999910593033,
      0.0625,
      0.1111111119389534,
      0.1111111119389534,
      0.25,
      0.25,
      1
    ],
    [
      0.1111111119389534,
      0.1111111119389534,
      0.25,
      1,
      1,
      1,
      0.25,
      0.1111111119389534,
      0.0625,
      0.03999999910593033,
      0.0625,
      0.1111111119389534,
      0.1111111119389534,
      0.0625,
      0.1111111119389534,
      0.25,
      0.25,
      1,
      0.25,
      0.25
    ],
    [
      0.0625,
      0.1111111119389534,
      0.25,
      0.25,
      1,
      1,
      1,
      0.25,
      0.1111111119389534,
      0.0625,
      0.03999999910593033,
      0.0625,
      0.1111111119389534,
      0.1111111119389534,
      0.25,
      1,
      0.25,
      0.25,
      0.1111111119389534,
      0.1111111119389534
    ],
    [
      0.1111111119389534,
      0.25,
      1,
      0.25,
      0.25,
      1,
      1,
      1,
      0.25,
      0.1111111119389534,
      0.0625,
      0.03999999910593033,
      0.0625,
      0.1111111119389534,
      0.25,
      0.25,
      0.1111111119389534,
      0.1111111119389534,
      0.0625,
      0.1111111119389534
    ],
    [
      0.1111111119389534,
      0.25,
      0.25,
      0.1111111119389534,
      0.1111111119389534,
      0.25,
      1,
      1,
      1,
      0.25,
      0.1111111119389534,
      0.0625,
      0.1111111119389534,
      0.25,
      1,
      0.25,
      0.1111111119389534,
      0.0625,
      0.03999999910593033,
      0.0625
    ],
    [
      0.25,
      1,
      0.25,
      0.1111111119389534,
      0.0625,
      0.1111111119389534,
      0.25,
      1,
      1,
      1,
      0.25,
      0.1111111119389534,
      0.1111111119389534,
      0.25,
      0.25,
      0.1111111119389534,
      0.0625,
      0.03999999910593033,
      0.0625,
      0.1111111119389534
    ],
    [
      0.25,
      0.25,
      0.1111111119389534,
      0.0625,
      0.03999999910593033,
      0.0625,
      0.1111111119389534,
      0.25,
      1,
      1,
      1,
      0.25,
      0.25,
      1,
      0.25,
      0.1111111119389534,
      0.1111111119389534,
      0.0625,
      0.1111111119389534,
      0.1111111119389534
    ],
    [
      1,
      0.25,
      0.1111111119389534,
      0.1111111119389534,
      0.0625,
      0.03999999910593033,
      0.0625,
      0.1111111119389534,
      0.25,
      1,
      1,
      1,
      0.25,
      0.25,
      0.1111111119389534,
      0.0625,
      0.1111111119389534,
      0.1111111119389534,
      0.25,
      0.25
    ],
    [
      0.25,
      0.1111111119389534,
      0.0625,
      0.1111111119389534,
      0.1111111119389534,
      0.0625,
      0.03999999910593033,
      0.0625,
      0.1111111119389534,
      0.25,
      1,
      1,
      1,
      0.25,
      0.1111111119389534,
      0.1111111119389534,
      0.25,
      0.25,
      1,
      0.25
    ],
    [
      0.1111111119389534,
      0.0625,
      0.03999999910593033,
      0.0625,
      0.1111111119389534,
      0.1111111119389534,
      0.0625,
      0.1111111119389534,
      0.1111111119389534,
      0.25,
      0.25,
      1,
      1,
      1,
      0.25,
      0.25,
      1,
      0.25,
      0.25,
      0.1111111119389534
    ],
    [
      0.1111111119389534,
      0.1111111119389534,
      0.0625,
      0.03999999910593033,
      0.0625,
      0.1111111119389534,
      0.1111111119389534,
      0.25,
      0.25,
      1,
      0.25,
      0.25,
      1,
      1,
      1,
      0.25,
      0.25,
      0.1111111119389534,
      0.1111111119389534,
      0.0625
    ],
    [
      0.0625,
      0.1111111119389534,
      0.1111111119389534,
      0.0625,
      0.1111111119389534,
      0.25,
      0.25,
      1,
      0.25,
      0.25,
      0.1111111119389534,
      0.1111111119389534,
      0.25,
      1,
      1,
      1,
      0.25,
      0.1111111119389534,
      0.0625,
      0.03999999910593033
    ],
    [
      0.03999999910593033,
      0.0625,
      0.1111111119389534,
      0.1111111119389534,
      0.25,
      1,
      0.25,
      0.25,
      0.1111111119389534,
      0.1111111119389534,
      0.0625,
      0.1111111119389534,
      0.25,
      0.25,
      1,
      1,
      1,
      0.25,
      0.1111111119389534,
      0.0625
    ],
    [
      0.0625,
      0.03999999910593033,
      0.0625,
      0.1111111119389534,
      0.25,
      0.25,
      0.1111111119389534,
      0.1111111119389534,
      0.0625,
      0.1111111119389534,
      0.1111111119389534,
      0.25,
      1,
      0.25,
      0.25,
      1,
      1,
      1,
      0.25,
      0.1111111119389534
    ],
    [
      0.1111111119389534,
      0.0625,
      0.1111111119389534,
      0.25,
      1,
      0.25,
      0.1111111119389534,
      0.0625,
      0.03999999910593033,
      0.0625,
      0.1111111119389534,
      0.25,
      0.25,
      0.1111111119389534,
      0.1111111119389534,
      0.25,
      1,
      1,
      1,
      0.25
    ],
    [
      0.25,
      0.1111111119389534,
      0.1111111119389534,
      0.25,
      0.25,
      0.1111111119389534,
      0.0625,
      0.03999999910593033,
      0.0625,
      0.1111111119389534,
      0.25,
      1,
      0.25,
      0.1111111119389534,
      0.0625,
      0.1111111119389534,
      0.25,
      1,
      1,
      1
    ],
    [
      1,
      0.25,
      0.25,
      1,
      0.25,
      0.1111111119389534,
      0.1111111119389534,
      0.0625,
      0.1111111119389534,
      0.1111111119389534,
      0.25,
      0.25,
      0.1111111119389534,
      0.0625,
      0.03999999910593033,
      0.0625,
      0.1111111119389534,
      0.25,
      1,
      1
    ]
  ]
}