{
  "nodes": [
    {
      "index": 0,
      "id": 0,
      "x": 2.647411346435547,
      "y": -0.1447901427745819
    },
    {
      "index": 1,
      "id": 1,
      "x": -1.093896746635437,
      "y": -0.4737776517868042
    },
    {
      "index": 2,
      "id": 2,
      "x": 3.0531349182128906,
      "y": -1.2053462266921997
    },
    {
      "index": 3,
      "id": 3,
      "x": -0.1474449783563614,
      "y": -2.6498780250549316
    },
    {
      "index": 4,
      "id": 4,
      "x": -0.002564589027315378,
      "y": 0.00009990703983930871
    },
    {
      "index": 5,
      "id": 5,
      "x": 1.5567251443862915,
      "y": -0.6150234937667847
    },
    {
      "index": 6,
      "id": 6,
      "x": 0.47131186723709106,
      "y": -1.0912325382232666
    },
    {
      "index": 7,
      "id": 7,
      "x": 0.61255943775177,
      "y": 1.5593901872634888
    },
    {
      "index": 8,
      "id": 8,
      "x": -0.4764406383037567,
      "y": 1.0914322137832642
    },
    {
      "index": 9,
      "id": 9,
      "x": 0.1423252671957016,
      "y": 2.6500768661499023
    },
    {
      "index": 10,
      "id": 10,
      "x": -2.1834161281585693,
      "y": -0.9468697905540466
    },
    {
      "index": 11,
      "id": 11,
      "x": 2.0326132774353027,
      "y": -1.7032581567764282
    },
    {
      "index": 12,
      "id": 12,
      "x": 1.7007949352264404,
      "y": 2.0352771282196045
    },
    {
      "index": 13,
      "id": 13,
      "x": -1.207994818687439,
      "y": -3.0556046962738037
    },
    {
      "index": 14,
      "id": 14,
      "x": 1.088768720626831,
      "y": 0.473975270986557
    },
    {
      "index": 15,
      "id": 15,
      "x": -1.5618560314178467,
      "y": 0.615219235420227
    },
    {
      "index": 16,
      "id": 16,
      "x": -2.037747383117676,
      "y": 1.7034509181976318
    },
    {
      "index": 17,
      "id": 17,
      "x": -0.6176838874816895,
      "y": -1.559191346168518
    },
    {
      "index": 18,
      "id": 18,
      "x": -3.05826997756958,
      "y": 1.2055312395095825
    },
    {
      "index": 19,
      "id": 19,
      "x": -0.9495292901992798,
      "y": 2.1809520721435547
    },
    {
      "index": 20,
      "id": 20,
      "x": 0.9444015622138977,
      "y": -2.180753707885742
    },
    {
      "index": 21,
      "id": 21,
      "x": -2.65254282951355,
      "y": 0.14497944712638855
    },
    {
      "index": 22,
      "id": 22,
      "x": 1.2028828859329224,
      "y": 3.0557992458343506
    },
    {
      "index": 23,
      "id": 23,
      "x": -1.7059142589569092,
      "y": -2.035083532333374
    },
    {
      "index": 24,
      "id": 24,
      "x": 2.178290367126465,
      "y": 0.9470617175102234
    }
  ],
  "edges": [
    {
      "source": 0,
      "target": 2
    },
    {
      "source": 0,
      "target": 5
    },
    {
      "source": 0,
      "target": 24
    },
    {
      "source": 1,
      "target": 10
    },
    {
      "source": 1,
      "target": 17
    },
    {
      "source": 1,
      "target": 15
    },
    {
      "source": 1,
      "target": 4
    },
    {
      "source": 2,
      "target": 11
    },
    {
      "source": 3,
      "target": 20
    },
    {
      "source": 3,
      "target": 17
    },
    {
      "source": 3,
      "target": 13
    },
    {
      "source": 4,
      "target": 14
    },
    {
      "source": 4,
      "target": 8
    },
    {
      "source": 4,
      "target": 6
    },
    {
      "source": 5,
      "target": 14
    },
    {
      "source": 5,
      "target": 11
    },
    {
      "source": 5,
      "target": 6
    },
    {
      "source": 6,
      "target": 20
    },
    {
      "source": 6,
      "target": 17
    },
    {
      "source": 7,
      "target": 14
    },
    {
      "source": 7,
      "target": 12
    },
    {
      "source": 7,
      "target": 8
    },
    {
      "source": 7,
      "target": 9
    },
    {
      "source": 8,
      "target": 19
    },
    {
      "source": 8,
      "target": 15
    },
    {
      "source": 9,
      "target": 19
    },
    {
      "source": 9,
      "target": 22
    },
    {
      "source": 10,
      "target": 23
    },
    {
      "source": 10,
      "target": 21
    },
    {
      "source": 11,
      "target": 20
    },
    {
      "source": 12,
      "target": 24
    },
    {
      "source": 12,
      "target": 22
    },
    {
      "source": 13,
      "target": 23
    },
    {
      "source": 14,
      "target": 24
    },
    {
      "source": 15,
      "target": 16
    },
    {
      "source": 15,
      "target": 21
    },
    {
      "source": 16,
      "target": 18
    },
    {
      "source": 16,
      "target": 19
    },
    {
      "source": 17,
      "target": 23
    },
    {
      "source": 18,
      "target": 21
    }
  ],
  "coef": {
    "stress": 0.16,
    "crossing_angle": 0,
    "neighbor": 0,
    "edge_uniformity": 0,
    "crossing_number": 0,
    "angular_resolution": 0.52,
    "vertex_resolution": 0,
    "gabriel": 0,
    "aspect_ratio": 0
  },
  "optimizer": {
    "lr": 0.02447752327165267,
    "momentum": 0.5
  },
  "graphDistance": [
    [
      0,
      4,
      1,
      4,
      3,
      1,
      2,
      3,
      4,
      4,
      5,
      2,
      2,
      5,
      2,
      5,
      6,
      3,
      7,
      5,
      3,
      6,
      3,
      4,
      1
    ],
    [
      4,
      0,
      5,
      2,
      1,
      3,
      2,
      3,
      2,
      4,
      1,
      4,
      4,
      3,
      2,
      1,
      2,
      1,
      3,
      3,
      3,
      2,
      5,
      2,
      3
    ],
    [
      1,
      5,
      0,
      3,
      4,
      2,
      3,
      4,
      5,
      5,
      6,
      1,
      3,
      4,
      3,
      6,
      7,
      4,
      8,
      6,
      2,
      7,
      4,
      5,
      2
    ],
    [
      4,
      2,
      3,
      0,
      3,
      3,
      2,
      5,
      4,
      6,
      3,
      2,
      6,
      1,
      4,
      3,
      4,
      1,
      5,
      5,
      1,
      4,
      7,
      2,
      5
    ],
    [
      3,
      1,
      4,
      3,
      0,
      2,
      1,
      2,
      1,
      3,
      2,
      3,
      3,
      4,
      1,
      2,
      3,
      2,
      4,
      2,
      2,
      3,
      4,
      3,
      2
    ],
    [
      1,
      3,
      2,
      3,
      2,
      0,
      1,
      2,
      3,
      3,
      4,
      1,
      3,
      4,
      1,
      4,
      5,
      2,
      6,
      4,
      2,
      5,
      4,
      3,
      2
    ],
    [
      2,
      2,
      3,
      2,
      1,
      1,
      0,
      3,
      2,
      4,
      3,
      2,
      4,
      3,
      2,
      3,
      4,
      1,
      5,
      3,
      1,
      4,
      5,
      2,
      3
    ],
    [
      3,
      3,
      4,
      5,
      2,
      2,
      3,
      0,
      1,
      1,
      4,
      3,
      1,
      6,
      1,
      2,
      3,
      4,
      4,
      2,
      4,
      3,
      2,
      5,
      2
    ],
    [
      4,
      2,
      5,
      4,
      1,
      3,
      2,
      1,
      0,
      2,
      3,
      4,
      2,
      5,
      2,
      1,
      2,
      3,
      3,
      1,
      3,
      2,
      3,
      4,
      3
    ],
    [
      4,
      4,
      5,
      6,
      3,
      3,
      4,
      1,
      2,
      0,
      5,
      4,
      2,
      7,
      2,
      3,
      2,
      5,
      3,
      1,
      5,
      4,
      1,
      6,
      3
    ],
    [
      5,
      1,
      6,
      3,
      2,
      4,
      3,
      4,
      3,
      5,
      0,
      5,
      5,
      2,
      3,
      2,
      3,
      2,
      2,
      4,
      4,
      1,
      6,
      1,
      4
    ],
    [
      2,
      4,
      1,
      2,
      3,
      1,
      2,
      3,
      4,
      4,
      5,
      0,
      4,
      3,
      2,
      5,
      6,
      3,
      7,
      5,
      1,
      6,
      5,
      4,
      3
    ],
    [
      2,
      4,
      3,
      6,
      3,
      3,
      4,
      1,
      2,
      2,
      5,
      4,
      0,
      7,
      2,
      3,
      4,
      5,
      5,
      3,
      5,
      4,
      1,
      6,
      1
    ],
    [
      5,
      3,
      4,
      1,
      4,
      4,
      3,
      6,
      5,
      7,
      2,
      3,
      7,
      0,
      5,
      4,
      5,
      2,
      4,
      6,
      2,
      3,
      8,
      1,
      6
    ],
    [
      2,
      2,
      3,
      4,
      1,
      1,
      2,
      1,
      2,
      2,
      3,
      2,
      2,
      5,
      0,
      3,
      4,
      3,
      5,
      3,
      3,
      4,
      3,
      4,
      1
    ],
    [
      5,
      1,
      6,
      3,
      2,
      4,
      3,
      2,
      1,
      3,
      2,
      5,
      3,
      4,
      3,
      0,
      1,
      2,
      2,
      2,
      4,
      1,
      4,
      3,
      4
    ],
    [
      6,
      2,
      7,
      4,
      3,
      5,
      4,
      3,
      2,
      2,
      3,
      6,
      4,
      5,
      4,
      1,
      0,
      3,
      1,
      1,
      5,
      2,
      3,
      4,
      5
    ],
    [
      3,
      1,
      4,
      1,
      2,
      2,
      1,
      4,
      3,
      5,
      2,
      3,
      5,
      2,
      3,
      2,
      3,
      0,
      4,
      4,
      2,
      3,
      6,
      1,
      4
    ],
    [
      7,
      3,
      8,
      5,
      4,
      6,
      5,
      4,
      3,
      3,
      2,
      7,
      5,
      4,
      5,
      2,
      1,
      4,
      0,
      2,
      6,
      1,
      4,
      3,
      6
    ],
    [
      5,
      3,
      6,
      5,
      2,
      4,
      3,
      2,
      1,
      1,
      4,
      5,
      3,
      6,
      3,
      2,
      1,
      4,
      2,
      0,
      4,
      3,
      2,
      5,
      4
    ],
    [
      3,
      3,
      2,
      1,
      2,
      2,
      1,
      4,
      3,
      5,
      4,
      1,
      5,
      2,
      3,
      4,
      5,
      2,
      6,
      4,
      0,
      5,
      6,
      3,
      4
    ],
    [
      6,
      2,
      7,
      4,
      3,
      5,
      4,
      3,
      2,
      4,
      1,
      6,
      4,
      3,
      4,
      1,
      2,
      3,
      1,
      3,
      5,
      0,
      5,
      2,
      5
    ],
    [
      3,
      5,
      4,
      7,
      4,
      4,
      5,
      2,
      3,
      1,
      6,
      5,
      1,
      8,
      3,
      4,
      3,
      6,
      4,
      2,
      6,
      5,
      0,
      7,
      2
    ],
    [
      4,
      2,
      5,
      2,
      3,
      3,
      2,
      5,
      4,
      6,
      1,
      4,
      6,
      1,
      4,
      3,
      4,
      1,
      3,
      5,
      3,
      2,
      7,
      0,
      5
    ],
    [
      1,
      3,
      2,
      5,
      2,
      2,
      3,
      2,
      3,
      3,
      4,
      3,
      1,
      6,
      1,
      4,
      5,
      4,
      6,
      4,
      4,
      5,
      2,
      5,
      0
    ]
  ],
  "weight": [
    [
      1,
      0.0625,
      1,
      0.0625,
      0.1111111119389534,
      1,
      0.25,
      0.1111111119389534,
      0.0625,
      0.0625,
      0.03999999910593033,
      0.25,
      0.25,
      0.03999999910593033,
      0.25,
      0.03999999910593033,
      0.02777777798473835,
      0.1111111119389534,
      0.020408162847161293,
      0.03999999910593033,
      0.1111111119389534,
      0.02777777798473835,
      0.1111111119389534,
      0.0625,
      1
    ],
    [
      0.0625,
      1,
      0.03999999910593033,
      0.25,
      1,
      0.1111111119389534,
      0.25,
      0.1111111119389534,
      0.25,
      0.0625,
      1,
      0.0625,
      0.0625,
      0.1111111119389534,
      0.25,
      1,
      0.25,
      1,
      0.1111111119389534,
      0.1111111119389534,
      0.1111111119389534,
      0.25,
      0.03999999910593033,
      0.25,
      0.1111111119389534
    ],
    [
      1,
      0.03999999910593033,
      1,
      0.1111111119389534,
      0.0625,
      0.25,
      0.1111111119389534,
      0.0625,
      0.03999999910593033,
      0.03999999910593033,
      0.02777777798473835,
      1,
      0.1111111119389534,
      0.0625,
      0.1111111119389534,
      0.02777777798473835,
      0.020408162847161293,
      0.0625,
      0.015625,
      0.02777777798473835,
      0.25,
      0.020408162847161293,
      0.0625,
      0.03999999910593033,
      0.25
    ],
    [
      0.0625,
      0.25,
      0.1111111119389534,
      1,
      0.1111111119389534,
      0.1111111119389534,
      0.25,
      0.03999999910593033,
      0.0625,
      0.02777777798473835,
      0.1111111119389534,
      0.25,
      0.02777777798473835,
      1,
      0.0625,
      0.1111111119389534,
      0.0625,
      1,
      0.03999999910593033,
      0.03999999910593033,
      1,
      0.0625,
      0.020408162847161293,
      0.25,
      0.03999999910593033
    ],
    [
      0.1111111119389534,
      1,
      0.0625,
      0.1111111119389534,
      1,
      0.25,
      1,
      0.25,
      1,
      0.1111111119389534,
      0.25,
      0.1111111119389534,
      0.1111111119389534,
      0.0625,
      1,
      0.25,
      0.1111111119389534,
      0.25,
      0.0625,
      0.25,
      0.25,
      0.1111111119389534,
      0.0625,
      0.1111111119389534,
      0.25
    ],
    [
      1,
      0.1111111119389534,
      0.25,
      0.1111111119389534,
      0.25,
      1,
      1,
      0.25,
      0.1111111119389534,
      0.1111111119389534,
      0.0625,
      1,
      0.1111111119389534,
      0.0625,
      1,
      0.0625,
      0.03999999910593033,
      0.25,
      0.02777777798473835,
      0.0625,
      0.25,
      0.03999999910593033,
      0.0625,
      0.1111111119389534,
      0.25
    ],
    [
      0.25,
      0.25,
      0.1111111119389534,
      0.25,
      1,
      1,
      1,
      0.1111111119389534,
      0.25,
      0.0625,
      0.1111111119389534,
      0.25,
      0.0625,
      0.1111111119389534,
      0.25,
      0.1111111119389534,
      0.0625,
      1,
      0.03999999910593033,
      0.1111111119389534,
      1,
      0.0625,
      0.03999999910593033,
      0.25,
      0.1111111119389534
    ],
    [
      0.1111111119389534,
      0.1111111119389534,
      0.0625,
      0.03999999910593033,
      0.25,
      0.25,
      0.1111111119389534,
      1,
      1,
      1,
      0.0625,
      0.1111111119389534,
      1,
      0.02777777798473835,
      1,
      0.25,
      0.1111111119389534,
      0.0625,
      0.0625,
      0.25,
      0.0625,
      0.1111111119389534,
      0.25,
      0.03999999910593033,
      0.25
    ],
    [
      0.0625,
      0.25,
      0.03999999910593033,
      0.0625,
      1,
      0.1111111119389534,
      0.25,
      1,
      1,
      0.25,
      0.1111111119389534,
      0.0625,
      0.25,
      0.03999999910593033,
      0.25,
      1,
      0.25,
      0.1111111119389534,
      0.1111111119389534,
      1,
      0.1111111119389534,
      0.25,
      0.1111111119389534,
      0.0625,
      0.1111111119389534
    ],
    [
      0.0625,
      0.0625,
      0.03999999910593033,
      0.02777777798473835,
      0.1111111119389534,
      0.1111111119389534,
      0.0625,
      1,
      0.25,
      1,
      0.03999999910593033,
      0.0625,
      0.25,
      0.020408162847161293,
      0.25,
      0.1111111119389534,
      0.25,
      0.03999999910593033,
      0.1111111119389534,
      1,
      0.03999999910593033,
      0.0625,
      1,
      0.02777777798473835,
      0.1111111119389534
    ],
    [
      0.03999999910593033,
      1,
      0.02777777798473835,
      0.1111111119389534,
      0.25,
      0.0625,
      0.1111111119389534,
      0.0625,
      0.1111111119389534,
      0.03999999910593033,
      1,
      0.03999999910593033,
      0.03999999910593033,
      0.25,
      0.1111111119389534,
      0.25,
      0.1111111119389534,
      0.25,
      0.25,
      0.0625,
      0.0625,
      1,
      0.02777777798473835,
      1,
      0.0625
    ],
    [
      0.25,
      0.0625,
      1,
      0.25,
      0.1111111119389534,
      1,
      0.25,
      0.1111111119389534,
      0.0625,
      0.0625,
      0.03999999910593033,
      1,
      0.0625,
      0.1111111119389534,
      0.25,
      0.03999999910593033,
      0.02777777798473835,
      0.1111111119389534,
      0.020408162847161293,
      0.03999999910593033,
      1,
      0.02777777798473835,
      0.03999999910593033,
      0.0625,
      0.1111111119389534
    ],
    [
      0.25,
      0.0625,
      0.1111111119389534,
      0.02777777798473835,
      0.1111111119389534,
      0.1111111119389534,
      0.0625,
      1,
      0.25,
      0.25,
      0.03999999910593033,
      0.0625,
      1,
      0.020408162847161293,
      0.25,
      0.1111111119389534,
      0.0625,
      0.03999999910593033,
      0.03999999910593033,
      0.1111111119389534,
      0.03999999910593033,
      0.0625,
      1,
      0.02777777798473835,
      1
    ],
    [
      0.03999999910593033,
      0.1111111119389534,
      0.0625,
      1,
      0.0625,
      0.0625,
      0.1111111119389534,
      0.02777777798473835,
      0.03999999910593033,
      0.020408162847161293,
      0.25,
      0.1111111119389534,
      0.020408162847161293,
      1,
      0.03999999910593033,
      0.0625,
      0.03999999910593033,
      0.25,
      0.0625,
      0.02777777798473835,
      0.25,
      0.1111111119389534,
      0.015625,
      1,
      0.02777777798473835
    ],
    [
      0.25,
      0.25,
      0.1111111119389534,
      0.0625,
      1,
      1,
      0.25,
      1,
      0.25,
      0.25,
      0.1111111119389534,
      0.25,
      0.25,
      0.03999999910593033,
      1,
      0.1111111119389534,
      0.0625,
      0.1111111119389534,
      0.03999999910593033,
      0.1111111119389534,
      0.1111111119389534,
      0.0625,
      0.1111111119389534,
      0.0625,
      1
    ],
    [
      0.03999999910593033,
      1,
      0.02777777798473835,
      0.1111111119389534,
      0.25,
      0.0625,
      0.1111111119389534,
      0.25,
      1,
      0.1111111119389534,
      0.25,
      0.03999999910593033,
      0.1111111119389534,
      0.0625,
      0.1111111119389534,
      1,
      1,
      0.25,
      0.25,
      0.25,
      0.0625,
      1,
      0.0625,
      0.1111111119389534,
      0.0625
    ],
    [
      0.02777777798473835,
      0.25,
      0.020408162847161293,
      0.0625,
      0.1111111119389534,
      0.03999999910593033,
      0.0625,
      0.1111111119389534,
      0.25,
      0.25,
      0.1111111119389534,
      0.02777777798473835,
      0.0625,
      0.03999999910593033,
      0.0625,
      1,
      1,
      0.1111111119389534,
      1,
      1,
      0.03999999910593033,
      0.25,
      0.1111111119389534,
      0.0625,
      0.03999999910593033
    ],
    [
      0.1111111119389534,
      1,
      0.0625,
      1,
      0.25,
      0.25,
      1,
      0.0625,
      0.1111111119389534,
      0.03999999910593033,
      0.25,
      0.1111111119389534,
      0.03999999910593033,
      0.25,
      0.1111111119389534,
      0.25,
      0.1111111119389534,
      1,
      0.0625,
      0.0625,
      0.25,
      0.1111111119389534,
      0.02777777798473835,
      1,
      0.0625
    ],
    [
      0.020408162847161293,
      0.1111111119389534,
      0.015625,
      0.03999999910593033,
      0.0625,
      0.02777777798473835,
      0.03999999910593033,
      0.0625,
      0.1111111119389534,
      0.1111111119389534,
      0.25,
      0.020408162847161293,
      0.03999999910593033,
      0.0625,
      0.03999999910593033,
      0.25,
      1,
      0.0625,
      1,
      0.25,
      0.02777777798473835,
      1,
      0.0625,
      0.1111111119389534,
      0.02777777798473835
    ],
    [
      0.03999999910593033,
      0.1111111119389534,
      0.02777777798473835,
      0.03999999910593033,
      0.25,
      0.0625,
      0.1111111119389534,
      0.25,
      1,
      1,
      0.0625,
      0.03999999910593033,
      0.1111111119389534,
      0.02777777798473835,
      0.1111111119389534,
      0.25,
      1,
      0.0625,
      0.25,
      1,
      0.0625,
      0.1111111119389534,
      0.25,
      0.03999999910593033,
      0.0625
    ],
    [
      0.1111111119389534,
      0.1111111119389534,
      0.25,
      1,
      0.25,
      0.25,
      1,
      0.0625,
      0.1111111119389534,
      0.03999999910593033,
      0.0625,
      1,
      0.03999999910593033,
      0.25,
      0.1111111119389534,
      0.0625,
      0.03999999910593033,
      0.25,
      0.02777777798473835,
      0.0625,
      1,
      0.03999999910593033,
      0.02777777798473835,
      0.1111111119389534,
      0.0625
    ],
    [
      0.02777777798473835,
      0.25,
      0.020408162847161293,
      0.0625,
      0.1111111119389534,
      0.03999999910593033,
      0.0625,
      0.1111111119389534,
      0.25,
      0.0625,
      1,
      0.02777777798473835,
      0.0625,
      0.1111111119389534,
      0.0625,
      1,
      0.25,
      0.1111111119389534,
      1,
      0.1111111119389534,
      0.03999999910593033,
      1,
      0.03999999910593033,
      0.25,
      0.03999999910593033
    ],
    [
      0.1111111119389534,
      0.03999999910593033,
      0.0625,
      0.020408162847161293,
      0.0625,
      0.0625,
      0.03999999910593033,
      0.25,
      0.1111111119389534,
      1,
      0.02777777798473835,
      0.03999999910593033,
      1,
      0.015625,
      0.1111111119389534,
      0.0625,
      0.1111111119389534,
      0.02777777798473835,
      0.0625,
      0.25,
      0.02777777798473835,
      0.03999999910593033,
      1,
      0.020408162847161293,
      0.25
    ],
    [
      0.0625,
      0.25,
      0.03999999910593033,
      0.25,
      0.1111111119389534,
      0.1111111119389534,
      0.25,
      0.03999999910593033,
      0.0625,
      0.02777777798473835,
      1,
      0.0625,
      0.02777777798473835,
      1,
      0.0625,
      0.1111111119389534,
      0.0625,
      1,
      0.1111111119389534,
      0.03999999910593033,
      0.1111111119389534,
      0.25,
      0.020408162847161293,
      1,
      0.03999999910593033
    ],
    [
      1,
      0.1111111119389534,
      0.25,
      0.03999999910593033,
      0.25,
      0.25,
      0.1111111119389534,
      0.25,
      0.1111111119389534,
      0.1111111119389534,
      0.0625,
      0.1111111119389534,
      1,
      0.02777777798473835,
      1,
      0.0625,
      0.03999999910593033,
      0.0625,
      0.02777777798473835,
      0.0625,
      0.0625,
      0.03999999910593033,
      0.25,
      0.03999999910593033,
      1
    ]
  ]
}