{
  "nodes": [
    {
      "index": 0,
      "id": 0,
      "x": 0.35419079661369324,
      "y": -0.18130764365196228
    },
    {
      "index": 1,
      "id": 1,
      "x": 0.14451387524604797,
      "y": -0.6903155446052551
    },
    {
      "index": 2,
      "id": 2,
      "x": -0.39793330430984497,
      "y": -0.5785875916481018
    },
    {
      "index": 3,
      "id": 3,
      "x": 0.717473566532135,
      "y": -0.0330326221883297
    },
    {
      "index": 4,
      "id": 4,
      "x": 0.21256574988365173,
      "y": 0.6819877624511719
    },
    {
      "index": 5,
      "id": 5,
      "x": -0.055529337376356125,
      "y": 0.3658161163330078
    },
    {
      "index": 6,
      "id": 6,
      "x": 0.4798947274684906,
      "y": 0.5359128713607788
    },
    {
      "index": 7,
      "id": 7,
      "x": 0.3011500835418701,
      "y": 0.205531507730484
    },
    {
      "index": 8,
      "id": 8,
      "x": -0.27489253878593445,
      "y": 0.01761792041361332
    },
    {
      "index": 9,
      "id": 9,
      "x": -0.14114224910736084,
      "y": -0.6919969916343689
    },
    {
      "index": 10,
      "id": 10,
      "x": -0.6849753856658936,
      "y": -0.13642434775829315
    },
    {
      "index": 11,
      "id": 11,
      "x": -0.5752052664756775,
      "y": -0.37980785965919495
    },
    {
      "index": 12,
      "id": 12,
      "x": 0.6666233539581299,
      "y": 0.2742351293563843
    },
    {
      "index": 13,
      "id": 13,
      "x": 0.6390992403030396,
      "y": -0.3568250238895416
    },
    {
      "index": 14,
      "id": 14,
      "x": -0.03799492120742798,
      "y": -0.29507917165756226
    },
    {
      "index": 15,
      "id": 15,
      "x": -0.3907482624053955,
      "y": 0.5972560048103333
    },
    {
      "index": 16,
      "id": 16,
      "x": -0.6983051300048828,
      "y": 0.14379850029945374
    },
    {
      "index": 17,
      "id": 17,
      "x": -0.10229308903217316,
      "y": 0.7174214124679565
    },
    {
      "index": 18,
      "id": 18,
      "x": -0.5649435520172119,
      "y": 0.3832937777042389
    },
    {
      "index": 19,
      "id": 19,
      "x": 0.4076043367385864,
      "y": -0.5791771411895752
    }
  ],
  "edges": [
    {
      "source": 0,
      "target": 1
    },
    {
      "source": 0,
      "target": 2
    },
    {
      "source": 0,
      "target": 3
    },
    {
      "source": 0,
      "target": 4
    },
    {
      "source": 0,
      "target": 5
    },
    {
      "source": 0,
      "target": 6
    },
    {
      "source": 0,
      "target": 7
    },
    {
      "source": 0,
      "target": 8
    },
    {
      "source": 0,
      "target": 9
    },
    {
      "source": 0,
      "target": 10
    },
    {
      "source": 0,
      "target": 11
    },
    {
      "source": 0,
      "target": 12
    },
    {
      "source": 0,
      "target": 13
    },
    {
      "source": 0,
      "target": 14
    },
    {
      "source": 0,
      "target": 15
    },
    {
      "source": 0,
      "target": 16
    },
    {
      "source": 0,
      "target": 17
    },
    {
      "source": 0,
      "target": 18
    },
    {
      "source": 0,
      "target": 19
    },
    {
      "source": 1,
      "target": 2
    },
    {
      "source": 1,
      "target": 3
    },
    {
      "source": 1,
      "target": 4
    },
    {
      "source": 1,
      "target": 5
    },
    {
      "source": 1,
      "target": 6
    },
    {
      "source": 1,
      "target": 7
    },
    {
      "source": 1,
      "target": 8
    },
    {
      "source": 1,
      "target": 9
    },
    {
      "source": 1,
      "target": 10
    },
    {
      "source": 1,
      "target": 11
    },
    {
      "source": 1,
      "target": 12
    },
    {
      "source": 1,
      "target": 13
    },
    {
      "source": 1,
      "target": 14
    },
    {
      "source": 1,
      "target": 15
    },
    {
      "source": 1,
      "target": 16
    },
    {
      "source": 1,
      "target": 17
    },
    {
      "source": 1,
      "target": 18
    },
    {
      "source": 1,
      "target": 19
    },
    {
      "source": 2,
      "target": 3
    },
    {
      "source": 2,
      "target": 4
    },
    {
      "source": 2,
      "target": 5
    },
    {
      "source": 2,
      "target": 6
    },
    {
      "source": 2,
      "target": 7
    },
    {
      "source": 2,
      "target": 8
    },
    {
      "source": 2,
      "target": 9
    },
    {
      "source": 2,
      "target": 10
    },
    {
      "source": 2,
      "target": 11
    },
    {
      "source": 2,
      "target": 12
    },
    {
      "source": 2,
      "target": 13
    },
    {
      "source": 2,
      "target": 14
    },
    {
      "source": 2,
      "target": 15
    },
    {
      "source": 2,
      "target": 16
    },
    {
      "source": 2,
      "target": 17
    },
    {
      "source": 2,
      "target": 18
    },
    {
      "source": 2,
      "target": 19
    },
    {
      "source": 3,
      "target": 4
    },
    {
      "source": 3,
      "target": 5
    },
    {
      "source": 3,
      "target": 6
    },
    {
      "source": 3,
      "target": 7
    },
    {
      "source": 3,
      "target": 8
    },
    {
      "source": 3,
      "target": 9
    },
    {
      "source": 3,
      "target": 10
    },
    {
      "source": 3,
      "target": 11
    },
    {
      "source": 3,
      "target": 12
    },
    {
      "source": 3,
      "target": 13
    },
    {
      "source": 3,
      "target": 14
    },
    {
      "source": 3,
      "target": 15
    },
    {
      "source": 3,
      "target": 16
    },
    {
      "source": 3,
      "target": 17
    },
    {
      "source": 3,
      "target": 18
    },
    {
      "source": 3,
      "target": 19
    },
    {
      "source": 4,
      "target": 5
    },
    {
      "source": 4,
      "target": 6
    },
    {
      "source": 4,
      "target": 7
    },
    {
      "source": 4,
      "target": 8
    },
    {
      "source": 4,
      "target": 9
    },
    {
      "source": 4,
      "target": 10
    },
    {
      "source": 4,
      "target": 11
    },
    {
      "source": 4,
      "target": 12
    },
    {
      "source": 4,
      "target": 13
    },
    {
      "source": 4,
      "target": 14
    },
    {
      "source": 4,
      "target": 15
    },
    {
      "source": 4,
      "target": 16
    },
    {
      "source": 4,
      "target": 17
    },
    {
      "source": 4,
      "target": 18
    },
    {
      "source": 4,
      "target": 19
    },
    {
      "source": 5,
      "target": 6
    },
    {
      "source": 5,
      "target": 7
    },
    {
      "source": 5,
      "target": 8
    },
    {
      "source": 5,
      "target": 9
    },
    {
      "source": 5,
      "target": 10
    },
    {
      "source": 5,
      "target": 11
    },
    {
      "source": 5,
      "target": 12
    },
    {
      "source": 5,
      "target": 13
    },
    {
      "source": 5,
      "target": 14
    },
    {
      "source": 5,
      "target": 15
    },
    {
      "source": 5,
      "target": 16
    },
    {
      "source": 5,
      "target": 17
    },
    {
      "source": 5,
      "target": 18
    },
    {
      "source": 5,
      "target": 19
    },
    {
      "source": 6,
      "target": 7
    },
    {
      "source": 6,
      "target": 8
    },
    {
      "source": 6,
      "target": 9
    },
    {
      "source": 6,
      "target": 10
    },
    {
      "source": 6,
      "target": 11
    },
    {
      "source": 6,
      "target": 12
    },
    {
      "source": 6,
      "target": 13
    },
    {
      "source": 6,
      "target": 14
    },
    {
      "source": 6,
      "target": 15
    },
    {
      "source": 6,
      "target": 16
    },
    {
      "source": 6,
      "target": 17
    },
    {
      "source": 6,
      "target": 18
    },
    {
      "source": 6,
      "target": 19
    },
    {
      "source": 7,
      "target": 8
    },
    {
      "source": 7,
      "target": 9
    },
    {
      "source": 7,
      "target": 10
    },
    {
      "source": 7,
      "target": 11
    },
    {
      "source": 7,
      "target": 12
    },
    {
      "source": 7,
      "target": 13
    },
    {
      "source": 7,
      "target": 14
    },
    {
      "source": 7,
      "target": 15
    },
    {
      "source": 7,
      "target": 16
    },
    {
      "source": 7,
      "target": 17
    },
    {
      "source": 7,
      "target": 18
    },
    {
      "source": 7,
      "target": 19
    },
    {
      "source": 8,
      "target": 9
    },
    {
      "source": 8,
      "target": 10
    },
    {
      "source": 8,
      "target": 11
    },
    {
      "source": 8,
      "target": 12
    },
    {
      "source": 8,
      "target": 13
    },
    {
      "source": 8,
      "target": 14
    },
    {
      "source": 8,
      "target": 15
    },
    {
      "source": 8,
      "target": 16
    },
    {
      "source": 8,
      "target": 17
    },
    {
      "source": 8,
      "target": 18
    },
    {
      "source": 8,
      "target": 19
    },
    {
      "source": 9,
      "target": 10
    },
    {
      "source": 9,
      "target": 11
    },
    {
      "source": 9,
      "target": 12
    },
    {
      "source": 9,
      "target": 13
    },
    {
      "source": 9,
      "target": 14
    },
    {
      "source": 9,
      "target": 15
    },
    {
      "source": 9,
      "target": 16
    },
    {
      "source": 9,
      "target": 17
    },
    {
      "source": 9,
      "target": 18
    },
    {
      "source": 9,
      "target": 19
    },
    {
      "source": 10,
      "target": 11
    },
    {
      "source": 10,
      "target": 12
    },
    {
      "source": 10,
      "target": 13
    },
    {
      "source": 10,
      "target": 14
    },
    {
      "source": 10,
      "target": 15
    },
    {
      "source": 10,
      "target": 16
    },
    {
      "source": 10,
      "target": 17
    },
    {
      "source": 10,
      "target": 18
    },
    {
      "source": 10,
      "target": 19
    },
    {
      "source": 11,
      "target": 12
    },
    {
      "source": 11,
      "target": 13
    },
    {
      "source": 11,
      "target": 14
    },
    {
      "source": 11,
      "target": 15
    },
    {
      "source": 11,
      "target": 16
    },
    {
      "source": 11,
      "target": 17
    },
    {
      "source": 11,
      "target": 18
    },
    {
      "source": 11,
      "target": 19
    },
    {
      "source": 12,
      "target": 13
    },
    {
      "source": 12,
      "target": 14
    },
    {
      "source": 12,
      "target": 15
    },
    {
      "source": 12,
      "target": 16
    },
    {
      "source": 12,
      "target": 17
    },
    {
      "source": 12,
      "target": 18
    },
    {
      "source": 12,
      "target": 19
    },
    {
      "source": 13,
      "target": 14
    },
    {
      "source": 13,
      "target": 15
    },
    {
      "source": 13,
      "target": 16
    },
    {
      "source": 13,
      "target": 17
    },
    {
      "source": 13,
      "target": 18
    },
    {
      "source": 13,
      "target": 19
    },
    {
      "source": 14,
      "target": 15
    },
    {
      "source": 14,
      "target": 16
    },
    {
      "source": 14,
      "target": 17
    },
    {
      "source": 14,
      "target": 18
    },
    {
      "source": 14,
      "target": 19
    },
    {
      "source": 15,
      "target": 16
    },
    {
      "source": 15,
      "target": 17
    },
    {
      "source": 15,
      "target": 18
    },
    {
      "source": 15,
      "target": 19
    },
    {
      "source": 16,
      "target": 17
    },
    {
      "source": 16,
      "target": 18
    },
    {
      "source": 16,
      "target": 19
    },
    {
      "source": 17,
      "target": 18
    },
    {
      "source": 17,
      "target": 19
    },
    {
      "source": 18,
      "target": 19
    }
  ],
  "coef": {
    "stress": 0.08,
    "crossing_angle": 0,
    "neighbor": 0,
    "edge_uniformity": 0,
    "crossing_number": 0,
    "angular_resolution": 0,
    "vertex_resolution": 0,
    "gabriel": 0,
    "aspect_ratio": 0
  },
  "optimizer": {
    "lr": 0.44932896411722156,
    "momentum": 0.68
  },
  "graphDistance": [
    [
      0,
      1,
      1,
      1,
      1,
      1,
      1,
      1,
      1,
      1,
      1,
      1,
      1,
      1,
      1,
      1,
      1,
      1,
      1,
      1
    ],
    [
      1,
      0,
      1,
      1,
      1,
      1,
      1,
      1,
      1,
      1,
      1,
      1,
      1,
      1,
      1,
      1,
      1,
      1,
      1,
      1
    ],
    [
      1,
      1,
      0,
      1,
      1,
      1,
      1,
      1,
      1,
      1,
      1,
      1,
      1,
      1,
      1,
      1,
      1,
      1,
      1,
      1
    ],
    [
      1,
      1,
      1,
      0,
      1,
      1,
      1,
      1,
      1,
      1,
      1,
      1,
      1,
      1,
      1,
      1,
      1,
      1,
      1,
      1
    ],
    [
      1,
      1,
      1,
      1,
      0,
      1,
      1,
      1,
      1,
      1,
      1,
      1,
      1,
      1,
      1,
      1,
      1,
      1,
      1,
      1
    ],
    [
      1,
      1,
      1,
      1,
      1,
      0,
      1,
      1,
      1,
      1,
      1,
      1,
      1,
      1,
      1,
      1,
      1,
      1,
      1,
      1
    ],
    [
      1,
      1,
      1,
      1,
      1,
      1,
      0,
      1,
      1,
      1,
      1,
      1,
      1,
      1,
      1,
      1,
      1,
      1,
      1,
      1
    ],
    [
      1,
      1,
      1,
      1,
      1,
      1,
      1,
      0,
      1,
      1,
      1,
      1,
      1,
      1,
      1,
      1,
      1,
      1,
      1,
      1
    ],
    [
      1,
      1,
      1,
      1,
      1,
      1,
      1,
      1,
      0,
      1,
      1,
      1,
      1,
      1,
      1,
      1,
      1,
      1,
      1,
      1
    ],
    [
      1,
      1,
      1,
      1,
      1,
      1,
      1,
      1,
      1,
      0,
      1,
      1,
      1,
      1,
      1,
      1,
      1,
      1,
      1,
      1
    ],
    [
      1,
      1,
      1,
      1,
      1,
      1,
      1,
      1,
      1,
      1,
      0,
      1,
      1,
      1,
      1,
      1,
      1,
      1,
      1,
      1
    ],
    [
      1,
      1,
      1,
      1,
      1,
      1,
      1,
      1,
      1,
      1,
      1,
      0,
      1,
      1,
      1,
      1,
      1,
      1,
      1,
      1
    ],
    [
      1,
      1,
      1,
      1,
      1,
      1,
      1,
      1,
      1,
      1,
      1,
      1,
      0,
      1,
      1,
      1,
      1,
      1,
      1,
      1
    ],
    [
      1,
      1,
      1,
      1,
      1,
      1,
      1,
      1,
      1,
      1,
      1,
      1,
      1,
      0,
      1,
      1,
      1,
      1,
      1,
      1
    ],
    [
      1,
      1,
      1,
      1,
      1,
      1,
      1,
      1,
      1,
      1,
      1,
      1,
      1,
      1,
      0,
      1,
      1,
      1,
      1,
      1
    ],
    [
      1,
      1,
      1,
      1,
      1,
      1,
      1,
      1,
      1,
      1,
      1,
      1,
      1,
      1,
      1,
      0,
      1,
      1,
      1,
      1
    ],
    [
      1,
      1,
      1,
      1,
      1,
      1,
      1,
      1,
      1,
      1,
      1,
      1,
      1,
      1,
      1,
      1,
      0,
      1,
      1,
      1
    ],
    [
      1,
      1,
      1,
      1,
      1,
      1,
      1,
      1,
      1,
      1,
      1,
      1,
      1,
      1,
      1,
      1,
      1,
      0,
      1,
      1
    ],
    [
      1,
      1,
      1,
      1,
      1,
      1,
      1,
      1,
      1,
      1,
      1,
      1,
      1,
      1,
      1,
      1,
      1,
      1,
      0,
      1
    ],
    [
      1,
      1,
      1,
      1,
      1,
      1,
      1,
      1,
      1,
      1,
      1,
      1,
      1,
      1,
      1,
      1,
      1,
      1,
      1,
      0
    ]
  ],
  "weight": [
    [
      1,
      1,
      1,
      1,
      1,
      1,
      1,
      1,
      1,
      1,
      1,
      1,
      1,
      1,
      1,
      1,
      1,
      1,
      1,
      1
    ],
    [
      1,
      1,
      1,
      1,
      1,
      1,
      1,
      1,
      1,
      1,
      1,
      1,
      1,
      1,
      1,
      1,
      1,
      1,
      1,
      1
    ],
    [
      1,
      1,
      1,
      1,
      1,
      1,
      1,
      1,
      1,
      1,
      1,
      1,
      1,
      1,
      1,
      1,
      1,
      1,
      1,
      1
    ],
    [
      1,
      1,
      1,
      1,
      1,
      1,
      1,
      1,
      1,
      1,
      1,
      1,
      1,
      1,
      1,
      1,
      1,
      1,
      1,
      1
    ],
    [
      1,
      1,
      1,
      1,
      1,
      1,
      1,
      1,
      1,
      1,
      1,
      1,
      1,
      1,
      1,
      1,
      1,
      1,
      1,
      1
    ],
    [
      1,
      1,
      1,
      1,
      1,
      1,
      1,
      1,
      1,
      1,
      1,
      1,
      1,
      1,
      1,
      1,
      1,
      1,
      1,
      1
    ],
    [
      1,
      1,
      1,
      1,
      1,
      1,
      1,
      1,
      1,
      1,
      1,
      1,
      1,
      1,
      1,
      1,
      1,
      1,
      1,
      1
    ],
    [
      1,
      1,
      1,
      1,
      1,
      1,
      1,
      1,
      1,
      1,
      1,
      1,
      1,
      1,
      1,
      1,
      1,
      1,
      1,
      1
    ],
    [
      1,
      1,
      1,
      1,
      1,
      1,
      1,
      1,
      1,
      1,
      1,
      1,
      1,
      1,
      1,
      1,
      1,
      1,
      1,
      1
    ],
    [
      1,
      1,
      1,
      1,
      1,
      1,
      1,
      1,
      1,
      1,
      1,
      1,
      1,
      1,
      1,
      1,
      1,
      1,
      1,
      1
    ],
    [
      1,
      1,
      1,
      1,
      1,
      1,
      1,
      1,
      1,
      1,
      1,
      1,
      1,
      1,
      1,
      1,
      1,
      1,
      1,
      1
    ],
    [
      1,
      1,
      1,
      1,
      1,
      1,
      1,
      1,
      1,
      1,
      1,
      1,
      1,
      1,
      1,
      1,
      1,
      1,
      1,
      1
    ],
    [
      1,
      1,
      1,
      1,
      1,
      1,
      1,
      1,
      1,
      1,
      1,
      1,
      1,
      1,
      1,
      1,
      1,
      1,
      1,
      1
    ],
    [
      1,
      1,
      1,
      1,
      1,
      1,
      1,
      1,
      1,
      1,
      1,
      1,
      1,
      1,
      1,
      1,
      1,
      1,
      1,
      1
    ],
    [
      1,
      1,
      1,
      1,
      1,
      1,
      1,
      1,
      1,
      1,
      1,
      1,
      1,
      1,
      1,
      1,
      1,
      1,
      1,
      1
    ],
    [
      1,
      1,
      1,
      1,
      1,
      1,
      1,
      1,
      1,
      1,
      1,
      1,
      1,
      1,
      1,
      1,
      1,
      1,
      1,
      1
    ],
    [
      1,
      1,
      1,
      1,
      1,
      1,
      1,
      1,
      1,
      1,
      1,
      1,
      1,
      1,
      1,
      1,
      1,
      1,
      1,
      1
    ],
    [
      1,
      1,
      1,
      1,
      1,
      1,
      1,
      1,
      1,
      1,
      1,
      1,
      1,
      1,
      1,
      1,
      1,
      1,
      1,
      1
    ],
    [
      1,
      1,
      1,
      1,
      1,
      1,
      1,
      1,
      1,
      1,
      1,
      1,
      1,
      1,
      1,
      1,
      1,
      1,
      1,
      1
    ],
    [
      1,
      1,
      1,
      1,
      1,
      1,
      1,
      1,
      1,
      1,
      1,
      1,
      1,
      1,
      1,
      1,
      1,
      1,
      1,
      1
    ]
  ]
}