{
  "nodes": [
    {
      "index": 0,
      "id": "(0, 0, 0)",
      "x": 0.47226348519325256,
      "y": 0.9543377757072449
    },
    {
      "index": 1,
      "id": "(0, 0, 1)",
      "x": -0.6719549894332886,
      "y": 1.0641982555389404
    },
    {
      "index": 2,
      "id": "(0, 1, 0)",
      "x": 0.14623276889324188,
      "y": -0.26043081283569336
    },
    {
      "index": 3,
      "id": "(0, 1, 1)",
      "x": -1.0755155086517334,
      "y": -0.018633853644132614
    },
    {
      "index": 4,
      "id": "(1, 0, 0)",
      "x": 1.0742027759552002,
      "y": 0.014588657766580582
    },
    {
      "index": 5,
      "id": "(1, 0, 1)",
      "x": -0.14242246747016907,
      "y": 0.26273879408836365
    },
    {
      "index": 6,
      "id": "(1, 1, 0)",
      "x": 0.6737596988677979,
      "y": -1.0630133152008057
    },
    {
      "index": 7,
      "id": "(1, 1, 1)",
      "x": -0.47656530141830444,
      "y": -0.9537851214408875
    }
  ],
  "edges": [
    {
      "source": "(0, 0, 0)",
      "target": "(0, 1, 0)"
    },
    {
      "source": "(0, 0, 0)",
      "target": "(1, 0, 0)"
    },
    {
      "source": "(0, 0, 0)",
      "target": "(0, 0, 1)"
    },
    {
      "source": "(0, 0, 1)",
      "target": "(1, 0, 1)"
    },
    {
      "source": "(0, 0, 1)",
      "target": "(0, 1, 1)"
    },
    {
      "source": "(0, 1, 0)",
      "target": "(1, 1, 0)"
    },
    {
      "source": "(0, 1, 0)",
      "target": "(0, 1, 1)"
    },
    {
      "source": "(0, 1, 1)",
      "target": "(1, 1, 1)"
    },
    {
      "source": "(1, 0, 0)",
      "target": "(1, 1, 0)"
    },
    {
      "source": "(1, 0, 0)",
      "target": "(1, 0, 1)"
    },
    {
      "source": "(1, 0, 1)",
      "target": "(1, 1, 1)"
    },
    {
      "source": "(1, 1, 0)",
      "target": "(1, 1, 1)"
    }
  ],
  "coef": {
    "stress": 0.05,
    "crossing_angle": 0.87,
    "neighbor": 0,
    "edge_uniformity": 0,
    "crossing_number": 0,
    "angular_resolution": 0,
    "vertex_resolution": 0,
    "gabriel": 0,
    "aspect_ratio": 0
  },
  "optimizer": {
    "lr": 0.24488411458221404,
    "momentum": 0.68
  },
  "graphDistance": [
    [
      0,
      1,
      1,
      2,
      1,
      2,
      2,
      3
    ],
    [
      1,
      0,
      2,
      1,
      2,
      1,
      3,
      2
    ],
    [
      1,
      2,
      0,
      1,
      2,
      3,
      1,
      2
    ],
    [
      2,
      1,
      1,
      0,
      3,
      2,
      2,
      1
    ],
    [
      1,
      2,
      2,
      3,
      0,
      1,
      1,
      2
    ],
    [
      2,
      1,
      3,
      2,
      1,
      0,
      2,
      1
    ],
    [
      2,
      3,
      1,
      2,
      1,
      2,
      0,
      1
    ],
    [
      3,
      2,
      2,
      1,
      2,
      1,
      1,
      0
    ]
  ],
  "weight": [
    [
      1,
      1,
      1,
      0.25,
      1,
      0.25,
      0.25,
      0.1111111119389534
    ],
    [
      1,
      1,
      0.25,
      1,
      0.25,
      1,
      0.1111111119389534,
      0.25
    ],
    [
      1,
      0.25,
      1,
      1,
      0.25,
      0.1111111119389534,
      1,
      0.25
    ],
    [
      0.25,
      1,
      1,
      1,
      0.1111111119389534,
      0.25,
      0.25,
      1
    ],
    [
      1,
      0.25,
      0.25,
      0.1111111119389534,
      1,
      1,
      1,
      0.25
    ],
    [
      0.25,
      1,
      0.1111111119389534,
      0.25,
      1,
      1,
      0.25,
      1
    ],
    [
      0.25,
      0.1111111119389534,
      1,
      0.25,
      1,
      0.25,
      1,
      1
    ],
    [
      0.1111111119389534,
      0.25,
      0.25,
      1,
      0.25,
      1,
      1,
      1
    ]
  ]
}