{
  "nodes": [
    {
      "index": 0,
      "id": 0,
      "x": 2.101823091506958,
      "y": -0.4000210464000702
    },
    {
      "index": 1,
      "id": 1,
      "x": 1.336809754371643,
      "y": -1.452707290649414
    },
    {
      "index": 2,
      "id": 2,
      "x": 0.33086097240448,
      "y": -0.4661741256713867
    },
    {
      "index": 3,
      "id": 3,
      "x": 0.4910517632961273,
      "y": 0.3514633774757385
    },
    {
      "index": 4,
      "id": 4,
      "x": -0.22725987434387207,
      "y": 1.4176582098007202
    },
    {
      "index": 5,
      "id": 5,
      "x": -1.3214056491851807,
      "y": 0.27715662121772766
    },
    {
      "index": 6,
      "id": 6,
      "x": -0.7397580742835999,
      "y": -1.1830943822860718
    },
    {
      "index": 7,
      "id": 7,
      "x": -1.0408580303192139,
      "y": -1.879732370376587
    },
    {
      "index": 8,
      "id": 8,
      "x": 0.2578621208667755,
      "y": -2.1439294815063477
    },
    {
      "index": 9,
      "id": 9,
      "x": 0.2238515466451645,
      "y": -1.4111589193344116
    },
    {
      "index": 10,
      "id": 10,
      "x": 1.319200873374939,
      "y": -0.292410284280777
    },
    {
      "index": 11,
      "id": 11,
      "x": 0.7453646659851074,
      "y": 1.1883622407913208
    },
    {
      "index": 12,
      "id": 12,
      "x": -0.328037828207016,
      "y": 0.47140660881996155
    },
    {
      "index": 13,
      "id": 13,
      "x": -0.4916106164455414,
      "y": -0.3446900546550751
    },
    {
      "index": 14,
      "id": 14,
      "x": -1.7918905019760132,
      "y": -0.8631678223609924
    },
    {
      "index": 15,
      "id": 15,
      "x": -2.1033005714416504,
      "y": 0.3988211750984192
    },
    {
      "index": 16,
      "id": 16,
      "x": -1.3463455438613892,
      "y": 1.4557856321334839
    },
    {
      "index": 17,
      "id": 17,
      "x": -0.25729748606681824,
      "y": 2.1385161876678467
    },
    {
      "index": 18,
      "id": 18,
      "x": 1.038133978843689,
      "y": 1.876342535018921
    },
    {
      "index": 19,
      "id": 19,
      "x": 1.8028050661087036,
      "y": 0.8615721464157104
    }
  ],
  "edges": [
    {
      "source": 0,
      "target": 1
    },
    {
      "source": 0,
      "target": 10
    },
    {
      "source": 0,
      "target": 19
    },
    {
      "source": 1,
      "target": 8
    },
    {
      "source": 1,
      "target": 2
    },
    {
      "source": 2,
      "target": 3
    },
    {
      "source": 2,
      "target": 6
    },
    {
      "source": 3,
      "target": 19
    },
    {
      "source": 3,
      "target": 4
    },
    {
      "source": 4,
      "target": 17
    },
    {
      "source": 4,
      "target": 5
    },
    {
      "source": 5,
      "target": 6
    },
    {
      "source": 5,
      "target": 15
    },
    {
      "source": 6,
      "target": 7
    },
    {
      "source": 7,
      "target": 8
    },
    {
      "source": 7,
      "target": 14
    },
    {
      "source": 8,
      "target": 9
    },
    {
      "source": 9,
      "target": 10
    },
    {
      "source": 9,
      "target": 13
    },
    {
      "source": 10,
      "target": 11
    },
    {
      "source": 11,
      "target": 12
    },
    {
      "source": 11,
      "target": 18
    },
    {
      "source": 12,
      "target": 16
    },
    {
      "source": 12,
      "target": 13
    },
    {
      "source": 13,
      "target": 14
    },
    {
      "source": 14,
      "target": 15
    },
    {
      "source": 15,
      "target": 16
    },
    {
      "source": 16,
      "target": 17
    },
    {
      "source": 17,
      "target": 18
    },
    {
      "source": 18,
      "target": 19
    }
  ],
  "coef": {
    "stress": 0,
    "crossing_angle": 0.91,
    "neighbor": 0,
    "edge_uniformity": 0,
    "crossing_number": 0,
    "angular_resolution": 0,
    "vertex_resolution": 0,
    "gabriel": 0,
    "aspect_ratio": 0
  },
  "optimizer": {
    "lr": 0.10722266313411268,
    "momentum": 0.68
  },
  "graphDistance": [
    [
      0,
      1,
      2,
      2,
      3,
      4,
      3,
      3,
      2,
      2,
      1,
      2,
      3,
      3,
      4,
      5,
      4,
      3,
      2,
      1
    ],
    [
      1,
      0,
      1,
      2,
      3,
      3,
      2,
      2,
      1,
      2,
      2,
      3,
      4,
      3,
      3,
      4,
      5,
      4,
      3,
      2
    ],
    [
      2,
      1,
      0,
      1,
      2,
      2,
      1,
      2,
      2,
      3,
      3,
      4,
      5,
      4,
      3,
      3,
      4,
      3,
      3,
      2
    ],
    [
      2,
      2,
      1,
      0,
      1,
      2,
      2,
      3,
      3,
      4,
      3,
      3,
      4,
      5,
      4,
      3,
      3,
      2,
      2,
      1
    ],
    [
      3,
      3,
      2,
      1,
      0,
      1,
      2,
      3,
      4,
      5,
      4,
      3,
      3,
      4,
      3,
      2,
      2,
      1,
      2,
      2
    ],
    [
      4,
      3,
      2,
      2,
      1,
      0,
      1,
      2,
      3,
      4,
      5,
      4,
      3,
      3,
      2,
      1,
      2,
      2,
      3,
      3
    ],
    [
      3,
      2,
      1,
      2,
      2,
      1,
      0,
      1,
      2,
      3,
      4,
      5,
      4,
      3,
      2,
      2,
      3,
      3,
      4,
      3
    ],
    [
      3,
      2,
      2,
      3,
      3,
      2,
      1,
      0,
      1,
      2,
      3,
      4,
      3,
      2,
      1,
      2,
      3,
      4,
      5,
      4
    ],
    [
      2,
      1,
      2,
      3,
      4,
      3,
      2,
      1,
      0,
      1,
      2,
      3,
      3,
      2,
      2,
      3,
      4,
      5,
      4,
      3
    ],
    [
      2,
      2,
      3,
      4,
      5,
      4,
      3,
      2,
      1,
      0,
      1,
      2,
      2,
      1,
      2,
      3,
      3,
      4,
      3,
      3
    ],
    [
      1,
      2,
      3,
      3,
      4,
      5,
      4,
      3,
      2,
      1,
      0,
      1,
      2,
      2,
      3,
      4,
      3,
      3,
      2,
      2
    ],
    [
      2,
      3,
      4,
      3,
      3,
      4,
      5,
      4,
      3,
      2,
      1,
      0,
      1,
      2,
      3,
      3,
      2,
      2,
      1,
      2
    ],
    [
      3,
      4,
      5,
      4,
      3,
      3,
      4,
      3,
      3,
      2,
      2,
      1,
      0,
      1,
      2,
      2,
      1,
      2,
      2,
      3
    ],
    [
      3,
      3,
      4,
      5,
      4,
      3,
      3,
      2,
      2,
      1,
      2,
      2,
      1,
      0,
      1,
      2,
      2,
      3,
      3,
      4
    ],
    [
      4,
      3,
      3,
      4,
      3,
      2,
      2,
      1,
      2,
      2,
      3,
      3,
      2,
      1,
      0,
      1,
      2,
      3,
      4,
      5
    ],
    [
      5,
      4,
      3,
      3,
      2,
      1,
      2,
      2,
      3,
      3,
      4,
      3,
      2,
      2,
      1,
      0,
      1,
      2,
      3,
      4
    ],
    [
      4,
      5,
      4,
      3,
      2,
      2,
      3,
      3,
      4,
      3,
      3,
      2,
      1,
      2,
      2,
      1,
      0,
      1,
      2,
      3
    ],
    [
      3,
      4,
      3,
      2,
      1,
      2,
      3,
      4,
      5,
      4,
      3,
      2,
      2,
      3,
      3,
      2,
      1,
      0,
      1,
      2
    ],
    [
      2,
      3,
      3,
      2,
      2,
      3,
      4,
      5,
      4,
      3,
      2,
      1,
      2,
      3,
      4,
      3,
      2,
      1,
      0,
      1
    ],
    [
      1,
      2,
      2,
      1,
      2,
      3,
      3,
      4,
      3,
      3,
      2,
      2,
      3,
      4,
      5,
      4,
      3,
      2,
      1,
      0
    ]
  ],
  "weight": [
    [
      1,
      1,
      0.25,
      0.25,
      0.1111111119389534,
      0.0625,
      0.1111111119389534,
      0.1111111119389534,
      0.25,
      0.25,
      1,
      0.25,
      0.1111111119389534,
      0.1111111119389534,
      0.0625,
      0.03999999910593033,
      0.0625,
      0.1111111119389534,
      0.25,
      1
    ],
    [
      1,
      1,
      1,
      0.25,
      0.1111111119389534,
      0.1111111119389534,
      0.25,
      0.25,
      1,
      0.25,
      0.25,
      0.1111111119389534,
      0.0625,
      0.1111111119389534,
      0.1111111119389534,
      0.0625,
      0.03999999910593033,
      0.0625,
      0.1111111119389534,
      0.25
    ],
    [
      0.25,
      1,
      1,
      1,
      0.25,
      0.25,
      1,
      0.25,
      0.25,
      0.1111111119389534,
      0.1111111119389534,
      0.0625,
      0.03999999910593033,
      0.0625,
      0.1111111119389534,
      0.1111111119389534,
      0.0625,
      0.1111111119389534,
      0.1111111119389534,
      0.25
    ],
    [
      0.25,
      0.25,
      1,
      1,
      1,
      0.25,
      0.25,
      0.1111111119389534,
      0.1111111119389534,
      0.0625,
      0.1111111119389534,
      0.1111111119389534,
      0.0625,
      0.03999999910593033,
      0.0625,
      0.1111111119389534,
      0.1111111119389534,
      0.25,
      0.25,
      1
    ],
    [
      0.1111111119389534,
      0.1111111119389534,
      0.25,
      1,
      1,
      1,
      0.25,
      0.1111111119389534,
      0.0625,
      0.03999999910593033,
      0.0625,
      0.1111111119389534,
      0.1111111119389534,
      0.0625,
      0.1111111119389534,
      0.25,
      0.25,
      1,
      0.25,
      0.25
    ],
    [
      0.0625,
      0.1111111119389534,
      0.25,
      0.25,
      1,
      1,
      1,
      0.25,
      0.1111111119389534,
      0.0625,
      0.03999999910593033,
      0.0625,
      0.1111111119389534,
      0.1111111119389534,
      0.25,
      1,
      0.25,
      0.25,
      0.1111111119389534,
      0.1111111119389534
    ],
    [
      0.1111111119389534,
      0.25,
      1,
      0.25,
      0.25,
      1,
      1,
      1,
      0.25,
      0.1111111119389534,
      0.0625,
      0.03999999910593033,
      0.0625,
      0.1111111119389534,
      0.25,
      0.25,
      0.1111111119389534,
      0.1111111119389534,
      0.0625,
      0.1111111119389534
    ],
    [
      0.1111111119389534,
      0.25,
      0.25,
      0.1111111119389534,
      0.1111111119389534,
      0.25,
      1,
      1,
      1,
      0.25,
      0.1111111119389534,
      0.0625,
      0.1111111119389534,
      0.25,
      1,
      0.25,
      0.1111111119389534,
      0.0625,
      0.03999999910593033,
      0.0625
    ],
    [
      0.25,
      1,
      0.25,
      0.1111111119389534,
      0.0625,
      0.1111111119389534,
      0.25,
      1,
      1,
      1,
      0.25,
      0.1111111119389534,
      0.1111111119389534,
      0.25,
      0.25,
      0.1111111119389534,
      0.0625,
      0.03999999910593033,
      0.0625,
      0.1111111119389534
    ],
    [
      0.25,
      0.25,
      0.1111111119389534,
      0.0625,
      0.03999999910593033,
      0.0625,
      0.1111111119389534,
      0.25,
      1,
      1,
      1,
      0.25,
      0.25,
      1,
      0.25,
      0.1111111119389534,
      0.1111111119389534,
      0.0625,
      0.1111111119389534,
      0.1111111119389534
    ],
    [
      1,
      0.25,
      0.1111111119389534,
      0.1111111119389534,
      0.0625,
      0.03999999910593033,
      0.0625,
      0.1111111119389534,
      0.25,
      1,
      1,
      1,
      0.25,
      0.25,
      0.1111111119389534,
      0.0625,
      0.1111111119389534,
      0.1111111119389534,
      0.25,
      0.25
    ],
    [
      0.25,
      0.1111111119389534,
      0.0625,
      0.1111111119389534,
      0.1111111119389534,
      0.0625,
      0.03999999910593033,
      0.0625,
      0.1111111119389534,
      0.25,
      1,
      1,
      1,
      0.25,
      0.1111111119389534,
      0.1111111119389534,
      0.25,
      0.25,
      1,
      0.25
    ],
    [
      0.1111111119389534,
      0.0625,
      0.03999999910593033,
      0.0625,
      0.1111111119389534,
      0.1111111119389534,
      0.0625,
      0.1111111119389534,
      0.1111111119389534,
      0.25,
      0.25,
      1,
      1,
      1,
      0.25,
      0.25,
      1,
      0.25,
      0.25,
      0.1111111119389534
    ],
    [
      0.1111111119389534,
      0.1111111119389534,
      0.0625,
      0.03999999910593033,
      0.0625,
      0.1111111119389534,
      0.1111111119389534,
      0.25,
      0.25,
      1,
      0.25,
      0.25,
      1,
      1,
      1,
      0.25,
      0.25,
      0.1111111119389534,
      0.1111111119389534,
      0.0625
    ],
    [
      0.0625,
      0.1111111119389534,
      0.1111111119389534,
      0.0625,
      0.1111111119389534,
      0.25,
      0.25,
      1,
      0.25,
      0.25,
      0.1111111119389534,
      0.1111111119389534,
      0.25,
      1,
      1,
      1,
      0.25,
      0.1111111119389534,
      0.0625,
      0.03999999910593033
    ],
    [
      0.03999999910593033,
      0.0625,
      0.1111111119389534,
      0.1111111119389534,
      0.25,
      1,
      0.25,
      0.25,
      0.1111111119389534,
      0.1111111119389534,
      0.0625,
      0.1111111119389534,
      0.25,
      0.25,
      1,
      1,
      1,
      0.25,
      0.1111111119389534,
      0.0625
    ],
    [
      0.0625,
      0.03999999910593033,
      0.0625,
      0.1111111119389534,
      0.25,
      0.25,
      0.1111111119389534,
      0.1111111119389534,
      0.0625,
      0.1111111119389534,
      0.1111111119389534,
      0.25,
      1,
      0.25,
      0.25,
      1,
      1,
      1,
      0.25,
      0.1111111119389534
    ],
    [
      0.1111111119389534,
      0.0625,
      0.1111111119389534,
      0.25,
      1,
      0.25,
      0.1111111119389534,
      0.0625,
      0.03999999910593033,
      0.0625,
      0.1111111119389534,
      0.25,
      0.25,
      0.1111111119389534,
      0.1111111119389534,
      0.25,
      1,
      1,
      1,
      0.25
    ],
    [
      0.25,
      0.1111111119389534,
      0.1111111119389534,
      0.25,
      0.25,
      0.1111111119389534,
      0.0625,
      0.03999999910593033,
      0.0625,
      0.1111111119389534,
      0.25,
      1,
      0.25,
      0.1111111119389534,
      0.0625,
      0.1111111119389534,
      0.25,
      1,
      1,
      1
    ],
    [
      1,
      0.25,
      0.25,
      1,
      0.25,
      0.1111111119389534,
      0.1111111119389534,
      0.0625,
      0.1111111119389534,
      0.1111111119389534,
      0.25,
      0.25,
      0.1111111119389534,
      0.0625,
      0.03999999910593033,
      0.0625,
      0.1111111119389534,
      0.25,
      1,
      1
    ]
  ]
}