{
  "nodes": [
    {
      "index": 0,
      "id": 0,
      "x": 1.806166172027588,
      "y": 0.05168534815311432
    },
    {
      "index": 1,
      "id": 1,
      "x": 0.2810121476650238,
      "y": 4.444538593292236
    },
    {
      "index": 2,
      "id": 2,
      "x": 2.9677999019622803,
      "y": -3.320406436920166
    },
    {
      "index": 3,
      "id": 3,
      "x": -0.19693458080291748,
      "y": -0.38340380787849426
    },
    {
      "index": 4,
      "id": 4,
      "x": -1.3728446960449219,
      "y": 2.3206703662872314
    },
    {
      "index": 5,
      "id": 5,
      "x": 0.3027688264846802,
      "y": 1.2888901233673096
    },
    {
      "index": 6,
      "id": 6,
      "x": 0.3550006151199341,
      "y": -2.6728625297546387
    },
    {
      "index": 7,
      "id": 7,
      "x": -0.9061149954795837,
      "y": -1.1077743768692017
    },
    {
      "index": 8,
      "id": 8,
      "x": -0.23387902975082397,
      "y": 2.3467812538146973
    },
    {
      "index": 9,
      "id": 9,
      "x": 2.1757373809814453,
      "y": -2.6359128952026367
    },
    {
      "index": 10,
      "id": 10,
      "x": -0.3917630612850189,
      "y": 0.1797049343585968
    },
    {
      "index": 11,
      "id": 11,
      "x": 0.08136065304279327,
      "y": 3.4169039726257324
    },
    {
      "index": 12,
      "id": 12,
      "x": 1.2665326595306396,
      "y": -1.989465355873108
    },
    {
      "index": 13,
      "id": 13,
      "x": 1.4518632888793945,
      "y": 1.075644850730896
    },
    {
      "index": 14,
      "id": 14,
      "x": -1.9947056770324707,
      "y": 1.3760573863983154
    },
    {
      "index": 15,
      "id": 15,
      "x": -3.0885908603668213,
      "y": 1.6257221698760986
    },
    {
      "index": 16,
      "id": 16,
      "x": -1.4233335256576538,
      "y": -3.1869215965270996
    },
    {
      "index": 17,
      "id": 17,
      "x": 1.0345946550369263,
      "y": -0.8261380791664124
    },
    {
      "index": 18,
      "id": 18,
      "x": -1.3969980478286743,
      "y": 0.31085872650146484
    },
    {
      "index": 19,
      "id": 19,
      "x": -0.7176764607429504,
      "y": -2.3145859241485596
    }
  ],
  "edges": [
    {
      "source": 0,
      "target": 17
    },
    {
      "source": 0,
      "target": 13
    },
    {
      "source": 1,
      "target": 11
    },
    {
      "source": 2,
      "target": 9
    },
    {
      "source": 3,
      "target": 17
    },
    {
      "source": 3,
      "target": 18
    },
    {
      "source": 4,
      "target": 8
    },
    {
      "source": 4,
      "target": 14
    },
    {
      "source": 5,
      "target": 8
    },
    {
      "source": 5,
      "target": 10
    },
    {
      "source": 5,
      "target": 13
    },
    {
      "source": 6,
      "target": 19
    },
    {
      "source": 6,
      "target": 12
    },
    {
      "source": 7,
      "target": 10
    },
    {
      "source": 7,
      "target": 19
    },
    {
      "source": 8,
      "target": 11
    },
    {
      "source": 9,
      "target": 12
    },
    {
      "source": 12,
      "target": 17
    },
    {
      "source": 14,
      "target": 18
    },
    {
      "source": 14,
      "target": 15
    },
    {
      "source": 16,
      "target": 19
    }
  ],
  "coef": {
    "stress": 0.33,
    "crossing_angle": 1,
    "neighbor": 0,
    "edge_uniformity": 0,
    "crossing_number": 0,
    "angular_resolution": 0,
    "vertex_resolution": 0,
    "gabriel": 0,
    "aspect_ratio": 0
  },
  "optimizer": {
    "lr": 0.44932896411722156,
    "momentum": 0.68
  },
  "graphDistance": [
    [
      0,
      5,
      4,
      2,
      4,
      2,
      3,
      4,
      3,
      3,
      3,
      4,
      2,
      1,
      4,
      5,
      5,
      1,
      3,
      4
    ],
    [
      5,
      0,
      9,
      6,
      3,
      3,
      7,
      5,
      2,
      8,
      4,
      1,
      7,
      4,
      4,
      5,
      7,
      6,
      5,
      6
    ],
    [
      4,
      9,
      0,
      4,
      7,
      6,
      3,
      5,
      7,
      1,
      6,
      8,
      2,
      5,
      6,
      7,
      5,
      3,
      5,
      4
    ],
    [
      2,
      6,
      4,
      0,
      3,
      4,
      3,
      5,
      4,
      3,
      5,
      5,
      2,
      3,
      2,
      3,
      5,
      1,
      1,
      4
    ],
    [
      4,
      3,
      7,
      3,
      0,
      2,
      6,
      4,
      1,
      6,
      3,
      2,
      5,
      3,
      1,
      2,
      6,
      4,
      2,
      5
    ],
    [
      2,
      3,
      6,
      4,
      2,
      0,
      4,
      2,
      1,
      5,
      1,
      2,
      4,
      1,
      3,
      4,
      4,
      3,
      4,
      3
    ],
    [
      3,
      7,
      3,
      3,
      6,
      4,
      0,
      2,
      5,
      2,
      3,
      6,
      1,
      4,
      5,
      6,
      2,
      2,
      4,
      1
    ],
    [
      4,
      5,
      5,
      5,
      4,
      2,
      2,
      0,
      3,
      4,
      1,
      4,
      3,
      3,
      5,
      6,
      2,
      4,
      6,
      1
    ],
    [
      3,
      2,
      7,
      4,
      1,
      1,
      5,
      3,
      0,
      6,
      2,
      1,
      5,
      2,
      2,
      3,
      5,
      4,
      3,
      4
    ],
    [
      3,
      8,
      1,
      3,
      6,
      5,
      2,
      4,
      6,
      0,
      5,
      7,
      1,
      4,
      5,
      6,
      4,
      2,
      4,
      3
    ],
    [
      3,
      4,
      6,
      5,
      3,
      1,
      3,
      1,
      2,
      5,
      0,
      3,
      4,
      2,
      4,
      5,
      3,
      4,
      5,
      2
    ],
    [
      4,
      1,
      8,
      5,
      2,
      2,
      6,
      4,
      1,
      7,
      3,
      0,
      6,
      3,
      3,
      4,
      6,
      5,
      4,
      5
    ],
    [
      2,
      7,
      2,
      2,
      5,
      4,
      1,
      3,
      5,
      1,
      4,
      6,
      0,
      3,
      4,
      5,
      3,
      1,
      3,
      2
    ],
    [
      1,
      4,
      5,
      3,
      3,
      1,
      4,
      3,
      2,
      4,
      2,
      3,
      3,
      0,
      4,
      5,
      5,
      2,
      4,
      4
    ],
    [
      4,
      4,
      6,
      2,
      1,
      3,
      5,
      5,
      2,
      5,
      4,
      3,
      4,
      4,
      0,
      1,
      7,
      3,
      1,
      6
    ],
    [
      5,
      5,
      7,
      3,
      2,
      4,
      6,
      6,
      3,
      6,
      5,
      4,
      5,
      5,
      1,
      0,
      8,
      4,
      2,
      7
    ],
    [
      5,
      7,
      5,
      5,
      6,
      4,
      2,
      2,
      5,
      4,
      3,
      6,
      3,
      5,
      7,
      8,
      0,
      4,
      6,
      1
    ],
    [
      1,
      6,
      3,
      1,
      4,
      3,
      2,
      4,
      4,
      2,
      4,
      5,
      1,
      2,
      3,
      4,
      4,
      0,
      2,
      3
    ],
    [
      3,
      5,
      5,
      1,
      2,
      4,
      4,
      6,
      3,
      4,
      5,
      4,
      3,
      4,
      1,
      2,
      6,
      2,
      0,
      5
    ],
    [
      4,
      6,
      4,
      4,
      5,
      3,
      1,
      1,
      4,
      3,
      2,
      5,
      2,
      4,
      6,
      7,
      1,
      3,
      5,
      0
    ]
  ],
  "weight": [
    [
      1,
      0.03999999910593033,
      0.0625,
      0.25,
      0.0625,
      0.25,
      0.1111111119389534,
      0.0625,
      0.1111111119389534,
      0.1111111119389534,
      0.1111111119389534,
      0.0625,
      0.25,
      1,
      0.0625,
      0.03999999910593033,
      0.03999999910593033,
      1,
      0.1111111119389534,
      0.0625
    ],
    [
      0.03999999910593033,
      1,
      0.012345679104328156,
      0.02777777798473835,
      0.1111111119389534,
      0.1111111119389534,
      0.020408162847161293,
      0.03999999910593033,
      0.25,
      0.015625,
      0.0625,
      1,
      0.020408162847161293,
      0.0625,
      0.0625,
      0.03999999910593033,
      0.020408162847161293,
      0.02777777798473835,
      0.03999999910593033,
      0.02777777798473835
    ],
    [
      0.0625,
      0.012345679104328156,
      1,
      0.0625,
      0.020408162847161293,
      0.02777777798473835,
      0.1111111119389534,
      0.03999999910593033,
      0.020408162847161293,
      1,
      0.02777777798473835,
      0.015625,
      0.25,
      0.03999999910593033,
      0.02777777798473835,
      0.020408162847161293,
      0.03999999910593033,
      0.1111111119389534,
      0.03999999910593033,
      0.0625
    ],
    [
      0.25,
      0.02777777798473835,
      0.0625,
      1,
      0.1111111119389534,
      0.0625,
      0.1111111119389534,
      0.03999999910593033,
      0.0625,
      0.1111111119389534,
      0.03999999910593033,
      0.03999999910593033,
      0.25,
      0.1111111119389534,
      0.25,
      0.1111111119389534,
      0.03999999910593033,
      1,
      1,
      0.0625
    ],
    [
      0.0625,
      0.1111111119389534,
      0.020408162847161293,
      0.1111111119389534,
      1,
      0.25,
      0.02777777798473835,
      0.0625,
      1,
      0.02777777798473835,
      0.1111111119389534,
      0.25,
      0.03999999910593033,
      0.1111111119389534,
      1,
      0.25,
      0.02777777798473835,
      0.0625,
      0.25,
      0.03999999910593033
    ],
    [
      0.25,
      0.1111111119389534,
      0.02777777798473835,
      0.0625,
      0.25,
      1,
      0.0625,
      0.25,
      1,
      0.03999999910593033,
      1,
      0.25,
      0.0625,
      1,
      0.1111111119389534,
      0.0625,
      0.0625,
      0.1111111119389534,
      0.0625,
      0.1111111119389534
    ],
    [
      0.1111111119389534,
      0.020408162847161293,
      0.1111111119389534,
      0.1111111119389534,
      0.02777777798473835,
      0.0625,
      1,
      0.25,
      0.03999999910593033,
      0.25,
      0.1111111119389534,
      0.02777777798473835,
      1,
      0.0625,
      0.03999999910593033,
      0.02777777798473835,
      0.25,
      0.25,
      0.0625,
      1
    ],
    [
      0.0625,
      0.03999999910593033,
      0.03999999910593033,
      0.03999999910593033,
      0.0625,
      0.25,
      0.25,
      1,
      0.1111111119389534,
      0.0625,
      1,
      0.0625,
      0.1111111119389534,
      0.1111111119389534,
      0.03999999910593033,
      0.02777777798473835,
      0.25,
      0.0625,
      0.02777777798473835,
      1
    ],
    [
      0.1111111119389534,
      0.25,
      0.020408162847161293,
      0.0625,
      1,
      1,
      0.03999999910593033,
      0.1111111119389534,
      1,
      0.02777777798473835,
      0.25,
      1,
      0.03999999910593033,
      0.25,
      0.25,
      0.1111111119389534,
      0.03999999910593033,
      0.0625,
      0.1111111119389534,
      0.0625
    ],
    [
      0.1111111119389534,
      0.015625,
      1,
      0.1111111119389534,
      0.02777777798473835,
      0.03999999910593033,
      0.25,
      0.0625,
      0.02777777798473835,
      1,
      0.03999999910593033,
      0.020408162847161293,
      1,
      0.0625,
      0.03999999910593033,
      0.02777777798473835,
      0.0625,
      0.25,
      0.0625,
      0.1111111119389534
    ],
    [
      0.1111111119389534,
      0.0625,
      0.02777777798473835,
      0.03999999910593033,
      0.1111111119389534,
      1,
      0.1111111119389534,
      1,
      0.25,
      0.03999999910593033,
      1,
      0.1111111119389534,
      0.0625,
      0.25,
      0.0625,
      0.03999999910593033,
      0.1111111119389534,
      0.0625,
      0.03999999910593033,
      0.25
    ],
    [
      0.0625,
      1,
      0.015625,
      0.03999999910593033,
      0.25,
      0.25,
      0.02777777798473835,
      0.0625,
      1,
      0.020408162847161293,
      0.1111111119389534,
      1,
      0.02777777798473835,
      0.1111111119389534,
      0.1111111119389534,
      0.0625,
      0.02777777798473835,
      0.03999999910593033,
      0.0625,
      0.03999999910593033
    ],
    [
      0.25,
      0.020408162847161293,
      0.25,
      0.25,
      0.03999999910593033,
      0.0625,
      1,
      0.1111111119389534,
      0.03999999910593033,
      1,
      0.0625,
      0.02777777798473835,
      1,
      0.1111111119389534,
      0.0625,
      0.03999999910593033,
      0.1111111119389534,
      1,
      0.1111111119389534,
      0.25
    ],
    [
      1,
      0.0625,
      0.03999999910593033,
      0.1111111119389534,
      0.1111111119389534,
      1,
      0.0625,
      0.1111111119389534,
      0.25,
      0.0625,
      0.25,
      0.1111111119389534,
      0.1111111119389534,
      1,
      0.0625,
      0.03999999910593033,
      0.03999999910593033,
      0.25,
      0.0625,
      0.0625
    ],
    [
      0.0625,
      0.0625,
      0.02777777798473835,
      0.25,
      1,
      0.1111111119389534,
      0.03999999910593033,
      0.03999999910593033,
      0.25,
      0.03999999910593033,
      0.0625,
      0.1111111119389534,
      0.0625,
      0.0625,
      1,
      1,
      0.020408162847161293,
      0.1111111119389534,
      1,
      0.02777777798473835
    ],
    [
      0.03999999910593033,
      0.03999999910593033,
      0.020408162847161293,
      0.1111111119389534,
      0.25,
      0.0625,
      0.02777777798473835,
      0.02777777798473835,
      0.1111111119389534,
      0.02777777798473835,
      0.03999999910593033,
      0.0625,
      0.03999999910593033,
      0.03999999910593033,
      1,
      1,
      0.015625,
      0.0625,
      0.25,
      0.020408162847161293
    ],
    [
      0.03999999910593033,
      0.020408162847161293,
      0.03999999910593033,
      0.03999999910593033,
      0.02777777798473835,
      0.0625,
      0.25,
      0.25,
      0.03999999910593033,
      0.0625,
      0.1111111119389534,
      0.02777777798473835,
      0.1111111119389534,
      0.03999999910593033,
      0.020408162847161293,
      0.015625,
      1,
      0.0625,
      0.02777777798473835,
      1
    ],
    [
      1,
      0.02777777798473835,
      0.1111111119389534,
      1,
      0.0625,
      0.1111111119389534,
      0.25,
      0.0625,
      0.0625,
      0.25,
      0.0625,
      0.03999999910593033,
      1,
      0.25,
      0.1111111119389534,
      0.0625,
      0.0625,
      1,
      0.25,
      0.1111111119389534
    ],
    [
      0.1111111119389534,
      0.03999999910593033,
      0.03999999910593033,
      1,
      0.25,
      0.0625,
      0.0625,
      0.02777777798473835,
      0.1111111119389534,
      0.0625,
      0.03999999910593033,
      0.0625,
      0.1111111119389534,
      0.0625,
      1,
      0.25,
      0.02777777798473835,
      0.25,
      1,
      0.03999999910593033
    ],
    [
      0.0625,
      0.02777777798473835,
      0.0625,
      0.0625,
      0.03999999910593033,
      0.1111111119389534,
      1,
      1,
      0.0625,
      0.1111111119389534,
      0.25,
      0.03999999910593033,
      0.25,
      0.0625,
      0.02777777798473835,
      0.020408162847161293,
      1,
      0.1111111119389534,
      0.03999999910593033,
      1
    ]
  ]
}