{
  "nodes": [
    {
      "index": 0,
      "id": "0",
      "x": 323.73,
      "y": 319.93
    },
    {
      "index": 1,
      "id": "1",
      "x": 354.27,
      "y": 384.57
    },
    {
      "index": 2,
      "id": "2",
      "x": 362.79,
      "y": 467.82
    },
    {
      "index": 3,
      "id": "3",
      "x": 300.1,
      "y": 429.77
    },
    {
      "index": 4,
      "id": "4",
      "x": 416.31,
      "y": 423.81
    },
    {
      "index": 5,
      "id": "5",
      "x": 477.28,
      "y": 238.7
    },
    {
      "index": 6,
      "id": "6",
      "x": 555.09,
      "y": 238.62
    },
    {
      "index": 7,
      "id": "7",
      "x": 617.12,
      "y": 239.61
    },
    {
      "index": 8,
      "id": "8",
      "x": 584.56,
      "y": 194.61
    },
    {
      "index": 9,
      "id": "9",
      "x": 583.96,
      "y": 283.62
    },
    {
      "index": 10,
      "id": "10",
      "x": 328.03,
      "y": 152.82
    },
    {
      "index": 11,
      "id": "11",
      "x": 348.3,
      "y": 83.833
    },
    {
      "index": 12,
      "id": "12",
      "x": 410.32,
      "y": 62.24
    },
    {
      "index": 13,
      "id": "13",
      "x": 371.41,
      "y": 18.0
    },
    {
      "index": 14,
      "id": "14",
      "x": 309.37,
      "y": 39.81
    },
    {
      "index": 15,
      "id": "15",
      "x": 155.04,
      "y": 277.41
    },
    {
      "index": 16,
      "id": "16",
      "x": 37.256,
      "y": 358.49
    },
    {
      "index": 17,
      "id": "17",
      "x": 38.691,
      "y": 312.56
    },
    {
      "index": 18,
      "id": "18",
      "x": 99.276,
      "y": 381.3
    },
    {
      "index": 19,
      "id": "19",
      "x": 100.7,
      "y": 335.65
    },
    {
      "index": 20,
      "id": "20",
      "x": 155.11,
      "y": 199.75
    },
    {
      "index": 21,
      "id": "21",
      "x": 44.707,
      "y": 109.38
    },
    {
      "index": 22,
      "id": "22",
      "x": 106.74,
      "y": 104.44
    },
    {
      "index": 23,
      "id": "23",
      "x": 27.0,
      "y": 158.68
    },
    {
      "index": 24,
      "id": "24",
      "x": 89.031,
      "y": 153.4
    }
  ],
  "edges": [
    {
      "source": "0",
      "target": "20"
    },
    {
      "source": "0",
      "target": "4"
    },
    {
      "source": "0",
      "target": "1"
    },
    {
      "source": "0",
      "target": "5"
    },
    {
      "source": "0",
      "target": "2"
    },
    {
      "source": "0",
      "target": "3"
    },
    {
      "source": "1",
      "target": "4"
    },
    {
      "source": "1",
      "target": "3"
    },
    {
      "source": "1",
      "target": "2"
    },
    {
      "source": "2",
      "target": "4"
    },
    {
      "source": "2",
      "target": "3"
    },
    {
      "source": "3",
      "target": "4"
    },
    {
      "source": "5",
      "target": "9"
    },
    {
      "source": "5",
      "target": "8"
    },
    {
      "source": "5",
      "target": "6"
    },
    {
      "source": "5",
      "target": "7"
    },
    {
      "source": "5",
      "target": "10"
    },
    {
      "source": "6",
      "target": "9"
    },
    {
      "source": "6",
      "target": "8"
    },
    {
      "source": "6",
      "target": "7"
    },
    {
      "source": "7",
      "target": "9"
    },
    {
      "source": "7",
      "target": "8"
    },
    {
      "source": "8",
      "target": "9"
    },
    {
      "source": "10",
      "target": "15"
    },
    {
      "source": "10",
      "target": "12"
    },
    {
      "source": "10",
      "target": "11"
    },
    {
      "source": "10",
      "target": "13"
    },
    {
      "source": "10",
      "target": "14"
    },
    {
      "source": "11",
      "target": "12"
    },
    {
      "source": "11",
      "target": "13"
    },
    {
      "source": "11",
      "target": "14"
    },
    {
      "source": "12",
      "target": "13"
    },
    {
      "source": "12",
      "target": "14"
    },
    {
      "source": "13",
      "target": "14"
    },
    {
      "source": "15",
      "target": "18"
    },
    {
      "source": "15",
      "target": "16"
    },
    {
      "source": "15",
      "target": "20"
    },
    {
      "source": "15",
      "target": "19"
    },
    {
      "source": "15",
      "target": "17"
    },
    {
      "source": "16",
      "target": "18"
    },
    {
      "source": "16",
      "target": "19"
    },
    {
      "source": "16",
      "target": "17"
    },
    {
      "source": "17",
      "target": "18"
    },
    {
      "source": "17",
      "target": "19"
    },
    {
      "source": "18",
      "target": "19"
    },
    {
      "source": "20",
      "target": "24"
    },
    {
      "source": "20",
      "target": "23"
    },
    {
      "source": "20",
      "target": "22"
    },
    {
      "source": "20",
      "target": "21"
    },
    {
      "source": "21",
      "target": "24"
    },
    {
      "source": "21",
      "target": "23"
    },
    {
      "source": "21",
      "target": "22"
    },
    {
      "source": "22",
      "target": "24"
    },
    {
      "source": "22",
      "target": "23"
    },
    {
      "source": "23",
      "target": "24"
    }
  ],
  "weight": [
    [
      1.0,
      1.0,
      1.0,
      1.0,
      1.0,
      1.0,
      0.25,
      0.25,
      0.25,
      0.25,
      0.25,
      0.1111111119389534,
      0.1111111119389534,
      0.1111111119389534,
      0.1111111119389534,
      0.25,
      0.1111111119389534,
      0.1111111119389534,
      0.1111111119389534,
      0.1111111119389534,
      1.0,
      0.25,
      0.25,
      0.25,
      0.25
    ],
    [
      1.0,
      1.0,
      1.0,
      1.0,
      1.0,
      0.25,
      0.1111111119389534,
      0.1111111119389534,
      0.1111111119389534,
      0.1111111119389534,
      0.1111111119389534,
      0.0625,
      0.0625,
      0.0625,
      0.0625,
      0.1111111119389534,
      0.0625,
      0.0625,
      0.0625,
      0.0625,
      0.25,
      0.1111111119389534,
      0.1111111119389534,
      0.1111111119389534,
      0.1111111119389534
    ],
    [
      1.0,
      1.0,
      1.0,
      1.0,
      1.0,
      0.25,
      0.1111111119389534,
      0.1111111119389534,
      0.1111111119389534,
      0.1111111119389534,
      0.1111111119389534,
      0.0625,
      0.0625,
      0.0625,
      0.0625,
      0.1111111119389534,
      0.0625,
      0.0625,
      0.0625,
      0.0625,
      0.25,
      0.1111111119389534,
      0.1111111119389534,
      0.1111111119389534,
      0.1111111119389534
    ],
    [
      1.0,
      1.0,
      1.0,
      1.0,
      1.0,
      0.25,
      0.1111111119389534,
      0.1111111119389534,
      0.1111111119389534,
      0.1111111119389534,
      0.1111111119389534,
      0.0625,
      0.0625,
      0.0625,
      0.0625,
      0.1111111119389534,
      0.0625,
      0.0625,
      0.0625,
      0.0625,
      0.25,
      0.1111111119389534,
      0.1111111119389534,
      0.1111111119389534,
      0.1111111119389534
    ],
    [
      1.0,
      1.0,
      1.0,
      1.0,
      1.0,
      0.25,
      0.1111111119389534,
      0.1111111119389534,
      0.1111111119389534,
      0.1111111119389534,
      0.1111111119389534,
      0.0625,
      0.0625,
      0.0625,
      0.0625,
      0.1111111119389534,
      0.0625,
      0.0625,
      0.0625,
      0.0625,
      0.25,
      0.1111111119389534,
      0.1111111119389534,
      0.1111111119389534,
      0.1111111119389534
    ],
    [
      1.0,
      0.25,
      0.25,
      0.25,
      0.25,
      1.0,
      1.0,
      1.0,
      1.0,
      1.0,
      1.0,
      0.25,
      0.25,
      0.25,
      0.25,
      0.25,
      0.1111111119389534,
      0.1111111119389534,
      0.1111111119389534,
      0.1111111119389534,
      0.25,
      0.1111111119389534,
      0.1111111119389534,
      0.1111111119389534,
      0.1111111119389534
    ],
    [
      0.25,
      0.1111111119389534,
      0.1111111119389534,
      0.1111111119389534,
      0.1111111119389534,
      1.0,
      1.0,
      1.0,
      1.0,
      1.0,
      0.25,
      0.1111111119389534,
      0.1111111119389534,
      0.1111111119389534,
      0.1111111119389534,
      0.1111111119389534,
      0.0625,
      0.0625,
      0.0625,
      0.0625,
      0.1111111119389534,
      0.0625,
      0.0625,
      0.0625,
      0.0625
    ],
    [
      0.25,
      0.1111111119389534,
      0.1111111119389534,
      0.1111111119389534,
      0.1111111119389534,
      1.0,
      1.0,
      1.0,
      1.0,
      1.0,
      0.25,
      0.1111111119389534,
      0.1111111119389534,
      0.1111111119389534,
      0.1111111119389534,
      0.1111111119389534,
      0.0625,
      0.0625,
      0.0625,
      0.0625,
      0.1111111119389534,
      0.0625,
      0.0625,
      0.0625,
      0.0625
    ],
    [
      0.25,
      0.1111111119389534,
      0.1111111119389534,
      0.1111111119389534,
      0.1111111119389534,
      1.0,
      1.0,
      1.0,
      1.0,
      1.0,
      0.25,
      0.1111111119389534,
      0.1111111119389534,
      0.1111111119389534,
      0.1111111119389534,
      0.1111111119389534,
      0.0625,
      0.0625,
      0.0625,
      0.0625,
      0.1111111119389534,
      0.0625,
      0.0625,
      0.0625,
      0.0625
    ],
    [
      0.25,
      0.1111111119389534,
      0.1111111119389534,
      0.1111111119389534,
      0.1111111119389534,
      1.0,
      1.0,
      1.0,
      1.0,
      1.0,
      0.25,
      0.1111111119389534,
      0.1111111119389534,
      0.1111111119389534,
      0.1111111119389534,
      0.1111111119389534,
      0.0625,
      0.0625,
      0.0625,
      0.0625,
      0.1111111119389534,
      0.0625,
      0.0625,
      0.0625,
      0.0625
    ],
    [
      0.25,
      0.1111111119389534,
      0.1111111119389534,
      0.1111111119389534,
      0.1111111119389534,
      1.0,
      0.25,
      0.25,
      0.25,
      0.25,
      1.0,
      1.0,
      1.0,
      1.0,
      1.0,
      1.0,
      0.25,
      0.25,
      0.25,
      0.25,
      0.25,
      0.1111111119389534,
      0.1111111119389534,
      0.1111111119389534,
      0.1111111119389534
    ],
    [
      0.1111111119389534,
      0.0625,
      0.0625,
      0.0625,
      0.0625,
      0.25,
      0.1111111119389534,
      0.1111111119389534,
      0.1111111119389534,
      0.1111111119389534,
      1.0,
      1.0,
      1.0,
      1.0,
      1.0,
      0.25,
      0.1111111119389534,
      0.1111111119389534,
      0.1111111119389534,
      0.1111111119389534,
      0.1111111119389534,
      0.0625,
      0.0625,
      0.0625,
      0.0625
    ],
    [
      0.1111111119389534,
      0.0625,
      0.0625,
      0.0625,
      0.0625,
      0.25,
      0.1111111119389534,
      0.1111111119389534,
      0.1111111119389534,
      0.1111111119389534,
      1.0,
      1.0,
      1.0,
      1.0,
      1.0,
      0.25,
      0.1111111119389534,
      0.1111111119389534,
      0.1111111119389534,
      0.1111111119389534,
      0.1111111119389534,
      0.0625,
      0.0625,
      0.0625,
      0.0625
    ],
    [
      0.1111111119389534,
      0.0625,
      0.0625,
      0.0625,
      0.0625,
      0.25,
      0.1111111119389534,
      0.1111111119389534,
      0.1111111119389534,
      0.1111111119389534,
      1.0,
      1.0,
      1.0,
      1.0,
      1.0,
      0.25,
      0.1111111119389534,
      0.1111111119389534,
      0.1111111119389534,
      0.1111111119389534,
      0.1111111119389534,
      0.0625,
      0.0625,
      0.0625,
      0.0625
    ],
    [
      0.1111111119389534,
      0.0625,
      0.0625,
      0.0625,
      0.0625,
      0.25,
      0.1111111119389534,
      0.1111111119389534,
      0.1111111119389534,
      0.1111111119389534,
      1.0,
      1.0,
      1.0,
      1.0,
      1.0,
      0.25,
      0.1111111119389534,
      0.1111111119389534,
      0.1111111119389534,
      0.1111111119389534,
      0.1111111119389534,
      0.0625,
      0.0625,
      0.0625,
      0.0625
    ],
    [
      0.25,
      0.1111111119389534,
      0.1111111119389534,
      0.1111111119389534,
      0.1111111119389534,
      0.25,
      0.1111111119389534,
      0.1111111119389534,
      0.1111111119389534,
      0.1111111119389534,
      1.0,
      0.25,
      0.25,
      0.25,
      0.25,
      1.0,
      1.0,
      1.0,
      1.0,
      1.0,
      1.0,
      0.25,
      0.25,
      0.25,
      0.25
    ],
    [
      0.1111111119389534,
      0.0625,
      0.0625,
      0.0625,
      0.0625,
      0.1111111119389534,
      0.0625,
      0.0625,
      0.0625,
      0.0625,
      0.25,
      0.1111111119389534,
      0.1111111119389534,
      0.1111111119389534,
      0.1111111119389534,
      1.0,
      1.0,
      1.0,
      1.0,
      1.0,
      0.25,
      0.1111111119389534,
      0.1111111119389534,
      0.1111111119389534,
      0.1111111119389534
    ],
    [
      0.1111111119389534,
      0.0625,
      0.0625,
      0.0625,
      0.0625,
      0.1111111119389534,
      0.0625,
      0.0625,
      0.0625,
      0.0625,
      0.25,
      0.1111111119389534,
      0.1111111119389534,
      0.1111111119389534,
      0.1111111119389534,
      1.0,
      1.0,
      1.0,
      1.0,
      1.0,
      0.25,
      0.1111111119389534,
      0.1111111119389534,
      0.1111111119389534,
      0.1111111119389534
    ],
    [
      0.1111111119389534,
      0.0625,
      0.0625,
      0.0625,
      0.0625,
      0.1111111119389534,
      0.0625,
      0.0625,
      0.0625,
      0.0625,
      0.25,
      0.1111111119389534,
      0.1111111119389534,
      0.1111111119389534,
      0.1111111119389534,
      1.0,
      1.0,
      1.0,
      1.0,
      1.0,
      0.25,
      0.1111111119389534,
      0.1111111119389534,
      0.1111111119389534,
      0.1111111119389534
    ],
    [
      0.1111111119389534,
      0.0625,
      0.0625,
      0.0625,
      0.0625,
      0.1111111119389534,
      0.0625,
      0.0625,
      0.0625,
      0.0625,
      0.25,
      0.1111111119389534,
      0.1111111119389534,
      0.1111111119389534,
      0.1111111119389534,
      1.0,
      1.0,
      1.0,
      1.0,
      1.0,
      0.25,
      0.1111111119389534,
      0.1111111119389534,
      0.1111111119389534,
      0.1111111119389534
    ],
    [
      1.0,
      0.25,
      0.25,
      0.25,
      0.25,
      0.25,
      0.1111111119389534,
      0.1111111119389534,
      0.1111111119389534,
      0.1111111119389534,
      0.25,
      0.1111111119389534,
      0.1111111119389534,
      0.1111111119389534,
      0.1111111119389534,
      1.0,
      0.25,
      0.25,
      0.25,
      0.25,
      1.0,
      1.0,
      1.0,
      1.0,
      1.0
    ],
    [
      0.25,
      0.1111111119389534,
      0.1111111119389534,
      0.1111111119389534,
      0.1111111119389534,
      0.1111111119389534,
      0.0625,
      0.0625,
      0.0625,
      0.0625,
      0.1111111119389534,
      0.0625,
      0.0625,
      0.0625,
      0.0625,
      0.25,
      0.1111111119389534,
      0.1111111119389534,
      0.1111111119389534,
      0.1111111119389534,
      1.0,
      1.0,
      1.0,
      1.0,
      1.0
    ],
    [
      0.25,
      0.1111111119389534,
      0.1111111119389534,
      0.1111111119389534,
      0.1111111119389534,
      0.1111111119389534,
      0.0625,
      0.0625,
      0.0625,
      0.0625,
      0.1111111119389534,
      0.0625,
      0.0625,
      0.0625,
      0.0625,
      0.25,
      0.1111111119389534,
      0.1111111119389534,
      0.1111111119389534,
      0.1111111119389534,
      1.0,
      1.0,
      1.0,
      1.0,
      1.0
    ],
    [
      0.25,
      0.1111111119389534,
      0.1111111119389534,
      0.1111111119389534,
      0.1111111119389534,
      0.1111111119389534,
      0.0625,
      0.0625,
      0.0625,
      0.0625,
      0.1111111119389534,
      0.0625,
      0.0625,
      0.0625,
      0.0625,
      0.25,
      0.1111111119389534,
      0.1111111119389534,
      0.1111111119389534,
      0.1111111119389534,
      1.0,
      1.0,
      1.0,
      1.0,
      1.0
    ],
    [
      0.25,
      0.1111111119389534,
      0.1111111119389534,
      0.1111111119389534,
      0.1111111119389534,
      0.1111111119389534,
      0.0625,
      0.0625,
      0.0625,
      0.0625,
      0.1111111119389534,
      0.0625,
      0.0625,
      0.0625,
      0.0625,
      0.25,
      0.1111111119389534,
      0.1111111119389534,
      0.1111111119389534,
      0.1111111119389534,
      1.0,
      1.0,
      1.0,
      1.0,
      1.0
    ]
  ],
  "graphDistance": [
    [
      0.0,
      1.0,
      1.0,
      1.0,
      1.0,
      1.0,
      2.0,
      2.0,
      2.0,
      2.0,
      2.0,
      3.0,
      3.0,
      3.0,
      3.0,
      2.0,
      3.0,
      3.0,
      3.0,
      3.0,
      1.0,
      2.0,
      2.0,
      2.0,
      2.0
    ],
    [
      1.0,
      0.0,
      1.0,
      1.0,
      1.0,
      2.0,
      3.0,
      3.0,
      3.0,
      3.0,
      3.0,
      4.0,
      4.0,
      4.0,
      4.0,
      3.0,
      4.0,
      4.0,
      4.0,
      4.0,
      2.0,
      3.0,
      3.0,
      3.0,
      3.0
    ],
    [
      1.0,
      1.0,
      0.0,
      1.0,
      1.0,
      2.0,
      3.0,
      3.0,
      3.0,
      3.0,
      3.0,
      4.0,
      4.0,
      4.0,
      4.0,
      3.0,
      4.0,
      4.0,
      4.0,
      4.0,
      2.0,
      3.0,
      3.0,
      3.0,
      3.0
    ],
    [
      1.0,
      1.0,
      1.0,
      0.0,
      1.0,
      2.0,
      3.0,
      3.0,
      3.0,
      3.0,
      3.0,
      4.0,
      4.0,
      4.0,
      4.0,
      3.0,
      4.0,
      4.0,
      4.0,
      4.0,
      2.0,
      3.0,
      3.0,
      3.0,
      3.0
    ],
    [
      1.0,
      1.0,
      1.0,
      1.0,
      0.0,
      2.0,
      3.0,
      3.0,
      3.0,
      3.0,
      3.0,
      4.0,
      4.0,
      4.0,
      4.0,
      3.0,
      4.0,
      4.0,
      4.0,
      4.0,
      2.0,
      3.0,
      3.0,
      3.0,
      3.0
    ],
    [
      1.0,
      2.0,
      2.0,
      2.0,
      2.0,
      0.0,
      1.0,
      1.0,
      1.0,
      1.0,
      1.0,
      2.0,
      2.0,
      2.0,
      2.0,
      2.0,
      3.0,
      3.0,
      3.0,
      3.0,
      2.0,
      3.0,
      3.0,
      3.0,
      3.0
    ],
    [
      2.0,
      3.0,
      3.0,
      3.0,
      3.0,
      1.0,
      0.0,
      1.0,
      1.0,
      1.0,
      2.0,
      3.0,
      3.0,
      3.0,
      3.0,
      3.0,
      4.0,
      4.0,
      4.0,
      4.0,
      3.0,
      4.0,
      4.0,
      4.0,
      4.0
    ],
    [
      2.0,
      3.0,
      3.0,
      3.0,
      3.0,
      1.0,
      1.0,
      0.0,
      1.0,
      1.0,
      2.0,
      3.0,
      3.0,
      3.0,
      3.0,
      3.0,
      4.0,
      4.0,
      4.0,
      4.0,
      3.0,
      4.0,
      4.0,
      4.0,
      4.0
    ],
    [
      2.0,
      3.0,
      3.0,
      3.0,
      3.0,
      1.0,
      1.0,
      1.0,
      0.0,
      1.0,
      2.0,
      3.0,
      3.0,
      3.0,
      3.0,
      3.0,
      4.0,
      4.0,
      4.0,
      4.0,
      3.0,
      4.0,
      4.0,
      4.0,
      4.0
    ],
    [
      2.0,
      3.0,
      3.0,
      3.0,
      3.0,
      1.0,
      1.0,
      1.0,
      1.0,
      0.0,
      2.0,
      3.0,
      3.0,
      3.0,
      3.0,
      3.0,
      4.0,
      4.0,
      4.0,
      4.0,
      3.0,
      4.0,
      4.0,
      4.0,
      4.0
    ],
    [
      2.0,
      3.0,
      3.0,
      3.0,
      3.0,
      1.0,
      2.0,
      2.0,
      2.0,
      2.0,
      0.0,
      1.0,
      1.0,
      1.0,
      1.0,
      1.0,
      2.0,
      2.0,
      2.0,
      2.0,
      2.0,
      3.0,
      3.0,
      3.0,
      3.0
    ],
    [
      3.0,
      4.0,
      4.0,
      4.0,
      4.0,
      2.0,
      3.0,
      3.0,
      3.0,
      3.0,
      1.0,
      0.0,
      1.0,
      1.0,
      1.0,
      2.0,
      3.0,
      3.0,
      3.0,
      3.0,
      3.0,
      4.0,
      4.0,
      4.0,
      4.0
    ],
    [
      3.0,
      4.0,
      4.0,
      4.0,
      4.0,
      2.0,
      3.0,
      3.0,
      3.0,
      3.0,
      1.0,
      1.0,
      0.0,
      1.0,
      1.0,
      2.0,
      3.0,
      3.0,
      3.0,
      3.0,
      3.0,
      4.0,
      4.0,
      4.0,
      4.0
    ],
    [
      3.0,
      4.0,
      4.0,
      4.0,
      4.0,
      2.0,
      3.0,
      3.0,
      3.0,
      3.0,
      1.0,
      1.0,
      1.0,
      0.0,
      1.0,
      2.0,
      3.0,
      3.0,
      3.0,
      3.0,
      3.0,
      4.0,
      4.0,
      4.0,
      4.0
    ],
    [
      3.0,
      4.0,
      4.0,
      4.0,
      4.0,
      2.0,
      3.0,
      3.0,
      3.0,
      3.0,
      1.0,
      1.0,
      1.0,
      1.0,
      0.0,
      2.0,
      3.0,
      3.0,
      3.0,
      3.0,
      3.0,
      4.0,
      4.0,
      4.0,
      4.0
    ],
    [
      2.0,
      3.0,
      3.0,
      3.0,
      3.0,
      2.0,
      3.0,
      3.0,
      3.0,
      3.0,
      1.0,
      2.0,
      2.0,
      2.0,
      2.0,
      0.0,
      1.0,
      1.0,
      1.0,
      1.0,
      1.0,
      2.0,
      2.0,
      2.0,
      2.0
    ],
    [
      3.0,
      4.0,
      4.0,
      4.0,
      4.0,
      3.0,
      4.0,
      4.0,
      4.0,
      4.0,
      2.0,
      3.0,
      3.0,
      3.0,
      3.0,
      1.0,
      0.0,
      1.0,
      1.0,
      1.0,
      2.0,
      3.0,
      3.0,
      3.0,
      3.0
    ],
    [
      3.0,
      4.0,
      4.0,
      4.0,
      4.0,
      3.0,
      4.0,
      4.0,
      4.0,
      4.0,
      2.0,
      3.0,
      3.0,
      3.0,
      3.0,
      1.0,
      1.0,
      0.0,
      1.0,
      1.0,
      2.0,
      3.0,
      3.0,
      3.0,
      3.0
    ],
    [
      3.0,
      4.0,
      4.0,
      4.0,
      4.0,
      3.0,
      4.0,
      4.0,
      4.0,
      4.0,
      2.0,
      3.0,
      3.0,
      3.0,
      3.0,
      1.0,
      1.0,
      1.0,
      0.0,
      1.0,
      2.0,
      3.0,
      3.0,
      3.0,
      3.0
    ],
    [
      3.0,
      4.0,
      4.0,
      4.0,
      4.0,
      3.0,
      4.0,
      4.0,
      4.0,
      4.0,
      2.0,
      3.0,
      3.0,
      3.0,
      3.0,
      1.0,
      1.0,
      1.0,
      1.0,
      0.0,
      2.0,
      3.0,
      3.0,
      3.0,
      3.0
    ],
    [
      1.0,
      2.0,
      2.0,
      2.0,
      2.0,
      2.0,
      3.0,
      3.0,
      3.0,
      3.0,
      2.0,
      3.0,
      3.0,
      3.0,
      3.0,
      1.0,
      2.0,
      2.0,
      2.0,
      2.0,
      0.0,
      1.0,
      1.0,
      1.0,
      1.0
    ],
    [
      2.0,
      3.0,
      3.0,
      3.0,
      3.0,
      3.0,
      4.0,
      4.0,
      4.0,
      4.0,
      3.0,
      4.0,
      4.0,
      4.0,
      4.0,
      2.0,
      3.0,
      3.0,
      3.0,
      3.0,
      1.0,
      0.0,
      1.0,
      1.0,
      1.0
    ],
    [
      2.0,
      3.0,
      3.0,
      3.0,
      3.0,
      3.0,
      4.0,
      4.0,
      4.0,
      4.0,
      3.0,
      4.0,
      4.0,
      4.0,
      4.0,
      2.0,
      3.0,
      3.0,
      3.0,
      3.0,
      1.0,
      1.0,
      0.0,
      1.0,
      1.0
    ],
    [
      2.0,
      3.0,
      3.0,
      3.0,
      3.0,
      3.0,
      4.0,
      4.0,
      4.0,
      4.0,
      3.0,
      4.0,
      4.0,
      4.0,
      4.0,
      2.0,
      3.0,
      3.0,
      3.0,
      3.0,
      1.0,
      1.0,
      1.0,
      0.0,
      1.0
    ],
    [
      2.0,
      3.0,
      3.0,
      3.0,
      3.0,
      3.0,
      4.0,
      4.0,
      4.0,
      4.0,
      3.0,
      4.0,
      4.0,
      4.0,
      4.0,
      2.0,
      3.0,
      3.0,
      3.0,
      3.0,
      1.0,
      1.0,
      1.0,
      1.0,
      0.0
    ]
  ]
}