{
  "nodes": [
    {
      "index": 0,
      "id": "0",
      "x": 273.42,
      "y": 18.0
    },
    {
      "index": 1,
      "id": "1",
      "x": 419.15,
      "y": 83.105
    },
    {
      "index": 2,
      "id": "2",
      "x": 525.89,
      "y": 193.74
    },
    {
      "index": 3,
      "id": "3",
      "x": 415.46,
      "y": 195.02
    },
    {
      "index": 4,
      "id": "4",
      "x": 355.31,
      "y": 343.63
    },
    {
      "index": 5,
      "id": "5",
      "x": 425.12,
      "y": 467.58
    },
    {
      "index": 6,
      "id": "6",
      "x": 528.05,
      "y": 354.03
    },
    {
      "index": 7,
      "id": "7",
      "x": 417.31,
      "y": 356.87
    },
    {
      "index": 8,
      "id": "8",
      "x": 352.84,
      "y": 208.5
    },
    {
      "index": 9,
      "id": "9",
      "x": 200.72,
      "y": 208.97
    },
    {
      "index": 10,
      "id": "10",
      "x": 130.0,
      "y": 86.991
    },
    {
      "index": 11,
      "id": "11",
      "x": 27.0,
      "y": 201.14
    },
    {
      "index": 12,
      "id": "12",
      "x": 29.476,
      "y": 361.11
    },
    {
      "index": 13,
      "id": "13",
      "x": 139.92,
      "y": 357.65
    },
    {
      "index": 14,
      "id": "14",
      "x": 279.61,
      "y": 442.98
    },
    {
      "index": 15,
      "id": "15",
      "x": 281.68,
      "y": 537.27
    },
    {
      "index": 16,
      "id": "16",
      "x": 135.96,
      "y": 472.26
    },
    {
      "index": 17,
      "id": "17",
      "x": 203.2,
      "y": 348.02
    },
    {
      "index": 18,
      "id": "18",
      "x": 137.49,
      "y": 201.81
    },
    {
      "index": 19,
      "id": "19",
      "x": 274.89,
      "y": 112.71
    }
  ],
  "edges": [
    {
      "source": "0",
      "target": "1"
    },
    {
      "source": "0",
      "target": "19"
    },
    {
      "source": "0",
      "target": "10"
    },
    {
      "source": "1",
      "target": "8"
    },
    {
      "source": "1",
      "target": "2"
    },
    {
      "source": "2",
      "target": "6"
    },
    {
      "source": "2",
      "target": "3"
    },
    {
      "source": "3",
      "target": "19"
    },
    {
      "source": "3",
      "target": "4"
    },
    {
      "source": "4",
      "target": "5"
    },
    {
      "source": "4",
      "target": "17"
    },
    {
      "source": "5",
      "target": "15"
    },
    {
      "source": "5",
      "target": "6"
    },
    {
      "source": "6",
      "target": "7"
    },
    {
      "source": "7",
      "target": "8"
    },
    {
      "source": "7",
      "target": "14"
    },
    {
      "source": "8",
      "target": "9"
    },
    {
      "source": "9",
      "target": "13"
    },
    {
      "source": "9",
      "target": "10"
    },
    {
      "source": "10",
      "target": "11"
    },
    {
      "source": "11",
      "target": "12"
    },
    {
      "source": "11",
      "target": "18"
    },
    {
      "source": "12",
      "target": "13"
    },
    {
      "source": "12",
      "target": "16"
    },
    {
      "source": "13",
      "target": "14"
    },
    {
      "source": "14",
      "target": "15"
    },
    {
      "source": "15",
      "target": "16"
    },
    {
      "source": "16",
      "target": "17"
    },
    {
      "source": "17",
      "target": "18"
    },
    {
      "source": "18",
      "target": "19"
    }
  ],
  "weight": [
    [
      1.0,
      1.0,
      0.25,
      0.25,
      0.1111111119389534,
      0.0625,
      0.1111111119389534,
      0.1111111119389534,
      0.25,
      0.25,
      1.0,
      0.25,
      0.1111111119389534,
      0.1111111119389534,
      0.0625,
      0.03999999910593033,
      0.0625,
      0.1111111119389534,
      0.25,
      1.0
    ],
    [
      1.0,
      1.0,
      1.0,
      0.25,
      0.1111111119389534,
      0.1111111119389534,
      0.25,
      0.25,
      1.0,
      0.25,
      0.25,
      0.1111111119389534,
      0.0625,
      0.1111111119389534,
      0.1111111119389534,
      0.0625,
      0.03999999910593033,
      0.0625,
      0.1111111119389534,
      0.25
    ],
    [
      0.25,
      1.0,
      1.0,
      1.0,
      0.25,
      0.25,
      1.0,
      0.25,
      0.25,
      0.1111111119389534,
      0.1111111119389534,
      0.0625,
      0.03999999910593033,
      0.0625,
      0.1111111119389534,
      0.1111111119389534,
      0.0625,
      0.1111111119389534,
      0.1111111119389534,
      0.25
    ],
    [
      0.25,
      0.25,
      1.0,
      1.0,
      1.0,
      0.25,
      0.25,
      0.1111111119389534,
      0.1111111119389534,
      0.0625,
      0.1111111119389534,
      0.1111111119389534,
      0.0625,
      0.03999999910593033,
      0.0625,
      0.1111111119389534,
      0.1111111119389534,
      0.25,
      0.25,
      1.0
    ],
    [
      0.1111111119389534,
      0.1111111119389534,
      0.25,
      1.0,
      1.0,
      1.0,
      0.25,
      0.1111111119389534,
      0.0625,
      0.03999999910593033,
      0.0625,
      0.1111111119389534,
      0.1111111119389534,
      0.0625,
      0.1111111119389534,
      0.25,
      0.25,
      1.0,
      0.25,
      0.25
    ],
    [
      0.0625,
      0.1111111119389534,
      0.25,
      0.25,
      1.0,
      1.0,
      1.0,
      0.25,
      0.1111111119389534,
      0.0625,
      0.03999999910593033,
      0.0625,
      0.1111111119389534,
      0.1111111119389534,
      0.25,
      1.0,
      0.25,
      0.25,
      0.1111111119389534,
      0.1111111119389534
    ],
    [
      0.1111111119389534,
      0.25,
      1.0,
      0.25,
      0.25,
      1.0,
      1.0,
      1.0,
      0.25,
      0.1111111119389534,
      0.0625,
      0.03999999910593033,
      0.0625,
      0.1111111119389534,
      0.25,
      0.25,
      0.1111111119389534,
      0.1111111119389534,
      0.0625,
      0.1111111119389534
    ],
    [
      0.1111111119389534,
      0.25,
      0.25,
      0.1111111119389534,
      0.1111111119389534,
      0.25,
      1.0,
      1.0,
      1.0,
      0.25,
      0.1111111119389534,
      0.0625,
      0.1111111119389534,
      0.25,
      1.0,
      0.25,
      0.1111111119389534,
      0.0625,
      0.03999999910593033,
      0.0625
    ],
    [
      0.25,
      1.0,
      0.25,
      0.1111111119389534,
      0.0625,
      0.1111111119389534,
      0.25,
      1.0,
      1.0,
      1.0,
      0.25,
      0.1111111119389534,
      0.1111111119389534,
      0.25,
      0.25,
      0.1111111119389534,
      0.0625,
      0.03999999910593033,
      0.0625,
      0.1111111119389534
    ],
    [
      0.25,
      0.25,
      0.1111111119389534,
      0.0625,
      0.03999999910593033,
      0.0625,
      0.1111111119389534,
      0.25,
      1.0,
      1.0,
      1.0,
      0.25,
      0.25,
      1.0,
      0.25,
      0.1111111119389534,
      0.1111111119389534,
      0.0625,
      0.1111111119389534,
      0.1111111119389534
    ],
    [
      1.0,
      0.25,
      0.1111111119389534,
      0.1111111119389534,
      0.0625,
      0.03999999910593033,
      0.0625,
      0.1111111119389534,
      0.25,
      1.0,
      1.0,
      1.0,
      0.25,
      0.25,
      0.1111111119389534,
      0.0625,
      0.1111111119389534,
      0.1111111119389534,
      0.25,
      0.25
    ],
    [
      0.25,
      0.1111111119389534,
      0.0625,
      0.1111111119389534,
      0.1111111119389534,
      0.0625,
      0.03999999910593033,
      0.0625,
      0.1111111119389534,
      0.25,
      1.0,
      1.0,
      1.0,
      0.25,
      0.1111111119389534,
      0.1111111119389534,
      0.25,
      0.25,
      1.0,
      0.25
    ],
    [
      0.1111111119389534,
      0.0625,
      0.03999999910593033,
      0.0625,
      0.1111111119389534,
      0.1111111119389534,
      0.0625,
      0.1111111119389534,
      0.1111111119389534,
      0.25,
      0.25,
      1.0,
      1.0,
      1.0,
      0.25,
      0.25,
      1.0,
      0.25,
      0.25,
      0.1111111119389534
    ],
    [
      0.1111111119389534,
      0.1111111119389534,
      0.0625,
      0.03999999910593033,
      0.0625,
      0.1111111119389534,
      0.1111111119389534,
      0.25,
      0.25,
      1.0,
      0.25,
      0.25,
      1.0,
      1.0,
      1.0,
      0.25,
      0.25,
      0.1111111119389534,
      0.1111111119389534,
      0.0625
    ],
    [
      0.0625,
      0.1111111119389534,
      0.1111111119389534,
      0.0625,
      0.1111111119389534,
      0.25,
      0.25,
      1.0,
      0.25,
      0.25,
      0.1111111119389534,
      0.1111111119389534,
      0.25,
      1.0,
      1.0,
      1.0,
      0.25,
      0.1111111119389534,
      0.0625,
      0.03999999910593033
    ],
    [
      0.03999999910593033,
      0.0625,
      0.1111111119389534,
      0.1111111119389534,
      0.25,
      1.0,
      0.25,
      0.25,
      0.1111111119389534,
      0.1111111119389534,
      0.0625,
      0.1111111119389534,
      0.25,
      0.25,
      1.0,
      1.0,
      1.0,
      0.25,
      0.1111111119389534,
      0.0625
    ],
    [
      0.0625,
      0.03999999910593033,
      0.0625,
      0.1111111119389534,
      0.25,
      0.25,
      0.1111111119389534,
      0.1111111119389534,
      0.0625,
      0.1111111119389534,
      0.1111111119389534,
      0.25,
      1.0,
      0.25,
      0.25,
      1.0,
      1.0,
      1.0,
      0.25,
      0.1111111119389534
    ],
    [
      0.1111111119389534,
      0.0625,
      0.1111111119389534,
      0.25,
      1.0,
      0.25,
      0.1111111119389534,
      0.0625,
      0.03999999910593033,
      0.0625,
      0.1111111119389534,
      0.25,
      0.25,
      0.1111111119389534,
      0.1111111119389534,
      0.25,
      1.0,
      1.0,
      1.0,
      0.25
    ],
    [
      0.25,
      0.1111111119389534,
      0.1111111119389534,
      0.25,
      0.25,
      0.1111111119389534,
      0.0625,
      0.03999999910593033,
      0.0625,
      0.1111111119389534,
      0.25,
      1.0,
      0.25,
      0.1111111119389534,
      0.0625,
      0.1111111119389534,
      0.25,
      1.0,
      1.0,
      1.0
    ],
    [
      1.0,
      0.25,
      0.25,
      1.0,
      0.25,
      0.1111111119389534,
      0.1111111119389534,
      0.0625,
      0.1111111119389534,
      0.1111111119389534,
      0.25,
      0.25,
      0.1111111119389534,
      0.0625,
      0.03999999910593033,
      0.0625,
      0.1111111119389534,
      0.25,
      1.0,
      1.0
    ]
  ],
  "graphDistance": [
    [
      0.0,
      1.0,
      2.0,
      2.0,
      3.0,
      4.0,
      3.0,
      3.0,
      2.0,
      2.0,
      1.0,
      2.0,
      3.0,
      3.0,
      4.0,
      5.0,
      4.0,
      3.0,
      2.0,
      1.0
    ],
    [
      1.0,
      0.0,
      1.0,
      2.0,
      3.0,
      3.0,
      2.0,
      2.0,
      1.0,
      2.0,
      2.0,
      3.0,
      4.0,
      3.0,
      3.0,
      4.0,
      5.0,
      4.0,
      3.0,
      2.0
    ],
    [
      2.0,
      1.0,
      0.0,
      1.0,
      2.0,
      2.0,
      1.0,
      2.0,
      2.0,
      3.0,
      3.0,
      4.0,
      5.0,
      4.0,
      3.0,
      3.0,
      4.0,
      3.0,
      3.0,
      2.0
    ],
    [
      2.0,
      2.0,
      1.0,
      0.0,
      1.0,
      2.0,
      2.0,
      3.0,
      3.0,
      4.0,
      3.0,
      3.0,
      4.0,
      5.0,
      4.0,
      3.0,
      3.0,
      2.0,
      2.0,
      1.0
    ],
    [
      3.0,
      3.0,
      2.0,
      1.0,
      0.0,
      1.0,
      2.0,
      3.0,
      4.0,
      5.0,
      4.0,
      3.0,
      3.0,
      4.0,
      3.0,
      2.0,
      2.0,
      1.0,
      2.0,
      2.0
    ],
    [
      4.0,
      3.0,
      2.0,
      2.0,
      1.0,
      0.0,
      1.0,
      2.0,
      3.0,
      4.0,
      5.0,
      4.0,
      3.0,
      3.0,
      2.0,
      1.0,
      2.0,
      2.0,
      3.0,
      3.0
    ],
    [
      3.0,
      2.0,
      1.0,
      2.0,
      2.0,
      1.0,
      0.0,
      1.0,
      2.0,
      3.0,
      4.0,
      5.0,
      4.0,
      3.0,
      2.0,
      2.0,
      3.0,
      3.0,
      4.0,
      3.0
    ],
    [
      3.0,
      2.0,
      2.0,
      3.0,
      3.0,
      2.0,
      1.0,
      0.0,
      1.0,
      2.0,
      3.0,
      4.0,
      3.0,
      2.0,
      1.0,
      2.0,
      3.0,
      4.0,
      5.0,
      4.0
    ],
    [
      2.0,
      1.0,
      2.0,
      3.0,
      4.0,
      3.0,
      2.0,
      1.0,
      0.0,
      1.0,
      2.0,
      3.0,
      3.0,
      2.0,
      2.0,
      3.0,
      4.0,
      5.0,
      4.0,
      3.0
    ],
    [
      2.0,
      2.0,
      3.0,
      4.0,
      5.0,
      4.0,
      3.0,
      2.0,
      1.0,
      0.0,
      1.0,
      2.0,
      2.0,
      1.0,
      2.0,
      3.0,
      3.0,
      4.0,
      3.0,
      3.0
    ],
    [
      1.0,
      2.0,
      3.0,
      3.0,
      4.0,
      5.0,
      4.0,
      3.0,
      2.0,
      1.0,
      0.0,
      1.0,
      2.0,
      2.0,
      3.0,
      4.0,
      3.0,
      3.0,
      2.0,
      2.0
    ],
    [
      2.0,
      3.0,
      4.0,
      3.0,
      3.0,
      4.0,
      5.0,
      4.0,
      3.0,
      2.0,
      1.0,
      0.0,
      1.0,
      2.0,
      3.0,
      3.0,
      2.0,
      2.0,
      1.0,
      2.0
    ],
    [
      3.0,
      4.0,
      5.0,
      4.0,
      3.0,
      3.0,
      4.0,
      3.0,
      3.0,
      2.0,
      2.0,
      1.0,
      0.0,
      1.0,
      2.0,
      2.0,
      1.0,
      2.0,
      2.0,
      3.0
    ],
    [
      3.0,
      3.0,
      4.0,
      5.0,
      4.0,
      3.0,
      3.0,
      2.0,
      2.0,
      1.0,
      2.0,
      2.0,
      1.0,
      0.0,
      1.0,
      2.0,
      2.0,
      3.0,
      3.0,
      4.0
    ],
    [
      4.0,
      3.0,
      3.0,
      4.0,
      3.0,
      2.0,
      2.0,
      1.0,
      2.0,
      2.0,
      3.0,
      3.0,
      2.0,
      1.0,
      0.0,
      1.0,
      2.0,
      3.0,
      4.0,
      5.0
    ],
    [
      5.0,
      4.0,
      3.0,
      3.0,
      2.0,
      1.0,
      2.0,
      2.0,
      3.0,
      3.0,
      4.0,
      3.0,
      2.0,
      2.0,
      1.0,
      0.0,
      1.0,
      2.0,
      3.0,
      4.0
    ],
    [
      4.0,
      5.0,
      4.0,
      3.0,
      2.0,
      2.0,
      3.0,
      3.0,
      4.0,
      3.0,
      3.0,
      2.0,
      1.0,
      2.0,
      2.0,
      1.0,
      0.0,
      1.0,
      2.0,
      3.0
    ],
    [
      3.0,
      4.0,
      3.0,
      2.0,
      1.0,
      2.0,
      3.0,
      4.0,
      5.0,
      4.0,
      3.0,
      2.0,
      2.0,
      3.0,
      3.0,
      2.0,
      1.0,
      0.0,
      1.0,
      2.0
    ],
    [
      2.0,
      3.0,
      3.0,
      2.0,
      2.0,
      3.0,
      4.0,
      5.0,
      4.0,
      3.0,
      2.0,
      1.0,
      2.0,
      3.0,
      4.0,
      3.0,
      2.0,
      1.0,
      0.0,
      1.0
    ],
    [
      1.0,
      2.0,
      2.0,
      1.0,
      2.0,
      3.0,
      3.0,
      4.0,
      3.0,
      3.0,
      2.0,
      2.0,
      3.0,
      4.0,
      5.0,
      4.0,
      3.0,
      2.0,
      1.0,
      0.0
    ]
  ],
  "initPosition_neato": [
    [
      179.9,
      -53.851
    ],
    [
      150.1,
      -169.34
    ],
    [
      65.131,
      -86.263
    ],
    [
      88.76,
      29.475
    ],
    [
      -1.8157,
      51.342
    ],
    [
      -71.787,
      20.39
    ],
    [
      -54.532,
      -88.368
    ],
    [
      -138.24,
      -175.07
    ],
    [
      7.1273,
      -176.07
    ],
    [
      1.8676,
      -50.874
    ],
    [
      72.225,
      -20.473
    ],
    [
      54.625,
      88.221
    ],
    [
      -65.18,
      86.209
    ],
    [
      -88.896,
      -29.514
    ],
    [
      -181.75,
      -73.988
    ],
    [
      -179.81,
      53.755
    ],
    [
      -150.18,
      169.29
    ],
    [
      -7.2783,
      176.1
    ],
    [
      138.1,
      175.12
    ],
    [
      181.77,
      74.103
    ]
  ],
  "initPosition_sfdp": [
    [
      273.42,
      18.0
    ],
    [
      419.15,
      83.105
    ],
    [
      525.89,
      193.74
    ],
    [
      415.46,
      195.02
    ],
    [
      355.31,
      343.63
    ],
    [
      425.12,
      467.58
    ],
    [
      528.05,
      354.03
    ],
    [
      417.31,
      356.87
    ],
    [
      352.84,
      208.5
    ],
    [
      200.72,
      208.97
    ],
    [
      130.0,
      86.991
    ],
    [
      27.0,
      201.14
    ],
    [
      29.476,
      361.11
    ],
    [
      139.92,
      357.65
    ],
    [
      279.61,
      442.98
    ],
    [
      281.68,
      537.27
    ],
    [
      135.96,
      472.26
    ],
    [
      203.2,
      348.02
    ],
    [
      137.49,
      201.81
    ],
    [
      274.89,
      112.71
    ]
  ]
}