{
  "nodes": [
    {
      "index": 0,
      "id": "0",
      "x": 577.83,
      "y": 359.18
    },
    {
      "index": 1,
      "id": "1",
      "x": 226.46,
      "y": 119.43
    },
    {
      "index": 2,
      "id": "2",
      "x": 109.75,
      "y": 150.21
    },
    {
      "index": 3,
      "id": "3",
      "x": 27.0,
      "y": 353.87
    },
    {
      "index": 4,
      "id": "4",
      "x": 90.288,
      "y": 362.93
    },
    {
      "index": 5,
      "id": "5",
      "x": 277.52,
      "y": 204.44
    },
    {
      "index": 6,
      "id": "6",
      "x": 59.89,
      "y": 18.176
    },
    {
      "index": 7,
      "id": "7",
      "x": 425.7,
      "y": 37.798
    },
    {
      "index": 8,
      "id": "8",
      "x": 320.76,
      "y": 51.804
    },
    {
      "index": 9,
      "id": "9",
      "x": 72.827,
      "y": 255.82
    },
    {
      "index": 10,
      "id": "10",
      "x": 48.283,
      "y": 81.392
    },
    {
      "index": 11,
      "id": "11",
      "x": 387.04,
      "y": 364.76
    },
    {
      "index": 12,
      "id": "12",
      "x": 501.99,
      "y": 311.4
    },
    {
      "index": 13,
      "id": "13",
      "x": 550.14,
      "y": 18.0
    },
    {
      "index": 14,
      "id": "14",
      "x": 516.82,
      "y": 85.019
    },
    {
      "index": 15,
      "id": "15",
      "x": 331.29,
      "y": 291.29
    },
    {
      "index": 16,
      "id": "16",
      "x": 639.84,
      "y": 334.96
    },
    {
      "index": 17,
      "id": "17",
      "x": 176.33,
      "y": 430.08
    },
    {
      "index": 18,
      "id": "18",
      "x": 286.29,
      "y": 429.29
    },
    {
      "index": 19,
      "id": "19",
      "x": 534.06,
      "y": 196.88
    }
  ],
  "edges": [
    {
      "source": "0",
      "target": "16"
    },
    {
      "source": "0",
      "target": "12"
    },
    {
      "source": "1",
      "target": "5"
    },
    {
      "source": "1",
      "target": "8"
    },
    {
      "source": "1",
      "target": "2"
    },
    {
      "source": "2",
      "target": "9"
    },
    {
      "source": "2",
      "target": "10"
    },
    {
      "source": "3",
      "target": "4"
    },
    {
      "source": "4",
      "target": "9"
    },
    {
      "source": "4",
      "target": "17"
    },
    {
      "source": "5",
      "target": "15"
    },
    {
      "source": "6",
      "target": "10"
    },
    {
      "source": "7",
      "target": "8"
    },
    {
      "source": "7",
      "target": "14"
    },
    {
      "source": "11",
      "target": "15"
    },
    {
      "source": "11",
      "target": "18"
    },
    {
      "source": "11",
      "target": "12"
    },
    {
      "source": "12",
      "target": "19"
    },
    {
      "source": "13",
      "target": "14"
    },
    {
      "source": "14",
      "target": "19"
    },
    {
      "source": "17",
      "target": "18"
    }
  ],
  "weight": [
    [
      1.0,
      0.03999999910593033,
      0.02777777798473835,
      0.02777777798473835,
      0.03999999910593033,
      0.0625,
      0.015625,
      0.0625,
      0.03999999910593033,
      0.02777777798473835,
      0.020408162847161293,
      0.25,
      1.0,
      0.0625,
      0.1111111119389534,
      0.1111111119389534,
      1.0,
      0.0625,
      0.1111111119389534,
      0.25
    ],
    [
      0.03999999910593033,
      1.0,
      1.0,
      0.0625,
      0.1111111119389534,
      1.0,
      0.1111111119389534,
      0.25,
      1.0,
      0.25,
      0.25,
      0.1111111119389534,
      0.0625,
      0.0625,
      0.1111111119389534,
      0.25,
      0.02777777798473835,
      0.0625,
      0.0625,
      0.0625
    ],
    [
      0.02777777798473835,
      1.0,
      1.0,
      0.1111111119389534,
      0.25,
      0.25,
      0.25,
      0.1111111119389534,
      0.25,
      1.0,
      1.0,
      0.0625,
      0.03999999910593033,
      0.03999999910593033,
      0.0625,
      0.1111111119389534,
      0.020408162847161293,
      0.1111111119389534,
      0.0625,
      0.03999999910593033
    ],
    [
      0.02777777798473835,
      0.0625,
      0.1111111119389534,
      1.0,
      1.0,
      0.03999999910593033,
      0.03999999910593033,
      0.02777777798473835,
      0.03999999910593033,
      0.25,
      0.0625,
      0.0625,
      0.03999999910593033,
      0.015625,
      0.020408162847161293,
      0.03999999910593033,
      0.020408162847161293,
      0.25,
      0.1111111119389534,
      0.02777777798473835
    ],
    [
      0.03999999910593033,
      0.1111111119389534,
      0.25,
      1.0,
      1.0,
      0.0625,
      0.0625,
      0.03999999910593033,
      0.0625,
      1.0,
      0.1111111119389534,
      0.1111111119389534,
      0.0625,
      0.020408162847161293,
      0.02777777798473835,
      0.0625,
      0.02777777798473835,
      1.0,
      0.25,
      0.03999999910593033
    ],
    [
      0.0625,
      1.0,
      0.25,
      0.03999999910593033,
      0.0625,
      1.0,
      0.0625,
      0.1111111119389534,
      0.25,
      0.1111111119389534,
      0.1111111119389534,
      0.25,
      0.1111111119389534,
      0.03999999910593033,
      0.0625,
      1.0,
      0.03999999910593033,
      0.0625,
      0.1111111119389534,
      0.0625
    ],
    [
      0.015625,
      0.1111111119389534,
      0.25,
      0.03999999910593033,
      0.0625,
      0.0625,
      1.0,
      0.03999999910593033,
      0.0625,
      0.1111111119389534,
      1.0,
      0.02777777798473835,
      0.020408162847161293,
      0.020408162847161293,
      0.02777777798473835,
      0.03999999910593033,
      0.012345679104328156,
      0.03999999910593033,
      0.02777777798473835,
      0.020408162847161293
    ],
    [
      0.0625,
      0.25,
      0.1111111119389534,
      0.02777777798473835,
      0.03999999910593033,
      0.1111111119389534,
      0.03999999910593033,
      1.0,
      1.0,
      0.0625,
      0.0625,
      0.0625,
      0.1111111119389534,
      0.25,
      1.0,
      0.0625,
      0.03999999910593033,
      0.02777777798473835,
      0.03999999910593033,
      0.25
    ],
    [
      0.03999999910593033,
      1.0,
      0.25,
      0.03999999910593033,
      0.0625,
      0.25,
      0.0625,
      1.0,
      1.0,
      0.1111111119389534,
      0.1111111119389534,
      0.0625,
      0.0625,
      0.1111111119389534,
      0.25,
      0.1111111119389534,
      0.02777777798473835,
      0.03999999910593033,
      0.03999999910593033,
      0.1111111119389534
    ],
    [
      0.02777777798473835,
      0.25,
      1.0,
      0.25,
      1.0,
      0.1111111119389534,
      0.1111111119389534,
      0.0625,
      0.1111111119389534,
      1.0,
      0.25,
      0.0625,
      0.03999999910593033,
      0.02777777798473835,
      0.03999999910593033,
      0.0625,
      0.020408162847161293,
      0.25,
      0.1111111119389534,
      0.02777777798473835
    ],
    [
      0.020408162847161293,
      0.25,
      1.0,
      0.0625,
      0.1111111119389534,
      0.1111111119389534,
      1.0,
      0.0625,
      0.1111111119389534,
      0.25,
      1.0,
      0.03999999910593033,
      0.02777777798473835,
      0.02777777798473835,
      0.03999999910593033,
      0.0625,
      0.015625,
      0.0625,
      0.03999999910593033,
      0.02777777798473835
    ],
    [
      0.25,
      0.1111111119389534,
      0.0625,
      0.0625,
      0.1111111119389534,
      0.25,
      0.02777777798473835,
      0.0625,
      0.0625,
      0.0625,
      0.03999999910593033,
      1.0,
      1.0,
      0.0625,
      0.1111111119389534,
      1.0,
      0.1111111119389534,
      0.25,
      1.0,
      0.25
    ],
    [
      1.0,
      0.0625,
      0.03999999910593033,
      0.03999999910593033,
      0.0625,
      0.1111111119389534,
      0.020408162847161293,
      0.1111111119389534,
      0.0625,
      0.03999999910593033,
      0.02777777798473835,
      1.0,
      1.0,
      0.1111111119389534,
      0.25,
      0.25,
      0.25,
      0.1111111119389534,
      0.25,
      1.0
    ],
    [
      0.0625,
      0.0625,
      0.03999999910593033,
      0.015625,
      0.020408162847161293,
      0.03999999910593033,
      0.020408162847161293,
      0.25,
      0.1111111119389534,
      0.02777777798473835,
      0.02777777798473835,
      0.0625,
      0.1111111119389534,
      1.0,
      1.0,
      0.03999999910593033,
      0.03999999910593033,
      0.02777777798473835,
      0.03999999910593033,
      0.25
    ],
    [
      0.1111111119389534,
      0.1111111119389534,
      0.0625,
      0.020408162847161293,
      0.02777777798473835,
      0.0625,
      0.02777777798473835,
      1.0,
      0.25,
      0.03999999910593033,
      0.03999999910593033,
      0.1111111119389534,
      0.25,
      1.0,
      1.0,
      0.0625,
      0.0625,
      0.03999999910593033,
      0.0625,
      1.0
    ],
    [
      0.1111111119389534,
      0.25,
      0.1111111119389534,
      0.03999999910593033,
      0.0625,
      1.0,
      0.03999999910593033,
      0.0625,
      0.1111111119389534,
      0.0625,
      0.0625,
      1.0,
      0.25,
      0.03999999910593033,
      0.0625,
      1.0,
      0.0625,
      0.1111111119389534,
      0.25,
      0.1111111119389534
    ],
    [
      1.0,
      0.02777777798473835,
      0.020408162847161293,
      0.020408162847161293,
      0.02777777798473835,
      0.03999999910593033,
      0.012345679104328156,
      0.03999999910593033,
      0.02777777798473835,
      0.020408162847161293,
      0.015625,
      0.1111111119389534,
      0.25,
      0.03999999910593033,
      0.0625,
      0.0625,
      1.0,
      0.03999999910593033,
      0.0625,
      0.1111111119389534
    ],
    [
      0.0625,
      0.0625,
      0.1111111119389534,
      0.25,
      1.0,
      0.0625,
      0.03999999910593033,
      0.02777777798473835,
      0.03999999910593033,
      0.25,
      0.0625,
      0.25,
      0.1111111119389534,
      0.02777777798473835,
      0.03999999910593033,
      0.1111111119389534,
      0.03999999910593033,
      1.0,
      1.0,
      0.0625
    ],
    [
      0.1111111119389534,
      0.0625,
      0.0625,
      0.1111111119389534,
      0.25,
      0.1111111119389534,
      0.02777777798473835,
      0.03999999910593033,
      0.03999999910593033,
      0.1111111119389534,
      0.03999999910593033,
      1.0,
      0.25,
      0.03999999910593033,
      0.0625,
      0.25,
      0.0625,
      1.0,
      1.0,
      0.1111111119389534
    ],
    [
      0.25,
      0.0625,
      0.03999999910593033,
      0.02777777798473835,
      0.03999999910593033,
      0.0625,
      0.020408162847161293,
      0.25,
      0.1111111119389534,
      0.02777777798473835,
      0.02777777798473835,
      0.25,
      1.0,
      0.25,
      1.0,
      0.1111111119389534,
      0.1111111119389534,
      0.0625,
      0.1111111119389534,
      1.0
    ]
  ],
  "graphDistance": [
    [
      0.0,
      5.0,
      6.0,
      6.0,
      5.0,
      4.0,
      8.0,
      4.0,
      5.0,
      6.0,
      7.0,
      2.0,
      1.0,
      4.0,
      3.0,
      3.0,
      1.0,
      4.0,
      3.0,
      2.0
    ],
    [
      5.0,
      0.0,
      1.0,
      4.0,
      3.0,
      1.0,
      3.0,
      2.0,
      1.0,
      2.0,
      2.0,
      3.0,
      4.0,
      4.0,
      3.0,
      2.0,
      6.0,
      4.0,
      4.0,
      4.0
    ],
    [
      6.0,
      1.0,
      0.0,
      3.0,
      2.0,
      2.0,
      2.0,
      3.0,
      2.0,
      1.0,
      1.0,
      4.0,
      5.0,
      5.0,
      4.0,
      3.0,
      7.0,
      3.0,
      4.0,
      5.0
    ],
    [
      6.0,
      4.0,
      3.0,
      0.0,
      1.0,
      5.0,
      5.0,
      6.0,
      5.0,
      2.0,
      4.0,
      4.0,
      5.0,
      8.0,
      7.0,
      5.0,
      7.0,
      2.0,
      3.0,
      6.0
    ],
    [
      5.0,
      3.0,
      2.0,
      1.0,
      0.0,
      4.0,
      4.0,
      5.0,
      4.0,
      1.0,
      3.0,
      3.0,
      4.0,
      7.0,
      6.0,
      4.0,
      6.0,
      1.0,
      2.0,
      5.0
    ],
    [
      4.0,
      1.0,
      2.0,
      5.0,
      4.0,
      0.0,
      4.0,
      3.0,
      2.0,
      3.0,
      3.0,
      2.0,
      3.0,
      5.0,
      4.0,
      1.0,
      5.0,
      4.0,
      3.0,
      4.0
    ],
    [
      8.0,
      3.0,
      2.0,
      5.0,
      4.0,
      4.0,
      0.0,
      5.0,
      4.0,
      3.0,
      1.0,
      6.0,
      7.0,
      7.0,
      6.0,
      5.0,
      9.0,
      5.0,
      6.0,
      7.0
    ],
    [
      4.0,
      2.0,
      3.0,
      6.0,
      5.0,
      3.0,
      5.0,
      0.0,
      1.0,
      4.0,
      4.0,
      4.0,
      3.0,
      2.0,
      1.0,
      4.0,
      5.0,
      6.0,
      5.0,
      2.0
    ],
    [
      5.0,
      1.0,
      2.0,
      5.0,
      4.0,
      2.0,
      4.0,
      1.0,
      0.0,
      3.0,
      3.0,
      4.0,
      4.0,
      3.0,
      2.0,
      3.0,
      6.0,
      5.0,
      5.0,
      3.0
    ],
    [
      6.0,
      2.0,
      1.0,
      2.0,
      1.0,
      3.0,
      3.0,
      4.0,
      3.0,
      0.0,
      2.0,
      4.0,
      5.0,
      6.0,
      5.0,
      4.0,
      7.0,
      2.0,
      3.0,
      6.0
    ],
    [
      7.0,
      2.0,
      1.0,
      4.0,
      3.0,
      3.0,
      1.0,
      4.0,
      3.0,
      2.0,
      0.0,
      5.0,
      6.0,
      6.0,
      5.0,
      4.0,
      8.0,
      4.0,
      5.0,
      6.0
    ],
    [
      2.0,
      3.0,
      4.0,
      4.0,
      3.0,
      2.0,
      6.0,
      4.0,
      4.0,
      4.0,
      5.0,
      0.0,
      1.0,
      4.0,
      3.0,
      1.0,
      3.0,
      2.0,
      1.0,
      2.0
    ],
    [
      1.0,
      4.0,
      5.0,
      5.0,
      4.0,
      3.0,
      7.0,
      3.0,
      4.0,
      5.0,
      6.0,
      1.0,
      0.0,
      3.0,
      2.0,
      2.0,
      2.0,
      3.0,
      2.0,
      1.0
    ],
    [
      4.0,
      4.0,
      5.0,
      8.0,
      7.0,
      5.0,
      7.0,
      2.0,
      3.0,
      6.0,
      6.0,
      4.0,
      3.0,
      0.0,
      1.0,
      5.0,
      5.0,
      6.0,
      5.0,
      2.0
    ],
    [
      3.0,
      3.0,
      4.0,
      7.0,
      6.0,
      4.0,
      6.0,
      1.0,
      2.0,
      5.0,
      5.0,
      3.0,
      2.0,
      1.0,
      0.0,
      4.0,
      4.0,
      5.0,
      4.0,
      1.0
    ],
    [
      3.0,
      2.0,
      3.0,
      5.0,
      4.0,
      1.0,
      5.0,
      4.0,
      3.0,
      4.0,
      4.0,
      1.0,
      2.0,
      5.0,
      4.0,
      0.0,
      4.0,
      3.0,
      2.0,
      3.0
    ],
    [
      1.0,
      6.0,
      7.0,
      7.0,
      6.0,
      5.0,
      9.0,
      5.0,
      6.0,
      7.0,
      8.0,
      3.0,
      2.0,
      5.0,
      4.0,
      4.0,
      0.0,
      5.0,
      4.0,
      3.0
    ],
    [
      4.0,
      4.0,
      3.0,
      2.0,
      1.0,
      4.0,
      5.0,
      6.0,
      5.0,
      2.0,
      4.0,
      2.0,
      3.0,
      6.0,
      5.0,
      3.0,
      5.0,
      0.0,
      1.0,
      4.0
    ],
    [
      3.0,
      4.0,
      4.0,
      3.0,
      2.0,
      3.0,
      6.0,
      5.0,
      5.0,
      3.0,
      5.0,
      1.0,
      2.0,
      5.0,
      4.0,
      2.0,
      4.0,
      1.0,
      0.0,
      3.0
    ],
    [
      2.0,
      4.0,
      5.0,
      6.0,
      5.0,
      4.0,
      7.0,
      2.0,
      3.0,
      6.0,
      6.0,
      2.0,
      1.0,
      2.0,
      1.0,
      3.0,
      3.0,
      4.0,
      3.0,
      0.0
    ]
  ]
}